{
  "index": 160,
  "background_scenario": "a",
  "best_fit_raw": 30313.915906369835,
  "best_fit_physical": 117512960444.64879,
  "levels": [
    0.678,
    0.954
  ],
  "band_raw": {
    "0.678000": [
      3624.6879376088546,
      37603.25022620163
    ],
    "0.954000": [
      799.9365487596375,
      43778.37195241548
    ]
  },
  "band_physical": {
    "0.678000": [
      14051230185.900229,
      145770321131.40253
    ],
    "0.954000": [
      3100982146.383384,
      169708397538.11905
    ]
  },
  "n_evaluations": 29
}