{
  "index": 140,
  "background_scenario": "a",
  "bkg_penalty": true,
  "best_fit_raw": 30313.91590636984,
  "best_fit_physical": 117512960444.6488,
  "levels": [
    0.678,
    0.954
  ],
  "band_raw": {
    "0.678000": [
      22652.248164425433,
      63016.074451784065
    ],
    "0.954000": [
      16294.354585488423,
      70628.01688641438
    ]
  },
  "band_physical": {
    "0.678000": [
      87812236160.79057,
      244284027418.36118
    ],
    "0.954000": [
      63165638243.16831,
      273791989800.73666
    ]
  },
  "n_evaluations": 23
}