{
  "index": 50,
  "background_scenario": "a",
  "bkg_penalty": true,
  "best_fit_raw": 222617.0751094531,
  "best_fit_physical": 862982915913.6616,
  "levels": [
    0.678,
    0.954
  ],
  "band_raw": {
    "0.678000": [
      179491.89919020893,
      249527.8363207885
    ],
    "0.954000": [
      170621.3781129151,
      255932.06716937263
    ]
  },
  "band_physical": {
    "0.678000": [
      695806655755.8054,
      967303427573.4087
    ],
    "0.954000": [
      661419769030.2795,
      992129653545.4194
    ]
  },
  "n_evaluations": 12
}