{
  "index": 60,
  "background_scenario": "a",
  "bkg_penalty": true,
  "best_fit_raw": 196741.99554360847,
  "best_fit_physical": 762677260553.4346,
  "levels": [
    0.678,
    0.954
  ],
  "band_raw": {
    "0.678000": [
      158629.31634166627,
      220524.88308587158
    ],
    "0.954000": [
      147016.5887239144,
      231989.86270985764
    ]
  },
  "band_physical": {
    "0.678000": [
      614932120092.8347,
      854872460000.6372
    ],
    "0.954000": [
      569914973333.7582,
      899316856469.0286
    ]
  },
  "n_evaluations": 13
}