{
  "index": 0,
  "background_scenario": "a",
  "bkg_penalty": true,
  "best_fit_raw": 316876.2928132606,
  "best_fit_physical": 1228382086241.357,
  "levels": [
    0.678,
    0.954
  ],
  "band_raw": {
    "0.678000": [
      305081.62769267877,
      11272486.674864992
    ],
    "0.954000": [
      297447.519184843,
      15720617.159099398
    ]
  },
  "band_physical": {
    "0.678000": [
      1182659652358.0605,
      43698190785634.86
    ],
    "0.954000": [
      1153065762413.84,
      60941524944803.555
    ]
  },
  "n_evaluations": 28
}