{
  "index": 60,
  "background_scenario": "a",
  "best_fit_raw": 196741.99554360847,
  "best_fit_physical": 762677260553.4346,
  "levels": [
    0.678,
    0.954
  ],
  "band_raw": {
    "0.678000": [
      158629.31634166627,
      220524.88308587158
    ],
    "0.954000": [
      150789.82776065613,
      226184.74164098417
    ]
  },
  "band_physical": {
    "0.678000": [
      614932120092.8347,
      854872460000.6372
    ],
    "0.954000": [
      584542067076.5254,
      876813100614.7881
    ]
  },
  "n_evaluations": 12
}