{
  "index": 70,
  "background_scenario": "a",
  "best_fit_raw": 166592.59856035802,
  "best_fit_physical": 645802063496.5525,
  "levels": [
    0.678,
    0.954
  ],
  "band_raw": {
    "0.678000": [
      137767.82009615947,
      196438.96546698126
    ],
    "0.954000": [
      127682.29362372449,
      201480.64939714718
    ]
  },
  "band_physical": {
    "0.678000": [
      534061796684.723,
      761502553810.887
    ],
    "0.954000": [
      494964898841.5226,
      781046818764.6443
    ]
  },
  "n_evaluations": 14
}