{
  "index": 25,
  "background_scenario": "a",
  "best_fit_raw": 291339.49888845946,
  "best_fit_physical": 1129387807058.2534,
  "levels": [
    0.678,
    0.954
  ],
  "band_raw": {
    "0.678000": [
      240930.31753285526,
      326557.67647956614
    ],
    "0.954000": [
      234901.47797019914,
      334938.9087155713
    ]
  },
  "band_physical": {
    "0.678000": [
      933974843817.7144,
      1265912310292.3176
    ],
    "0.954000": [
      910603835359.3622,
      1298402451627.7078
    ]
  },
  "n_evaluations": 14
}