{
  "index": 80,
  "background_scenario": "a",
  "bkg_penalty": true,
  "best_fit_raw": 144032.01584312422,
  "best_fit_physical": 558345171663.5367,
  "levels": [
    0.678,
    0.954
  ],
  "band_raw": {
    "0.678000": [
      113224.31861059414,
      174195.39845606507
    ],
    "0.954000": [
      102309.72115389231,
      183251.7310836771
    ]
  },
  "band_physical": {
    "0.678000": [
      438918050553.25183,
      675274584505.4622
    ],
    "0.954000": [
      396607229900.44556,
      710381776236.456
    ]
  },
  "n_evaluations": 16
}