{
  "index": 130,
  "background_scenario": "a",
  "best_fit_raw": 54007.169454988485,
  "best_fit_physical": 209360690565.15106,
  "levels": [
    0.678,
    0.954
  ],
  "band_raw": {
    "0.678000": [
      36466.81810868968,
      74140.85229364748
    ],
    "0.954000": [
      29029.966698338227,
      79997.18136853132
    ]
  },
  "band_physical": {
    "0.678000": [
      141364902086.0476,
      287409619721.38983
    ],
    "0.954000": [
      112535686213.1579,
      310111885210.7211
    ]
  },
  "n_evaluations": 17
}