{
  "index": 16,
  "background_scenario": "a",
  "bkg_penalty": true,
  "best_fit_raw": 316876.28539091087,
  "best_fit_physical": 1228382057468.3574,
  "levels": [
    0.678,
    0.954
  ],
  "band_raw": {
    "0.678000": [
      262048.58712650172,
      373647.1501202848
    ],
    "0.954000": [
      249098.10008018988,
      403161.25201285776
    ]
  },
  "band_physical": {
    "0.678000": [
      1015840558134.621,
      1448456309899.3867
    ],
    "0.954000": [
      965637539932.9246,
      1562868763208.742
    ]
  },
  "n_evaluations": 17
}