{
  "index": 13,
  "background_scenario": "a",
  "best_fit_raw": 316876.2853907216,
  "best_fit_physical": 1228382057467.6238,
  "levels": [
    0.678,
    0.954
  ],
  "band_raw": {
    "0.678000": [
      268774.1680084113,
      424121.40614499873
    ],
    "0.954000": [
      249098.1000800411,
      469367.49193854694
    ]
  },
  "band_physical": {
    "0.678000": [
      1041912508805.2057,
      1644121537381.8884
    ],
    "0.954000": [
      965637539932.3478,
      1819519579210.4324
    ]
  },
  "n_evaluations": 16
}