{
  "index": 40,
  "background_scenario": "a",
  "best_fit_raw": 248255.60365435862,
  "best_fit_physical": 962371572927.2345,
  "levels": [
    0.678,
    0.954
  ],
  "band_raw": {
    "0.678000": [
      210570.1701323336,
      271302.5557323097
    ],
    "0.954000": [
      200163.75546495733,
      278265.6433875358
    ]
  },
  "band_physical": {
    "0.678000": [
      816282665361.1022,
      1051713892681.3407
    ],
    "0.954000": [
      775941833152.0562,
      1078706546706.2623
    ]
  },
  "n_evaluations": 16
}