{
  "index": 150,
  "background_scenario": "a",
  "bkg_penalty": true,
  "best_fit_raw": 30313.915906369824,
  "best_fit_physical": 117512960444.64874,
  "levels": [
    0.678,
    0.954
  ],
  "band_raw": {
    "0.678000": [
      7345.546450504096,
      54993.446726023394
    ],
    "0.954000": [
      4424.966993523123,
      59337.336916469474
    ]
  },
  "band_physical": {
    "0.678000": [
      28475268986.974903,
      213184029070.69293
    ],
    "0.954000": [
      17153540073.30653,
      230023272067.29056
    ]
  },
  "n_evaluations": 27
}