{
  "index": 110,
  "background_scenario": "a",
  "bkg_penalty": true,
  "best_fit_raw": 85257.56773326738,
  "best_fit_physical": 330503957838.7548,
  "levels": [
    0.678,
    0.954
  ],
  "band_raw": {
    "0.678000": [
      59045.267843831694,
      108473.08345751336
    ],
    "0.954000": [
      52018.35073229205,
      117041.28914765711
    ]
  },
  "band_physical": {
    "0.678000": [
      228891056041.95096,
      420499720492.17633
    ],
    "0.954000": [
      201650964886.23627,
      453714670994.0316
    ]
  },
  "n_evaluations": 18
}