{
  "index": 70,
  "background_scenario": "a",
  "bkg_penalty": true,
  "best_fit_raw": 166592.59856035802,
  "best_fit_physical": 645802063496.5525,
  "levels": [
    0.678,
    0.954
  ],
  "band_raw": {
    "0.678000": [
      134320.43293143145,
      196438.96546698126
    ],
    "0.954000": [
      124487.27827185034,
      206651.7301442392
    ]
  },
  "band_physical": {
    "0.678000": [
      520697879176.4295,
      761502553810.887
    ],
    "0.954000": [
      482579309535.7893,
      801092695027.0845
    ]
  },
  "n_evaluations": 15
}