{
  "index": 5,
  "background_scenario": "a",
  "bkg_penalty": true,
  "best_fit_raw": 316876.2853907184,
  "best_fit_physical": 1228382057467.6113,
  "levels": [
    0.678,
    0.954
  ],
  "band_raw": {
    "0.678000": [
      262048.5871263425,
      1198737.3686256162
    ],
    "0.954000": [
      249098.10008003854,
      1584115.2852925803
    ]
  },
  "band_physical": {
    "0.678000": [
      1015840558134.0037,
      4646947541120.021
    ],
    "0.954000": [
      965637539932.3379,
      6140878579835.148
    ]
  },
  "n_evaluations": 20
}