{
  "index": 1,
  "background_scenario": "a",
  "bkg_penalty": true,
  "best_fit_raw": 316876.28539071843,
  "best_fit_physical": 1228382057467.6116,
  "levels": [
    0.678,
    0.954
  ],
  "band_raw": {
    "0.678000": [
      262048.58712634255,
      5082169.603277022
    ],
    "0.954000": [
      249098.1000800386,
      7065181.162171198
    ]
  },
  "band_physical": {
    "0.678000": [
      1015840558134.0039,
      19701209088509.598
    ],
    "0.954000": [
      965637539932.338,
      27388423092842.387
    ]
  },
  "n_evaluations": 25
}