{
  "index": 30,
  "background_scenario": "a",
  "bkg_penalty": true,
  "best_fit_raw": 254259.8087290921,
  "best_fit_physical": 985647084927.3339,
  "levels": [
    0.678,
    0.954
  ],
  "band_raw": {
    "0.678000": [
      232697.9808227846,
      299812.4419583941
    ],
    "0.954000": [
      221198.00587770456,
      323494.3968663134
    ]
  },
  "band_physical": {
    "0.678000": [
      902061901221.7931,
      1162233468664.703
    ],
    "0.954000": [
      857481844161.2114,
      1254037399207.4246
    ]
  },
  "n_evaluations": 16
}