{
  "index": 120,
  "background_scenario": "a",
  "best_fit_raw": 66902.59085051468,
  "best_fit_physical": 259350244836.20193,
  "levels": [
    0.678,
    0.954
  ],
  "band_raw": {
    "0.678000": [
      47522.66622335036,
      89545.42266006584
    ],
    "0.954000": [
      42941.57641630128,
      96618.5469366779
    ]
  },
  "band_physical": {
    "0.678000": [
      184223285878.92352,
      347125978166.3688
    ],
    "0.954000": [
      166464530231.78452,
      374545193021.51526
    ]
  },
  "n_evaluations": 18
}