{
  "index": 100,
  "background_scenario": "a",
  "best_fit_raw": 99351.84983786115,
  "best_fit_physical": 385140937784.48395,
  "levels": [
    0.678,
    0.954
  ],
  "band_raw": {
    "0.678000": [
      76146.6726174027,
      126405.21874652868
    ],
    "0.954000": [
      70572.22655347706,
      132976.9635628727
    ]
  },
  "band_physical": {
    "0.678000": [
      295185252704.3589,
      490014273195.1266
    ],
    "0.954000": [
      273575716614.25998,
      515489872950.7189
    ]
  },
  "n_evaluations": 14
}