{
  "index": 3,
  "background_scenario": "a",
  "best_fit_raw": 316876.2853907184,
  "best_fit_physical": 1228382057467.6113,
  "levels": [
    0.678,
    0.954
  ],
  "band_raw": {
    "0.678000": [
      268774.1680084085,
      1983568.2721864358
    ],
    "0.954000": [
      249098.10008003854,
      2740121.845199814
    ]
  },
  "band_physical": {
    "0.678000": [
      1041912508805.1948,
      7689372122976.858
    ],
    "0.954000": [
      965637539932.3379,
      10622178639112.154
    ]
  },
  "n_evaluations": 25
}