{
  "index": 150,
  "background_scenario": "a",
  "best_fit_raw": 30313.915906369824,
  "best_fit_physical": 117512960444.64874,
  "levels": [
    0.678,
    0.954
  ],
  "band_raw": {
    "0.678000": [
      9097.163034507663,
      53617.33652659423
    ],
    "0.954000": [
      6220.430220338718,
      56404.87533930242
    ]
  },
  "band_physical": {
    "0.678000": [
      35265472238.37831,
      207849489516.8962
    ],
    "0.954000": [
      24113716376.634842,
      218655481697.10373
    ]
  },
  "n_evaluations": 22
}