{
  "index": 20,
  "background_scenario": "a",
  "best_fit_raw": 316876.28539091087,
  "best_fit_physical": 1228382057468.3574,
  "levels": [
    0.678,
    0.954
  ],
  "band_raw": {
    "0.678000": [
      262048.58712650172,
      337628.3134917978
    ],
    "0.954000": [
      249098.10008018988,
      355181.44255595386
    ]
  },
  "band_physical": {
    "0.678000": [
      1015840558134.621,
      1308828023766.408
    ],
    "0.954000": [
      965637539932.9246,
      1376873345517.8796
    ]
  },
  "n_evaluations": 16
}