{
  "index": 30,
  "background_scenario": "a",
  "best_fit_raw": 254259.8087290921,
  "best_fit_physical": 985647084927.3339,
  "levels": [
    0.678,
    0.954
  ],
  "band_raw": {
    "0.678000": [
      232697.9808227846,
      299812.4419583941
    ],
    "0.954000": [
      221198.00587770456,
      315399.54256115004
    ]
  },
  "band_physical": {
    "0.678000": [
      902061901221.7931,
      1162233468664.703
    ],
    "0.954000": [
      857481844161.2114,
      1222657411986.177
    ]
  },
  "n_evaluations": 16
}