{
  "index": 0,
  "background_scenario": "a",
  "best_fit_raw": 316876.28539071843,
  "best_fit_physical": 1228382057467.6116,
  "levels": [
    0.678,
    0.954
  ],
  "band_raw": {
    "0.678000": [
      312911.66129236156,
      10580482.207438305
    ],
    "0.954000": [
      297447.5122174024,
      15230440.059129447
    ]
  },
  "band_physical": {
    "0.678000": [
      1213013052806.943,
      41015611145993.35
    ],
    "0.954000": [
      1153065735404.3118,
      59041336188670.68
    ]
  },
  "n_evaluations": 29
}