{
  "index": 50,
  "background_scenario": "a",
  "best_fit_raw": 222617.0751094531,
  "best_fit_physical": 862982915913.6616,
  "levels": [
    0.678,
    0.954
  ],
  "band_raw": {
    "0.678000": [
      184098.6299454386,
      243283.8596100136
    ],
    "0.954000": [
      175000.44342783213,
      255932.06716937263
    ]
  },
  "band_physical": {
    "0.678000": [
      713664809439.7607,
      943098432399.017
    ],
    "0.954000": [
      678395369633.1779,
      992129653545.4194
    ]
  },
  "n_evaluations": 16
}