{
  "index": 90,
  "background_scenario": "a",
  "bkg_penalty": true,
  "best_fit_raw": 122363.98651656727,
  "best_fit_physical": 474348294419.7713,
  "levels": [
    0.678,
    0.954
  ],
  "band_raw": {
    "0.678000": [
      91437.19331817667,
      151787.83295005374
    ],
    "0.954000": [
      82622.83108676513,
      159679.20732735572
    ]
  },
  "band_physical": {
    "0.678000": [
      354459493611.9998,
      588410869269.7977
    ],
    "0.954000": [
      320290308626.334,
      619002059399.046
    ]
  },
  "n_evaluations": 14
}