{
  "index": 16,
  "background_scenario": "a",
  "best_fit_raw": 316876.28539091087,
  "best_fit_physical": 1228382057468.3574,
  "levels": [
    0.678,
    0.954
  ],
  "band_raw": {
    "0.678000": [
      268774.16800857184,
      364297.3150966718
    ],
    "0.954000": [
      249098.10008018988,
      403161.25201285776
    ]
  },
  "band_physical": {
    "0.678000": [
      1041912508805.828,
      1412211345814.6592
    ],
    "0.954000": [
      965637539932.9246,
      1562868763208.742
    ]
  },
  "n_evaluations": 17
}