{
  "index": 140,
  "background_scenario": "a",
  "best_fit_raw": 30313.91590636984,
  "best_fit_physical": 117512960444.6488,
  "levels": [
    0.678,
    0.954
  ],
  "band_raw": {
    "0.678000": [
      24441.531878232636,
      60860.25319369297
    ],
    "0.954000": [
      19457.054201073548,
      67352.94183784377
    ]
  },
  "band_physical": {
    "0.678000": [
      94748457364.75247,
      235926910541.40375
    ],
    "0.954000": [
      75425954461.38625,
      261096046266.92676
    ]
  },
  "n_evaluations": 19
}