{
  "index": 90,
  "background_scenario": "a",
  "best_fit_raw": 122363.98651656727,
  "best_fit_physical": 474348294419.7713,
  "levels": [
    0.678,
    0.954
  ],
  "band_raw": {
    "0.678000": [
      93783.9651364655,
      147989.62066282536
    ],
    "0.954000": [
      86918.3512186903,
      155683.52786149748
    ]
  },
  "band_physical": {
    "0.678000": [
      363556837046.8427,
      573686965843.792
    ],
    "0.954000": [
      336942043391.02814,
      603512667514.7653
    ]
  },
  "n_evaluations": 16
}