{
  "index": 1,
  "background_scenario": "a",
  "best_fit_raw": 316876.28539071843,
  "best_fit_physical": 1228382057467.6116,
  "levels": [
    0.678,
    0.954
  ],
  "band_raw": {
    "0.678000": [
      268774.1680084086,
      4710120.774780797
    ],
    "0.954000": [
      249098.1000800386,
      6716018.672405989
    ]
  },
  "band_physical": {
    "0.678000": [
      1041912508805.1953,
      18258948728561.582
    ],
    "0.954000": [
      965637539932.338,
      26034882429364.06
    ]
  },
  "n_evaluations": 25
}