{
  "index": 8,
  "background_scenario": "a",
  "best_fit_raw": 316876.2853907184,
  "best_fit_physical": 1228382057467.6113,
  "levels": [
    0.678,
    0.954
  ],
  "band_raw": {
    "0.678000": [
      268774.1680084085,
      684238.6434026747
    ],
    "0.954000": [
      249098.10008003854,
      859525.8276107585
    ]
  },
  "band_physical": {
    "0.678000": [
      1041912508805.1948,
      2652475149869.464
    ],
    "0.954000": [
      965637539932.3379,
      3331982080215.275
    ]
  },
  "n_evaluations": 22
}