{
  "index": 2,
  "background_scenario": "a",
  "bkg_penalty": true,
  "best_fit_raw": 316876.28539071843,
  "best_fit_physical": 1228382057467.6116,
  "levels": [
    0.678,
    0.954
  ],
  "band_raw": {
    "0.678000": [
      262048.58712634255,
      3076029.3811977915
    ],
    "0.954000": [
      249098.1000800386,
      4195757.210577745
    ]
  },
  "band_physical": {
    "0.678000": [
      1015840558134.0039,
      11924336008444.145
    ],
    "0.954000": [
      965637539932.338,
      16265000293755.09
    ]
  },
  "n_evaluations": 27
}