{
  "index": 130,
  "background_scenario": "a",
  "bkg_penalty": true,
  "best_fit_raw": 54007.169454988485,
  "best_fit_physical": 209360690565.15106,
  "levels": [
    0.678,
    0.954
  ],
  "band_raw": {
    "0.678000": [
      31323.021508998325,
      77995.39854238364
    ],
    "0.954000": [
      26231.536073345495,
      86316.09738667679
    ]
  },
  "band_physical": {
    "0.678000": [
      121424793779.9533,
      302351903729.1324
    ],
    "0.954000": [
      101687471539.81827,
      334607385244.003
    ]
  },
  "n_evaluations": 20
}