{
  "index": 120,
  "background_scenario": "a",
  "bkg_penalty": true,
  "best_fit_raw": 66902.59085051468,
  "best_fit_physical": 259350244836.20193,
  "levels": [
    0.678,
    0.954
  ],
  "band_raw": {
    "0.678000": [
      45174.087739946444,
      91843.64143439071
    ],
    "0.954000": [
      37831.14319895553,
      99098.30024981835
    ]
  },
  "band_physical": {
    "0.678000": [
      175118938843.26376,
      356035104019.8068
    ],
    "0.954000": [
      146653756249.9652,
      384158043895.0089
    ]
  },
  "n_evaluations": 17
}