{
  "index": 8,
  "background_scenario": "a",
  "bkg_penalty": true,
  "best_fit_raw": 316876.2853907184,
  "best_fit_physical": 1228382057467.6113,
  "levels": [
    0.678,
    0.954
  ],
  "band_raw": {
    "0.678000": [
      262048.5871263425,
      710748.8300999454
    ],
    "0.954000": [
      249098.10008003854,
      876018.3611119699
    ]
  },
  "band_physical": {
    "0.678000": [
      1015840558134.0037,
      2755242820346.5737
    ],
    "0.954000": [
      965637539932.3379,
      3395915965990.575
    ]
  },
  "n_evaluations": 22
}