{
  "index": 4,
  "background_scenario": "a",
  "best_fit_raw": 316876.2853907184,
  "best_fit_physical": 1228382057467.6113,
  "levels": [
    0.678,
    0.954
  ],
  "band_raw": {
    "0.678000": [
      268774.1680084085,
      1484442.6549224202
    ],
    "0.954000": [
      249098.10008003854,
      2005654.657992355
    ]
  },
  "band_physical": {
    "0.678000": [
      1041912508805.1948,
      5754494125042.836
    ],
    "0.954000": [
      965637539932.3379,
      7774990773816.714
    ]
  },
  "n_evaluations": 25
}