{
  "index": 40,
  "background_scenario": "a",
  "bkg_penalty": true,
  "best_fit_raw": 248255.60365435862,
  "best_fit_physical": 962371572927.2345,
  "levels": [
    0.678,
    0.954
  ],
  "band_raw": {
    "0.678000": [
      205301.03760717547,
      271302.5557323097
    ],
    "0.954000": [
      195155.02439153235,
      285407.4414480638
    ]
  },
  "band_physical": {
    "0.678000": [
      795856687934.794,
      1051713892681.3407
    ],
    "0.954000": [
      756525311105.6388,
      1106391977898.4148
    ]
  },
  "n_evaluations": 16
}