{
  "index": 13,
  "background_scenario": "a",
  "bkg_penalty": true,
  "best_fit_raw": 316876.2853907216,
  "best_fit_physical": 1228382057467.6238,
  "levels": [
    0.678,
    0.954
  ],
  "band_raw": {
    "0.678000": [
      262048.58712634517,
      435006.65018361097
    ],
    "0.954000": [
      249098.1000800411,
      481413.99470760475
    ]
  },
  "band_physical": {
    "0.678000": [
      1015840558134.014,
      1686318568477.7952
    ],
    "0.954000": [
      965637539932.3478,
      1866218270589.3042
    ]
  },
  "n_evaluations": 19
}