{
  "index": 100,
  "background_scenario": "a",
  "bkg_penalty": true,
  "best_fit_raw": 99351.84983786115,
  "best_fit_physical": 385140937784.48395,
  "levels": [
    0.678,
    0.954
  ],
  "band_raw": {
    "0.678000": [
      74241.24171463632,
      126405.21874652868
    ],
    "0.954000": [
      67084.53476382817,
      136389.87005361618
    ]
  },
  "band_physical": {
    "0.678000": [
      287798782840.20825,
      490014273195.1266
    ],
    "0.954000": [
      260055556810.8868,
      528720124914.43
    ]
  },
  "n_evaluations": 15
}