{
  "index": 80,
  "background_scenario": "a",
  "best_fit_raw": 144032.01584312422,
  "best_fit_physical": 558345171663.5367,
  "levels": [
    0.678,
    0.954
  ],
  "band_raw": {
    "0.678000": [
      116130.26563737671,
      169836.4779158912
    ],
    "0.954000": [
      107628.75296541044,
      178666.19242006814
    ]
  },
  "band_physical": {
    "0.678000": [
      450183056336.97473,
      658377075829.8778
    ],
    "0.954000": [
      417226643664.12286,
      692605774440.5001
    ]
  },
  "n_evaluations": 15
}