{
  "index": 160,
  "background_scenario": "a",
  "bkg_penalty": true,
  "best_fit_raw": 30313.915906369835,
  "best_fit_physical": 117512960444.64879,
  "levels": [
    0.678,
    0.954
  ],
  "band_raw": {
    "0.678000": [
      2987.6842763840164,
      40573.50212912864
    ],
    "0.954000": [
      105.0040623818085,
      46054.38786219506
    ]
  },
  "band_physical": {
    "0.678000": [
      11581863104.596113,
      157284607027.60248
    ],
    "0.954000": [
      407051938.3676208,
      178531453206.79025
    ]
  },
  "n_evaluations": 39
}