{
  "index": 110,
  "background_scenario": "a",
  "best_fit_raw": 85257.56773326738,
  "best_fit_physical": 330503957838.7548,
  "levels": [
    0.678,
    0.954
  ],
  "band_raw": {
    "0.678000": [
      62115.002121657955,
      105758.74337890216
    ],
    "0.954000": [
      54722.75906423914,
      114112.54542746738
    ]
  },
  "band_physical": {
    "0.678000": [
      240790988860.92337,
      409977485777.38855
    ],
    "0.954000": [
      212134698836.0127,
      442361293027.0877
    ]
  },
  "n_evaluations": 17
}