{
  "index": 4,
  "background_scenario": "a",
  "bkg_penalty": true,
  "best_fit_raw": 316876.2853907184,
  "best_fit_physical": 1228382057467.6113,
  "levels": [
    0.678,
    0.954
  ],
  "band_raw": {
    "0.678000": [
      262048.5871263425,
      1556679.1894760681
    ],
    "0.954000": [
      249098.10008003854,
      2070204.6802776065
    ]
  },
  "band_physical": {
    "0.678000": [
      1015840558134.0037,
      6034521590114.665
    ],
    "0.954000": [
      965637539932.3379,
      8025221203924.69
    ]
  },
  "n_evaluations": 25
}