{
  "index": 2,
  "background_scenario": "a",
  "best_fit_raw": 316876.28539071843,
  "best_fit_physical": 1228382057467.6116,
  "levels": [
    0.678,
    0.954
  ],
  "band_raw": {
    "0.678000": [
      268774.1680084086,
      2878064.3976639286
    ],
    "0.954000": [
      249098.1000800386,
      4013750.458077211
    ]
  },
  "band_physical": {
    "0.678000": [
      1041912508805.1953,
      11156917791962.518
    ],
    "0.954000": [
      965637539932.338,
      15559444720753.057
    ]
  },
  "n_evaluations": 27
}