{
  "index": 2,
  "background_scenario": "a",
  "best_fit_raw": 316876.29115201236,
  "best_fit_physical": 1228382079801.47,
  "levels": [
    0.678,
    0.954
  ],
  "band_raw": {
    "0.678000": [
      268774.1728951327,
      2814948.957598555
    ],
    "0.954000": [
      255491.30622284923,
      3839639.002945205
    ]
  },
  "band_physical": {
    "0.678000": [
      1041912527748.7528,
      10912248570250.705
    ],
    "0.954000": [
      990421028244.9359,
      14884495545493.64
    ]
  },
  "n_evaluations": 27
}