{
  "index": 140,
  "background_scenario": "a",
  "best_fit_raw": 30313.91648325835,
  "best_fit_physical": 117512962680.97739,
  "levels": [
    0.678,
    0.954
  ],
  "band_raw": {
    "0.678000": [
      25068.833961206474,
      59337.338045687786
    ],
    "0.954000": [
      20993.95239316826,
      65667.55917830869
    ]
  },
  "band_physical": {
    "0.678000": [
      97180215936.98828,
      230023276444.74503
    ],
    "0.954000": [
      81383794319.91563,
      254562601151.6282
    ]
  },
  "n_evaluations": 17
}