{
  "index": 30,
  "background_scenario": "a",
  "bkg_penalty": true,
  "best_fit_raw": 254259.83684474896,
  "best_fit_physical": 985647193918.6659,
  "levels": [
    0.678,
    0.954
  ],
  "band_raw": {
    "0.678000": [
      232698.00655416778,
      299812.47511119075
    ],
    "0.954000": [
      221198.0303374383,
      315399.57743754424
    ]
  },
  "band_physical": {
    "0.678000": [
      902062000970.4043,
      1162233597182.6843
    ],
    "0.954000": [
      857481938980.2289,
      1222657547185.7449
    ]
  },
  "n_evaluations": 16
}