{
  "index": 60,
  "background_scenario": "a",
  "best_fit_raw": 196741.37616926074,
  "best_fit_physical": 762674859527.0066,
  "levels": [
    0.678,
    0.954
  ],
  "band_raw": {
    "0.678000": [
      162700.08843002288,
      215005.97524206195
    ],
    "0.954000": [
      154659.42157983436,
      226184.0295763005
    ]
  },
  "band_physical": {
    "0.678000": [
      630712611167.487,
      833478219772.8022
    ],
    "0.954000": [
      599542683519.9589,
      876810340271.015
    ]
  },
  "n_evaluations": 16
}