{
  "index": 100,
  "background_scenario": "a",
  "bkg_penalty": true,
  "best_fit_raw": 99352.37339108136,
  "best_fit_physical": 385142967356.94324,
  "levels": [
    0.678,
    0.954
  ],
  "band_raw": {
    "0.678000": [
      76147.07388658612,
      126405.88486255406
    ],
    "0.954000": [
      67084.88827837529,
      136390.58878563563
    ]
  },
  "band_physical": {
    "0.678000": [
      295186808238.4517,
      490016855417.3107
    ],
    "0.954000": [
      260056927222.45358,
      528722911104.36444
    ]
  },
  "n_evaluations": 15
}