{
  "index": 70,
  "background_scenario": "a",
  "bkg_penalty": true,
  "best_fit_raw": 166592.8572081973,
  "best_fit_physical": 645803066153.9921,
  "levels": [
    0.678,
    0.954
  ],
  "band_raw": {
    "0.678000": [
      137768.03399131028,
      196439.27045360376
    ],
    "0.954000": [
      127682.49186031873,
      206652.05098696542
    ]
  },
  "band_physical": {
    "0.678000": [
      534062625856.79285,
      761503736102.2484
    ],
    "0.954000": [
      494965667312.6475,
      801093938785.1892
    ]
  },
  "n_evaluations": 17
}