{
  "index": 3,
  "background_scenario": "a",
  "best_fit_raw": 316876.29115201236,
  "best_fit_physical": 1228382079801.47,
  "levels": [
    0.678,
    0.954
  ],
  "band_raw": {
    "0.678000": [
      268774.1728951327,
      1909583.28857631
    ],
    "0.954000": [
      255491.30622284923,
      2588254.9284261456
    ]
  },
  "band_physical": {
    "0.678000": [
      1041912527748.7528,
      7402566733685.407
    ],
    "0.954000": [
      990421028244.9359,
      10033461198620.578
    ]
  },
  "n_evaluations": 26
}