{
  "index": 13,
  "background_scenario": "a",
  "best_fit_raw": 316876.29115201376,
  "best_fit_physical": 1228382079801.4753,
  "levels": [
    0.678,
    0.954
  ],
  "band_raw": {
    "0.678000": [
      268774.17289513384,
      424121.41385617014
    ],
    "0.954000": [
      255491.30622285034,
      469367.50047236093
    ]
  },
  "band_physical": {
    "0.678000": [
      1041912527748.7573,
      1644121567274.5156
    ],
    "0.954000": [
      990421028244.9403,
      1819519612292.0623
    ]
  },
  "n_evaluations": 16
}