{
  "index": 150,
  "background_scenario": "a",
  "bkg_penalty": true,
  "best_fit_raw": 30313.916483258534,
  "best_fit_physical": 117512962680.9781,
  "levels": [
    0.678,
    0.954
  ],
  "band_raw": {
    "0.678000": [
      7702.998478600241,
      53617.33754695847
    ],
    "0.954000": [
      5267.132659022562,
      57852.52992848737
    ]
  },
  "band_physical": {
    "0.678000": [
      29860944337.14288,
      207849493472.37405
    ],
    "0.954000": [
      20418224874.945152,
      224267365592.33676
    ]
  },
  "n_evaluations": 27
}