{
  "index": 4,
  "background_scenario": "a",
  "bkg_penalty": true,
  "best_fit_raw": 316876.29115201236,
  "best_fit_physical": 1228382079801.47,
  "levels": [
    0.678,
    0.954
  ],
  "band_raw": {
    "0.678000": [
      268774.1728951327,
      1484442.6819118508
    ],
    "0.954000": [
      249098.1046090218,
      1943117.3731695602
    ]
  },
  "band_physical": {
    "0.678000": [
      1041912527748.7528,
      5754494229668.3125
    ],
    "0.954000": [
      965637557489.1006,
      7532562791222.997
    ]
  },
  "n_evaluations": 25
}