{
  "index": 16,
  "background_scenario": "a",
  "best_fit_raw": 316876.29115213134,
  "best_fit_physical": 1228382079801.9312,
  "levels": [
    0.678,
    0.954
  ],
  "band_raw": {
    "0.678000": [
      268774.1728952336,
      364297.321720068
    ],
    "0.954000": [
      255491.30622294513,
      393072.8878363257
    ]
  },
  "band_physical": {
    "0.678000": [
      1041912527749.144,
      1412211371490.4873
    ],
    "0.954000": [
      990421028245.3077,
      1523760864905.8733
    ]
  },
  "n_evaluations": 17
}