{
  "index": 100,
  "background_scenario": "a",
  "best_fit_raw": 99352.37339108136,
  "best_fit_physical": 385142967356.94324,
  "levels": [
    0.678,
    0.954
  ],
  "band_raw": {
    "0.678000": [
      78101.41872764408,
      123242.8093002268
    ],
    "0.954000": [
      72383.87216588107,
      132977.66430994082
    ]
  },
  "band_physical": {
    "0.678000": [
      302762894703.5523,
      477755081828.3336
    ],
    "0.954000": [
      280598624504.079,
      515492589421.3574
    ]
  },
  "n_evaluations": 14
}