{
  "index": 110,
  "background_scenario": "a",
  "best_fit_raw": 85257.87583561527,
  "best_fit_physical": 330505152208.33514,
  "levels": [
    0.678,
    0.954
  ],
  "band_raw": {
    "0.678000": [
      63709.438508876665,
      103112.69731084377
    ],
    "0.954000": [
      57567.97628547916,
      111257.49020935934
    ]
  },
  "band_physical": {
    "0.678000": [
      246971877555.12766,
      399719995194.81665
    ],
    "0.954000": [
      223164283394.09863,
      431293571128.36993
    ]
  },
  "n_evaluations": 16
}