{
  "index": 50,
  "background_scenario": "a",
  "bkg_penalty": true,
  "best_fit_raw": 222617.16713982393,
  "best_fit_physical": 862983272672.6288,
  "levels": [
    0.678,
    0.954
  ],
  "band_raw": {
    "0.678000": [
      184098.70605220256,
      243283.960184077
    ],
    "0.954000": [
      175000.5157733865,
      255932.17297223187
    ]
  },
  "band_physical": {
    "0.678000": [
      713665104470.3062,
      943098822277.9086
    ],
    "0.954000": [
      678395650083.2621,
      992130063693.9219
    ]
  },
  "n_evaluations": 16
}