{
  "index": 130,
  "background_scenario": "a",
  "bkg_penalty": true,
  "best_fit_raw": 54007.175306685356,
  "best_fit_physical": 209360713249.45966,
  "levels": [
    0.678,
    0.954
  ],
  "band_raw": {
    "0.678000": [
      32126.94275551916,
      76043.71490148702
    ],
    "0.954000": [
      27595.303652491966,
      84156.20438832161
    ]
  },
  "band_physical": {
    "0.678000": [
      124541222747.25688,
      294786133499.9895
    ],
    "0.954000": [
      106974164492.28696,
      326234484122.8037
    ]
  },
  "n_evaluations": 20
}