{
  "index": 150,
  "background_scenario": "a",
  "best_fit_raw": 30313.916483258534,
  "best_fit_physical": 117512962680.9781,
  "levels": [
    0.678,
    0.954
  ],
  "band_raw": {
    "0.678000": [
      9097.163207631143,
      52275.66195727969
    ],
    "0.954000": [
      6711.777361632245,
      56404.87641271491
    ]
  },
  "band_physical": {
    "0.678000": [
      35265472909.49757,
      202648440893.53705
    ],
    "0.954000": [
      26018440839.08163,
      218655485858.22498
    ]
  },
  "n_evaluations": 22
}