{
  "index": 160,
  "background_scenario": "a",
  "bkg_penalty": true,
  "best_fit_raw": 30313.916483258534,
  "best_fit_physical": 117512962680.9781,
  "levels": [
    0.678,
    0.954
  ],
  "band_raw": {
    "0.678000": [
      3327.563721988691,
      39558.225363792095
    ],
    "0.954000": [
      799.9365639828225,
      44901.96207973553
    ]
  },
  "band_physical": {
    "0.678000": [
      12899417721.117918,
      153348850963.16428
    ],
    "0.954000": [
      3100982205.396596,
      174064034157.14172
    ]
  },
  "n_evaluations": 29
}