{
  "index": 50,
  "background_scenario": "a",
  "best_fit_raw": 222617.16713982393,
  "best_fit_physical": 862983272672.6288,
  "levels": [
    0.678,
    0.954
  ],
  "band_raw": {
    "0.678000": [
      184098.70605220256,
      243283.960184077
    ],
    "0.954000": [
      179491.97339254065,
      249527.93947612512
    ]
  },
  "band_physical": {
    "0.678000": [
      713665104470.3062,
      943098822277.9086
    ],
    "0.954000": [
      695806943403.7523,
      967303827458.6967
    ]
  },
  "n_evaluations": 16
}