{
  "index": 25,
  "background_scenario": "a",
  "best_fit_raw": 291339.2443494534,
  "best_fit_physical": 1129386820328.8503,
  "levels": [
    0.678,
    0.954
  ],
  "band_raw": {
    "0.678000": [
      247113.6737533733,
      326557.3911709599
    ],
    "0.954000": [
      234901.27274025625,
      334938.61608440644
    ]
  },
  "band_physical": {
    "0.678000": [
      957944841531.0161,
      1265911204283.4778
    ],
    "0.954000": [
      910603039778.2755,
      1298401317232.7122
    ]
  },
  "n_evaluations": 14
}