{
  "index": 1,
  "background_scenario": "a",
  "bkg_penalty": true,
  "best_fit_raw": 316876.29115201236,
  "best_fit_physical": 1228382079801.47,
  "levels": [
    0.678,
    0.954
  ],
  "band_raw": {
    "0.678000": [
      268774.1728951327,
      4831007.979705416
    ],
    "0.954000": [
      249098.1046090218,
      6547962.734875444
    ]
  },
  "band_physical": {
    "0.678000": [
      1041912527748.7528,
      18727572227236.19
    ],
    "0.954000": [
      965637557489.1006,
      25383407680918.066
    ]
  },
  "n_evaluations": 26
}