{
  "index": 90,
  "background_scenario": "a",
  "best_fit_raw": 122363.42233052339,
  "best_fit_physical": 474346107332.7429,
  "levels": [
    0.678,
    0.954
  ],
  "band_raw": {
    "0.678000": [
      96190.5242742963,
      147988.93832416518
    ],
    "0.954000": [
      89148.73412120627,
      155682.8100483878
    ]
  },
  "band_physical": {
    "0.678000": [
      372885948127.216,
      573684320733.9939
    ],
    "0.954000": [
      345588201103.1932,
      603509884887.0167
    ]
  },
  "n_evaluations": 16
}