{
  "index": 120,
  "background_scenario": "a",
  "best_fit_raw": 66902.65480703599,
  "best_fit_physical": 259350492765.90463,
  "levels": [
    0.678,
    0.954
  ],
  "band_raw": {
    "0.678000": [
      48742.40088908915,
      89545.50826233714
    ],
    "0.954000": [
      44043.73110413524,
      94200.93495741626
    ]
  },
  "band_physical": {
    "0.678000": [
      188951630180.28812,
      347126310006.5821
    ],
    "0.954000": [
      170737071616.2548,
      365173235212.8646
    ]
  },
  "n_evaluations": 18
}