{
  "index": 2,
  "background_scenario": "a",
  "bkg_penalty": true,
  "best_fit_raw": 316876.29115201236,
  "best_fit_physical": 1228382079801.47,
  "levels": [
    0.678,
    0.954
  ],
  "band_raw": {
    "0.678000": [
      268774.1728951327,
      2942595.0889608697
    ],
    "0.954000": [
      249098.1046090218,
      3925729.6248117154
    ]
  },
  "band_physical": {
    "0.678000": [
      1041912527748.7528,
      11407073284814.889
    ],
    "0.954000": [
      965637557489.1006,
      15218228866959.0
    ]
  },
  "n_evaluations": 27
}