{
  "index": 8,
  "background_scenario": "a",
  "bkg_penalty": true,
  "best_fit_raw": 316876.29115201236,
  "best_fit_physical": 1228382079801.47,
  "levels": [
    0.678,
    0.954
  ],
  "band_raw": {
    "0.678000": [
      268774.1728951327,
      684238.6558431764
    ],
    "0.954000": [
      249098.1046090218,
      843343.8093973483
    ]
  },
  "band_physical": {
    "0.678000": [
      1041912527748.7528,
      2652475198095.5063
    ],
    "0.954000": [
      965637557489.1006,
      3269251917866.7188
    ]
  },
  "n_evaluations": 22
}