{
  "index": 3,
  "background_scenario": "a",
  "bkg_penalty": true,
  "best_fit_raw": 316876.29115201236,
  "best_fit_physical": 1228382079801.47,
  "levels": [
    0.678,
    0.954
  ],
  "band_raw": {
    "0.678000": [
      268774.1728951327,
      2021628.9059953066
    ],
    "0.954000": [
      249098.1046090218,
      2688534.4464485263
    ]
  },
  "band_physical": {
    "0.678000": [
      1041912527748.7528,
      7836915507641.993
    ],
    "0.954000": [
      965637557489.1006,
      10422198274726.812
    ]
  },
  "n_evaluations": 25
}