{
  "index": 0,
  "background_scenario": "a",
  "best_fit_raw": 316876.2920004302,
  "best_fit_physical": 1228382083090.3916,
  "levels": [
    0.678,
    0.954
  ],
  "band_raw": {
    "0.678000": [
      312911.6678193754,
      10250577.66894434
    ],
    "0.954000": [
      297447.51842185005,
      14295462.202887677
    ]
  },
  "band_physical": {
    "0.678000": [
      1213013078109.1416,
      39736724607471.12
    ],
    "0.954000": [
      1153065759456.071,
      55416861667578.72
    ]
  },
  "n_evaluations": 29
}