{
  "index": 80,
  "background_scenario": "a",
  "best_fit_raw": 144031.83506293493,
  "best_fit_physical": 558344470862.7792,
  "levels": [
    0.678,
    0.954
  ],
  "band_raw": {
    "0.678000": [
      116130.11987776012,
      169836.26474751718
    ],
    "0.954000": [
      110390.94902530461,
      178665.9681691758
    ]
  },
  "band_physical": {
    "0.678000": [
      450182491294.69806,
      658376249475.1837
    ],
    "0.954000": [
      427934393772.3331,
      692604905124.0343
    ]
  },
  "n_evaluations": 15
}