{
  "index": 4,
  "background_scenario": "a",
  "best_fit_raw": 316876.29115201236,
  "best_fit_physical": 1228382079801.47,
  "levels": [
    0.678,
    0.954
  ],
  "band_raw": {
    "0.678000": [
      268774.1728951327,
      1438157.0131026492
    ],
    "0.954000": [
      255491.30622284923,
      1882529.9969859961
    ]
  },
  "band_physical": {
    "0.678000": [
      1041912527748.7528,
      5575066207741.693
    ],
    "0.954000": [
      990421028244.9359,
      7297693698002.08
    ]
  },
  "n_evaluations": 26
}