{
  "index": 140,
  "background_scenario": "a",
  "bkg_penalty": true,
  "best_fit_raw": 30313.91648325835,
  "best_fit_physical": 117512962680.97739,
  "levels": [
    0.678,
    0.954
  ],
  "band_raw": {
    "0.678000": [
      23233.62753656861,
      60860.25435189309
    ],
    "0.954000": [
      17581.433495018602,
      67352.94311960289
    ]
  },
  "band_physical": {
    "0.678000": [
      90065973730.46036,
      235926915031.2072
    ],
    "0.954000": [
      68155044872.517044,
      261096051235.71103
    ]
  },
  "n_evaluations": 19
}