{
  "index": 40,
  "background_scenario": "a",
  "best_fit_raw": 248254.96284301643,
  "best_fit_physical": 962369088799.5441,
  "levels": [
    0.678,
    0.954
  ],
  "band_raw": {
    "0.678000": [
      210569.6265967543,
      271301.8554308771
    ],
    "0.954000": [
      200163.2387910015,
      278264.9251125894
    ]
  },
  "band_physical": {
    "0.678000": [
      816280558326.3257,
      1051711177938.2241
    ],
    "0.954000": [
      775939830247.307,
      1078703762288.1875
    ]
  },
  "n_evaluations": 16
}