{
  "index": 80,
  "background_scenario": "a",
  "bkg_penalty": true,
  "best_fit_raw": 144031.83506293493,
  "best_fit_physical": 558344470862.7792,
  "levels": [
    0.678,
    0.954
  ],
  "band_raw": {
    "0.678000": [
      113224.17649834478,
      174195.17981664021
    ],
    "0.954000": [
      104935.40900099551,
      183251.50107729668
    ]
  },
  "band_physical": {
    "0.678000": [
      438917499650.12244,
      675273736942.0472
    ],
    "0.954000": [
      406785801123.9607,
      710380884608.6384
    ]
  },
  "n_evaluations": 16
}