{
  "index": 16,
  "background_scenario": "a",
  "bkg_penalty": true,
  "best_fit_raw": 316876.29115213134,
  "best_fit_physical": 1228382079801.9312,
  "levels": [
    0.678,
    0.954
  ],
  "band_raw": {
    "0.678000": [
      268774.1728952336,
      373647.15691367304
    ],
    "0.954000": [
      249098.1046091153,
      393072.8878363257
    ]
  },
  "band_physical": {
    "0.678000": [
      1041912527749.144,
      1448456336234.195
    ],
    "0.954000": [
      965637557489.4631,
      1523760864905.8733
    ]
  },
  "n_evaluations": 17
}