{
  "index": 120,
  "background_scenario": "a",
  "bkg_penalty": true,
  "best_fit_raw": 66902.65480703599,
  "best_fit_physical": 259350492765.90463,
  "levels": [
    0.678,
    0.954
  ],
  "band_raw": {
    "0.678000": [
      46333.542904994916,
      91843.72923367823
    ],
    "0.954000": [
      40819.43521496811,
      99098.39498430426
    ]
  },
  "band_physical": {
    "0.678000": [
      179613607541.57782,
      356035444376.83075
    ],
    "0.954000": [
      158237975278.59146,
      384158411136.5732
    ]
  },
  "n_evaluations": 17
}