{
  "index": 0,
  "background_scenario": "a",
  "bkg_penalty": true,
  "best_fit_raw": 316876.2920004302,
  "best_fit_physical": 1228382083090.3916,
  "levels": [
    0.678,
    0.954
  ],
  "band_raw": {
    "0.678000": [
      312911.6678193754,
      10749395.326549474
    ],
    "0.954000": [
      297447.51842185005,
      14755547.592013469
    ]
  },
  "band_physical": {
    "0.678000": [
      1213013078109.1416,
      41670408788963.73
    ],
    "0.954000": [
      1153065759456.071,
      57200398849000.38
    ]
  },
  "n_evaluations": 29
}