{
  "index": 1,
  "background_scenario": "a",
  "best_fit_raw": 316876.29115201236,
  "best_fit_physical": 1228382079801.47,
  "levels": [
    0.678,
    0.954
  ],
  "band_raw": {
    "0.678000": [
      268774.1728951327,
      4592258.719700431
    ],
    "0.954000": [
      255491.30622284923,
      6384111.970077313
    ]
  },
  "band_physical": {
    "0.678000": [
      1041912527748.7528,
      17802052329582.207
    ],
    "0.954000": [
      990421028244.9359,
      24748234432367.145
    ]
  },
  "n_evaluations": 26
}