{
  "index": 8,
  "background_scenario": "a",
  "best_fit_raw": 316876.29115201236,
  "best_fit_physical": 1228382079801.47,
  "levels": [
    0.678,
    0.954
  ],
  "band_raw": {
    "0.678000": [
      268774.1728951327,
      671356.7010174887
    ],
    "0.954000": [
      255491.30622284923,
      811887.9688946389
    ]
  },
  "band_physical": {
    "0.678000": [
      1041912527748.7528,
      2602537847455.7397
    ],
    "0.954000": [
      990421028244.9359,
      3147312246589.4976
    ]
  },
  "n_evaluations": 22
}