{
  "index": 130,
  "background_scenario": "a",
  "best_fit_raw": 54007.175306685356,
  "best_fit_physical": 209360713249.45966,
  "levels": [
    0.678,
    0.954
  ],
  "band_raw": {
    "0.678000": [
      37402.757505920716,
      74140.86032683637
    ],
    "0.954000": [
      29775.03552919422,
      79997.19003625563
    ]
  },
  "band_physical": {
    "0.678000": [
      144993104054.5794,
      287409650862.32886
    ],
    "0.954000": [
      115423971722.6695,
      310111918811.4591
    ]
  },
  "n_evaluations": 17
}