{
  "index": 110,
  "background_scenario": "a",
  "bkg_penalty": true,
  "best_fit_raw": 85257.87583561527,
  "best_fit_physical": 330505152208.33514,
  "levels": [
    0.678,
    0.954
  ],
  "band_raw": {
    "0.678000": [
      60560.906905694574,
      108473.47545569704
    ],
    "0.954000": [
      53353.61513505623,
      114112.95780544278
    ]
  },
  "band_physical": {
    "0.678000": [
      234766484134.94873,
      420501240086.91284
    ],
    "0.954000": [
      206827164273.66687,
      442362891624.8031
    ]
  },
  "n_evaluations": 17
}