{
  "index": 60,
  "background_scenario": "a",
  "bkg_penalty": true,
  "best_fit_raw": 196741.37616926074,
  "best_fit_physical": 762674859527.0066,
  "levels": [
    0.678,
    0.954
  ],
  "band_raw": {
    "0.678000": [
      158628.81695194994,
      220524.1888393014
    ],
    "0.954000": [
      150789.353050867,
      226184.0295763005
    ]
  },
  "band_physical": {
    "0.678000": [
      614930184191.0475,
      854869768729.4075
    ],
    "0.954000": [
      584540226847.3434,
      876810340271.015
    ]
  },
  "n_evaluations": 12
}