{
  "index": 20,
  "background_scenario": "a",
  "bkg_penalty": true,
  "best_fit_raw": 316876.29115213134,
  "best_fit_physical": 1228382079801.9312,
  "levels": [
    0.678,
    0.954
  ],
  "band_raw": {
    "0.678000": [
      262048.59189088375,
      337628.31963031704
    ],
    "0.954000": [
      249098.1046091153,
      355181.44901361165
    ]
  },
  "band_physical": {
    "0.678000": [
      1015840576603.9154,
      1308828047562.5938
    ],
    "0.954000": [
      965637557489.4631,
      1376873370551.217
    ]
  },
  "n_evaluations": 16
}