{
  "index": 90,
  "background_scenario": "a",
  "bkg_penalty": true,
  "best_fit_raw": 122363.42233052339,
  "best_fit_physical": 474346107332.7429,
  "levels": [
    0.678,
    0.954
  ],
  "band_raw": {
    "0.678000": [
      93783.53272488937,
      147988.93832416518
    ],
    "0.954000": [
      84742.98807581949,
      155682.8100483878
    ]
  },
  "band_physical": {
    "0.678000": [
      363555160788.17,
      573684320733.9939
    ],
    "0.954000": [
      328509171710.8897,
      603509884887.0167
    ]
  },
  "n_evaluations": 16
}