{
  "index": 160,
  "background_scenario": "a",
  "best_fit_raw": 30313.916483258534,
  "best_fit_physical": 117512962680.9781,
  "levels": [
    0.678,
    0.954
  ],
  "band_raw": {
    "0.678000": [
      3985.8833927206506,
      36662.29851505047
    ],
    "0.954000": [
      1794.092881244148,
      42682.89925385247
    ]
  },
  "band_physical": {
    "0.678000": [
      15451417062.463427,
      142122688751.79315
    ],
    "0.954000": [
      6954864110.557494,
      165461759119.90738
    ]
  },
  "n_evaluations": 28
}