{
  "index": 70,
  "background_scenario": "a",
  "best_fit_raw": 166592.8572081973,
  "best_fit_physical": 645803066153.9921,
  "levels": [
    0.678,
    0.954
  ],
  "band_raw": {
    "0.678000": [
      137768.03399131028,
      191523.7377904781
    ],
    "0.954000": [
      130959.51363573584,
      201480.96221137227
    ]
  },
  "band_physical": {
    "0.678000": [
      534062625856.79285,
      742448500968.9713
    ],
    "0.954000": [
      507669157401.4989,
      781048031399.9822
    ]
  },
  "n_evaluations": 15
}