{
  "index": 1,
  "background_scenario": "b",
  "best_fit_raw": 316876.2833846551,
  "best_fit_physical": 1228382049691.0364,
  "levels": [
    0.678,
    0.954
  ],
  "band_raw": {
    "0.678000": [
      262048.58546737942,
      5082169.571103098
    ],
    "0.954000": [
      249098.09850306172,
      7246511.791929666
    ]
  },
  "band_physical": {
    "0.678000": [
      1015840551702.9751,
      19701208963786.25
    ],
    "0.954000": [
      965637533819.1317,
      28091357652271.33
    ]
  },
  "n_evaluations": 25
}