{
  "index": 100,
  "background_scenario": "b",
  "bkg_penalty": true,
  "best_fit_raw": 99352.14160342375,
  "best_fit_physical": 385142068823.94196,
  "levels": [
    0.678,
    0.954
  ],
  "band_raw": {
    "0.678000": [
      72383.70329534878,
      129649.83954132583
    ],
    "0.954000": [
      63769.39258330362,
      139890.78095716855
    ]
  },
  "band_physical": {
    "0.678000": [
      280597969871.5253,
      502592159743.8177
    ],
    "0.954000": [
      247204291631.83063,
      542291529077.45807
    ]
  },
  "n_evaluations": 18
}