{
  "index": 3,
  "background_scenario": "b",
  "bkg_penalty": true,
  "best_fit_raw": 316876.2833846551,
  "best_fit_physical": 1228382049691.0364,
  "levels": [
    0.678,
    0.954
  ],
  "band_raw": {
    "0.678000": [
      262048.58546737942,
      2309305.406864401
    ],
    "0.954000": [
      242864.87519345115,
      3190098.5115134176
    ]
  },
  "band_physical": {
    "0.678000": [
      1015840551702.9751,
      8952103574135.947
    ],
    "0.954000": [
      941474224582.2999,
      12366529001264.283
    ]
  },
  "n_evaluations": 25
}