{
  "index": 16,
  "background_scenario": "b",
  "best_fit_raw": 316876.2833846604,
  "best_fit_physical": 1228382049691.057,
  "levels": [
    0.678,
    0.954
  ],
  "band_raw": {
    "0.678000": [
      262048.58546738385,
      373647.1477545988
    ],
    "0.954000": [
      249098.09850306594,
      413508.5427676092
    ]
  },
  "band_physical": {
    "0.678000": [
      1015840551702.9922,
      1448456300728.722
    ],
    "0.954000": [
      965637533819.1482,
      1602980399492.4885
    ]
  },
  "n_evaluations": 17
}