{
  "index": 140,
  "background_scenario": "b",
  "best_fit_raw": 30313.91889102911,
  "best_fit_physical": 117512972014.78535,
  "levels": [
    0.678,
    0.954
  ],
  "band_raw": {
    "0.678000": [
      23233.62938196688,
      60860.259185895346
    ],
    "0.954000": [
      17581.43489147496,
      67352.94846930579
    ]
  },
  "band_physical": {
    "0.678000": [
      90065980884.21161,
      235926933770.38684
    ],
    "0.954000": [
      68155050285.9292,
      261096071974.02234
    ]
  },
  "n_evaluations": 19
}