{
  "index": 0,
  "background_scenario": "b",
  "best_fit_raw": 316876.28838489833,
  "best_fit_physical": 1228382069074.6553,
  "levels": [
    0.678,
    0.954
  ],
  "band_raw": {
    "0.678000": [
      305081.6234291476,
      11272486.517331421
    ],
    "0.954000": [
      297447.51502799883,
      16485619.8076392
    ]
  },
  "band_physical": {
    "0.678000": [
      1182659635830.332,
      43698190174950.44
    ],
    "0.954000": [
      1153065746299.6875,
      63907084599174.016
    ]
  },
  "n_evaluations": 28
}