{
  "index": 140,
  "background_scenario": "b",
  "best_fit_raw": 30313.91679742556,
  "best_fit_physical": 117512963898.85762,
  "levels": [
    0.678,
    0.954
  ],
  "band_raw": {
    "0.678000": [
      23233.627777357164,
      60860.25498263628
    ],
    "0.954000": [
      17581.43367722897,
      67352.94381763498
    ]
  },
  "band_physical": {
    "0.678000": [
      90065974663.88565,
      235926917476.30536
    ],
    "0.954000": [
      68155045578.861946,
      261096053941.65695
    ]
  },
  "n_evaluations": 19
}