{
  "index": 8,
  "background_scenario": "b",
  "bkg_penalty": true,
  "best_fit_raw": 316876.2833846551,
  "best_fit_physical": 1228382049691.0364,
  "levels": [
    0.678,
    0.954
  ],
  "band_raw": {
    "0.678000": [
      262048.58546737942,
      752452.3173886768
    ],
    "0.954000": [
      242864.87519345115,
      963351.0943137646
    ]
  },
  "band_physical": {
    "0.678000": [
      1015840551702.9751,
      2916907854560.607
    ],
    "0.954000": [
      941474224582.2999,
      3734464375703.26
    ]
  },
  "n_evaluations": 22
}