{
  "index": 110,
  "background_scenario": "b",
  "bkg_penalty": true,
  "best_fit_raw": 85257.75690227999,
  "best_fit_physical": 330504691159.0808,
  "levels": [
    0.678,
    0.954
  ],
  "band_raw": {
    "0.678000": [
      56127.3649061657,
      111257.33500698941
    ],
    "0.954000": [
      49447.704447550845,
      120045.46659219038
    ]
  },
  "band_physical": {
    "0.678000": [
      217579702749.47787,
      431292969480.92804
    ],
    "0.954000": [
      191685764213.7458,
      465360470444.6385
    ]
  },
  "n_evaluations": 16
}