{
  "index": 30,
  "background_scenario": "b",
  "bkg_penalty": true,
  "best_fit_raw": 254259.79591551446,
  "best_fit_physical": 985647035255.0498,
  "levels": [
    0.678,
    0.954
  ],
  "band_raw": {
    "0.678000": [
      226875.12896262947,
      315399.5266663984
    ],
    "0.954000": [
      215662.9203757444,
      323494.38056361664
    ]
  },
  "band_physical": {
    "0.678000": [
      879489411331.9707,
      1222657350369.6135
    ],
    "0.954000": [
      836024890672.9648,
      1254037336009.4475
    ]
  },
  "n_evaluations": 12
}