{
  "index": 25,
  "background_scenario": "b",
  "bkg_penalty": true,
  "best_fit_raw": 291339.6012719559,
  "best_fit_physical": 1129388203951.4758,
  "levels": [
    0.678,
    0.954
  ],
  "band_raw": {
    "0.678000": [
      240930.40220138937,
      334939.02642091736
    ],
    "0.954000": [
      229023.57955072745,
      343535.36932609114
    ]
  },
  "band_physical": {
    "0.678000": [
      933975172038.2626,
      1298402907916.6187
    ],
    "0.954000": [
      887817955547.6451,
      1331726933321.4678
    ]
  },
  "n_evaluations": 15
}