{
  "index": 0,
  "background_scenario": "b",
  "bkg_penalty": true,
  "best_fit_raw": 316876.28838489833,
  "best_fit_physical": 1228382069074.6553,
  "levels": [
    0.678,
    0.954
  ],
  "band_raw": {
    "0.678000": [
      305081.6234291476,
      12594173.680982055
    ],
    "0.954000": [
      290004.43619600416,
      18129117.707661092
    ]
  },
  "band_physical": {
    "0.678000": [
      1182659635830.332,
      48821756917762.46
    ],
    "0.954000": [
      1124212389607.9246,
      70278161972109.305
    ]
  },
  "n_evaluations": 28
}