{
  "index": 70,
  "background_scenario": "b",
  "bkg_penalty": true,
  "best_fit_raw": 166592.83826002802,
  "best_fit_physical": 645802992700.7479,
  "levels": [
    0.678,
    0.954
  ],
  "band_raw": {
    "0.678000": [
      134320.6261967009,
      201480.93929505133
    ],
    "0.954000": [
      124487.45738880862,
      211955.83369841817
    ]
  },
  "band_physical": {
    "0.678000": [
      520698628376.0391,
      781047942564.0586
    ],
    "0.954000": [
      482580003888.9734,
      821654238876.5078
    ]
  },
  "n_evaluations": 15
}