{
  "index": 2,
  "background_scenario": "b",
  "best_fit_raw": 316876.2833846551,
  "best_fit_physical": 1228382049691.0364,
  "levels": [
    0.678,
    0.954
  ],
  "band_raw": {
    "0.678000": [
      262048.58546737942,
      3076029.3617242305
    ],
    "0.954000": [
      249098.09850306172,
      4386017.178332425
    ]
  },
  "band_physical": {
    "0.678000": [
      1015840551702.9751,
      11924335932954.201
    ],
    "0.954000": [
      965637533819.1317,
      17002549745762.963
    ]
  },
  "n_evaluations": 27
}