{
  "index": 2,
  "background_scenario": "b",
  "bkg_penalty": true,
  "best_fit_raw": 316876.2833846551,
  "best_fit_physical": 1228382049691.0364,
  "levels": [
    0.678,
    0.954
  ],
  "band_raw": {
    "0.678000": [
      262048.58546737942,
      3361324.4888801305
    ],
    "0.954000": [
      242864.87519345115,
      4792810.866380611
    ]
  },
  "band_physical": {
    "0.678000": [
      1015840551702.9751,
      13030292520551.568
    ],
    "0.954000": [
      941474224582.2999,
      18579499774930.74
    ]
  },
  "n_evaluations": 27
}