{
  "index": 110,
  "background_scenario": "b",
  "best_fit_raw": 85257.75690227999,
  "best_fit_physical": 330504691159.0808,
  "levels": [
    0.678,
    0.954
  ],
  "band_raw": {
    "0.678000": [
      60560.82242422497,
      105758.97803580819
    ],
    "0.954000": [
      53353.540707640175,
      114112.79861974249
    ]
  },
  "band_physical": {
    "0.678000": [
      234766156639.56256,
      409978395433.1322
    ],
    "0.954000": [
      206826875753.17267,
      442362274535.84106
    ]
  },
  "n_evaluations": 17
}