{
  "index": 13,
  "background_scenario": "b",
  "bkg_penalty": true,
  "best_fit_raw": 316876.28338465805,
  "best_fit_physical": 1228382049691.0479,
  "levels": [
    0.678,
    0.954
  ],
  "band_raw": {
    "0.678000": [
      262048.5854673819,
      446171.2655015107
    ],
    "0.954000": [
      242864.87519345345,
      519440.51373503
    ]
  },
  "band_physical": {
    "0.678000": [
      1015840551702.9846,
      1729598592156.8337
    ],
    "0.954000": [
      941474224582.3088,
      2013629408105.1448
    ]
  },
  "n_evaluations": 19
}