{
  "index": 150,
  "background_scenario": "b",
  "bkg_penalty": true,
  "best_fit_raw": 30313.91679742556,
  "best_fit_physical": 117512963898.85762,
  "levels": [
    0.678,
    0.954
  ],
  "band_raw": {
    "0.678000": [
      6440.7734907319245,
      56404.876997283136
    ],
    "0.954000": [
      2686.8365579018528,
      62422.257555813805
    ]
  },
  "band_physical": {
    "0.678000": [
      24967884808.649277,
      218655488124.32425
    ],
    "0.954000": [
      10415616350.100481,
      241982075350.438
    ]
  },
  "n_evaluations": 26
}