{
  "index": 4,
  "background_scenario": "b",
  "best_fit_raw": 316876.2833846551,
  "best_fit_physical": 1228382049691.0364,
  "levels": [
    0.678,
    0.954
  ],
  "band_raw": {
    "0.678000": [
      262048.58546737942,
      1556679.1796211274
    ],
    "0.954000": [
      249098.09850306172,
      2136832.168007093
    ]
  },
  "band_physical": {
    "0.678000": [
      1015840551702.9751,
      6034521551911.641
    ],
    "0.954000": [
      965637533819.1317,
      8283505001843.265
    ]
  },
  "n_evaluations": 25
}