{
  "index": 5,
  "background_scenario": "b",
  "best_fit_raw": 316876.2833846551,
  "best_fit_physical": 1228382049691.0364,
  "levels": [
    0.678,
    0.954
  ],
  "band_raw": {
    "0.678000": [
      262048.58546737942,
      1208209.0373586756
    ],
    "0.954000": [
      249098.09850306172,
      1658491.9812014566
    ]
  },
  "band_physical": {
    "0.678000": [
      1015840551702.9751,
      4683664797861.469
    ],
    "0.954000": [
      965637533819.1317,
      6429202455620.094
    ]
  },
  "n_evaluations": 26
}