{
  "index": 130,
  "background_scenario": "b",
  "best_fit_raw": 54007.17169055646,
  "best_fit_physical": 209360699231.4089,
  "levels": [
    0.678,
    0.954
  ],
  "band_raw": {
    "0.678000": [
      36466.81961819391,
      76043.7098098696
    ],
    "0.954000": [
      27595.30180480831,
      84156.19875352067
    ]
  },
  "band_physical": {
    "0.678000": [
      141364907937.69382,
      294786113762.15564
    ],
    "0.954000": [
      106974157329.67632,
      326234462279.2998
    ]
  },
  "n_evaluations": 21
}