{
  "index": 3,
  "background_scenario": "b",
  "best_fit_raw": 316876.2833846551,
  "best_fit_physical": 1228382049691.0364,
  "levels": [
    0.678,
    0.954
  ],
  "band_raw": {
    "0.678000": [
      262048.58546737942,
      2099954.976915624
    ],
    "0.954000": [
      249098.09850306172,
      2956561.950035656
    ]
  },
  "band_physical": {
    "0.678000": [
      1015840551702.9751,
      8140549274466.224
    ],
    "0.954000": [
      965637533819.1317,
      11461216312660.143
    ]
  },
  "n_evaluations": 25
}