{
  "index": 16,
  "background_scenario": "b",
  "bkg_penalty": true,
  "best_fit_raw": 316876.2833846604,
  "best_fit_physical": 1228382049691.057,
  "levels": [
    0.678,
    0.954
  ],
  "band_raw": {
    "0.678000": [
      262048.58546738385,
      383236.94994027226
    ],
    "0.954000": [
      242864.87519345526,
      424121.4034599966
    ]
  },
  "band_physical": {
    "0.678000": [
      1015840551702.9922,
      1485631505951.2266
    ],
    "0.954000": [
      941474224582.3159,
      1644121526973.3835
    ]
  },
  "n_evaluations": 17
}