{
  "index": 80,
  "background_scenario": "b",
  "best_fit_raw": 144031.87364721092,
  "best_fit_physical": 558344620436.0812,
  "levels": [
    0.678,
    0.954
  ],
  "band_raw": {
    "0.678000": [
      113224.20682964532,
      174195.22648128826
    ],
    "0.954000": [
      107628.64670869567,
      183251.55016801672
    ]
  },
  "band_physical": {
    "0.678000": [
      438917617230.47504,
      675273917839.1954
    ],
    "0.954000": [
      417226231756.23346,
      710381074910.54
    ]
  },
  "n_evaluations": 15
}