{
  "index": 8,
  "background_scenario": "b",
  "best_fit_raw": 316876.2833846551,
  "best_fit_physical": 1228382049691.0364,
  "levels": [
    0.678,
    0.954
  ],
  "band_raw": {
    "0.678000": [
      262048.58546737942,
      710748.8256003751
    ],
    "0.954000": [
      249098.09850306172,
      909958.8679592893
    ]
  },
  "band_physical": {
    "0.678000": [
      1015840551702.9751,
      2755242802903.831
    ],
    "0.954000": [
      965637533819.1317,
      3527487533680.4585
    ]
  },
  "n_evaluations": 22
}