{
  "index": 13,
  "background_scenario": "b",
  "best_fit_raw": 316876.28338465805,
  "best_fit_physical": 1228382049691.0479,
  "levels": [
    0.678,
    0.954
  ],
  "band_raw": {
    "0.678000": [
      262048.5854673819,
      435006.64742969396
    ],
    "0.954000": [
      249098.09850306407,
      493769.67262033373
    ]
  },
  "band_physical": {
    "0.678000": [
      1015840551702.9846,
      1686318557802.1392
    ],
    "0.954000": [
      965637533819.1409,
      1914115490279.0984
    ]
  },
  "n_evaluations": 19
}