{
  "index": 100,
  "background_scenario": "b",
  "best_fit_raw": 99352.14160342375,
  "best_fit_physical": 385142068823.94196,
  "levels": [
    0.678,
    0.954
  ],
  "band_raw": {
    "0.678000": [
      76146.89623655839,
      126405.58995944343
    ],
    "0.954000": [
      68806.4880080251,
      136390.27058835444
    ]
  },
  "band_physical": {
    "0.678000": [
      295186119571.87537,
      490015712215.03754
    ],
    "0.954000": [
      266730769082.9618,
      528721677601.42035
    ]
  },
  "n_evaluations": 15
}