{
  "index": 80,
  "background_scenario": "b",
  "bkg_penalty": true,
  "best_fit_raw": 144031.87364721092,
  "best_fit_physical": 558344620436.0812,
  "levels": [
    0.678,
    0.954
  ],
  "band_raw": {
    "0.678000": [
      110390.97859761993,
      174195.22648128826
    ],
    "0.954000": [
      99749.50944126089,
      187954.77385616722
    ]
  },
  "band_physical": {
    "0.678000": [
      427934508410.4528,
      675273917839.1954
    ],
    "0.954000": [
      386682479213.47925,
      728613286840.3695
    ]
  },
  "n_evaluations": 16
}