{
  "index": 5,
  "background_scenario": "b",
  "bkg_penalty": true,
  "best_fit_raw": 316876.2833846551,
  "best_fit_physical": 1228382049691.0364,
  "levels": [
    0.678,
    0.954
  ],
  "band_raw": {
    "0.678000": [
      262048.58546737942,
      1328658.8013867356
    ],
    "0.954000": [
      242864.87519345115,
      1795172.5551992538
    ]
  },
  "band_physical": {
    "0.678000": [
      1015840551702.9751,
      5150592541525.97
    ],
    "0.954000": [
      941474224582.2999,
      6959049504591.421
    ]
  },
  "n_evaluations": 26
}