{
  "index": 40,
  "background_scenario": "b",
  "bkg_penalty": true,
  "best_fit_raw": 248255.93766067692,
  "best_fit_physical": 962372867714.4666,
  "levels": [
    0.678,
    0.954
  ],
  "band_raw": {
    "0.678000": [
      200164.02476787753,
      278266.01776975195
    ],
    "0.954000": [
      190271.88362596527,
      292732.930433461
    ]
  },
  "band_physical": {
    "0.678000": [
      775942877114.2914,
      1078707998012.0815
    ],
    "0.954000": [
      737595644301.7153,
      1134789493416.9492
    ]
  },
  "n_evaluations": 13
}