{
  "index": 1,
  "background_scenario": "b",
  "bkg_penalty": true,
  "best_fit_raw": 316876.2833846551,
  "best_fit_physical": 1228382049691.0364,
  "levels": [
    0.678,
    0.954
  ],
  "band_raw": {
    "0.678000": [
      262048.58546737942,
      5624345.177190937
    ],
    "0.954000": [
      242864.87519345115,
      8019583.58102374
    ]
  },
  "band_physical": {
    "0.678000": [
      1015840551702.9751,
      21802971756460.156
    ],
    "0.954000": [
      941474224582.2999,
      31088197613603.953
    ]
  },
  "n_evaluations": 24
}