{
  "index": 120,
  "background_scenario": "b",
  "bkg_penalty": true,
  "best_fit_raw": 66902.56686510914,
  "best_fit_physical": 259350151855.93436,
  "levels": [
    0.678,
    0.954
  ],
  "band_raw": {
    "0.678000": [
      44043.673209712506,
      94200.81113255824
    ],
    "0.954000": [
      35061.637753521776,
      101641.66097507498
    ]
  },
  "band_physical": {
    "0.678000": [
      170736847186.49026,
      365172755201.4505
    ],
    "0.954000": [
      135917671051.8101,
      394017471137.1605
    ]
  },
  "n_evaluations": 20
}