{
  "index": 40,
  "background_scenario": "b",
  "best_fit_raw": 248255.93766067692,
  "best_fit_physical": 962372867714.4666,
  "levels": [
    0.678,
    0.954
  ],
  "band_raw": {
    "0.678000": [
      205301.31382186193,
      271302.9207462971
    ],
    "0.954000": [
      195155.2869556406,
      285407.825438948
    ]
  },
  "band_physical": {
    "0.678000": [
      795857758690.734,
      1051715307670.892
    ],
    "0.954000": [
      756526328944.6326,
      1106393466452.5732
    ]
  },
  "n_evaluations": 16
}