{
  "index": 50,
  "background_scenario": "b",
  "bkg_penalty": true,
  "best_fit_raw": 222617.02639210926,
  "best_fit_physical": 862982727059.166,
  "levels": [
    0.678,
    0.954
  ],
  "band_raw": {
    "0.678000": [
      179491.85991034436,
      249527.78171431512
    ],
    "0.954000": [
      166351.85447621008,
      262500.6076963112
    ]
  },
  "band_physical": {
    "0.678000": [
      695806503486.0298,
      967303215889.4954
    ],
    "0.954000": [
      644868810592.997,
      1017592831760.5112
    ]
  },
  "n_evaluations": 13
}