{
  "index": 20,
  "background_scenario": "b",
  "best_fit_raw": 316876.2833846604,
  "best_fit_physical": 1228382049691.057,
  "levels": [
    0.678,
    0.954
  ],
  "band_raw": {
    "0.678000": [
      255491.29996018155,
      337628.31135415926
    ],
    "0.954000": [
      242864.87519345526,
      364297.31279018277
    ]
  },
  "band_physical": {
    "0.678000": [
      990421003967.4846,
      1308828015479.777
    ],
    "0.954000": [
      941474224582.3159,
      1412211336873.4734
    ]
  },
  "n_evaluations": 14
}