{
  "index": 50,
  "background_scenario": "b",
  "best_fit_raw": 222617.02639210926,
  "best_fit_physical": 862982727059.166,
  "levels": [
    0.678,
    0.954
  ],
  "band_raw": {
    "0.678000": [
      184098.58965744072,
      249527.78171431512
    ],
    "0.954000": [
      175000.4051308742,
      255932.01116140242
    ]
  },
  "band_physical": {
    "0.678000": [
      713664653261.921,
      967303215889.4954
    ],
    "0.954000": [
      678395221173.6744,
      992129436428.5543
    ]
  },
  "n_evaluations": 14
}