{
  "index": 120,
  "background_scenario": "b",
  "best_fit_raw": 66902.56686510914,
  "best_fit_physical": 259350151855.93436,
  "levels": [
    0.678,
    0.954
  ],
  "band_raw": {
    "0.678000": [
      46333.48200066977,
      91843.60850731033
    ],
    "0.954000": [
      41867.027170025896,
      96618.51229773488
    ]
  },
  "band_physical": {
    "0.678000": [
      179613371443.8208,
      356034976376.8225
    ],
    "0.954000": [
      162299002311.7558,
      374545058742.43524
    ]
  },
  "n_evaluations": 17
}