{
  "index": 90,
  "background_scenario": "b",
  "bkg_penalty": true,
  "best_fit_raw": 122363.74031239982,
  "best_fit_physical": 474347340000.6629,
  "levels": [
    0.678,
    0.954
  ],
  "band_raw": {
    "0.678000": [
      89148.96578914444,
      151787.5275432253
    ],
    "0.954000": [
      82622.66484434433,
      163777.10796017828
    ]
  },
  "band_physical": {
    "0.678000": [
      345589099172.0978,
      588409685349.4932
    ],
    "0.954000": [
      320289664181.7468,
      634887715229.799
    ]
  },
  "n_evaluations": 13
}