{
  "index": 160,
  "background_scenario": "b",
  "best_fit_raw": 30313.916797425565,
  "best_fit_physical": 117512963898.85764,
  "levels": [
    0.678,
    0.954
  ],
  "band_raw": {
    "0.678000": [
      0.0,
      39558.22577376519
    ],
    "0.954000": [
      0.0,
      46054.38921593063
    ]
  },
  "band_physical": {
    "0.678000": [
      0.0,
      153348852552.4394
    ],
    "0.954000": [
      0.0,
      178531458454.59378
    ]
  },
  "n_evaluations": 36
}