{
  "index": 90,
  "background_scenario": "b",
  "best_fit_raw": 122363.74031239982,
  "best_fit_physical": 474347340000.6629,
  "levels": [
    0.678,
    0.954
  ],
  "band_raw": {
    "0.678000": [
      91437.00934069525,
      147989.32289824297
    ],
    "0.954000": [
      84743.20829468759,
      155683.2146162817
    ]
  },
  "band_physical": {
    "0.678000": [
      354458780416.8269,
      573685811548.923
    ],
    "0.954000": [
      328510025397.0719,
      603511453208.6768
    ]
  },
  "n_evaluations": 16
}