{
  "index": 130,
  "background_scenario": "b",
  "bkg_penalty": true,
  "best_fit_raw": 54007.17169055646,
  "best_fit_physical": 209360699231.4089,
  "levels": [
    0.678,
    0.954
  ],
  "band_raw": {
    "0.678000": [
      29775.033535563452,
      79997.18467992755
    ],
    "0.954000": [
      24311.21307879594,
      88531.43791220337
    ]
  },
  "band_physical": {
    "0.678000": [
      115423963994.28975,
      310111898047.465
    ],
    "0.954000": [
      94243271958.46252,
      343195230653.079
    ]
  },
  "n_evaluations": 20
}