{
  "index": 25,
  "background_scenario": "b",
  "best_fit_raw": 291339.6012719559,
  "best_fit_physical": 1129388203951.4758,
  "levels": [
    0.678,
    0.954
  ],
  "band_raw": {
    "0.678000": [
      240930.40220138937,
      326557.79123955173
    ],
    "0.954000": [
      229023.57955072745,
      334939.02642091736
    ]
  },
  "band_physical": {
    "0.678000": [
      933975172038.2626,
      1265912755163.435
    ],
    "0.954000": [
      887817955547.6451,
      1298402907916.6187
    ]
  },
  "n_evaluations": 14
}