{
  "index": 20,
  "background_scenario": "b",
  "bkg_penalty": true,
  "best_fit_raw": 316876.2833846604,
  "best_fit_physical": 1228382049691.057,
  "levels": [
    0.678,
    0.954
  ],
  "band_raw": {
    "0.678000": [
      255491.29996018155,
      346293.6758233558
    ],
    "0.954000": [
      236787.62687145371,
      364297.31279018277
    ]
  },
  "band_physical": {
    "0.678000": [
      990421003967.4846,
      1342419605403.4395
    ],
    "0.954000": [
      917915557866.954,
      1412211336873.4734
    ]
  },
  "n_evaluations": 14
}