{
  "index": 160,
  "background_scenario": "b",
  "bkg_penalty": true,
  "best_fit_raw": 30313.916797425565,
  "best_fit_physical": 117512963898.85764,
  "levels": [
    0.678,
    0.954
  ],
  "band_raw": {
    "0.678000": [
      0.0,
      43778.3732392492
    ],
    "0.954000": [
      0.0,
      48448.73413776949
    ]
  },
  "band_physical": {
    "0.678000": [
      0.0,
      169708402526.5752
    ],
    "0.954000": [
      0.0,
      187813220697.38513
    ]
  },
  "n_evaluations": 36
}