{
  "index": 150,
  "background_scenario": "b",
  "best_fit_raw": 30313.91679742556,
  "best_fit_physical": 117512963898.85762,
  "levels": [
    0.678,
    0.954
  ],
  "band_raw": {
    "0.678000": [
      7462.815192339724,
      53617.338102637244
    ],
    "0.954000": [
      5022.715355918352,
      59337.33866064778
    ]
  },
  "band_physical": {
    "0.678000": [
      28929865386.30806,
      207849495626.48236
    ],
    "0.954000": [
      19470732609.0041,
      230023278828.65906
    ]
  },
  "n_evaluations": 27
}