{
  "index": 60,
  "background_scenario": "b",
  "bkg_penalty": true,
  "best_fit_raw": 196742.28474442707,
  "best_fit_physical": 762678381650.5723,
  "levels": [
    0.678,
    0.954
  ],
  "band_raw": {
    "0.678000": [
      154660.13581550977,
      226185.07412115578
    ],
    "0.954000": [
      147016.8048308909,
      237944.32427815069
    ]
  },
  "band_physical": {
    "0.678000": [
      599545452279.6576,
      876814389485.8589
    ],
    "0.954000": [
      569915811080.048,
      922399536018.0923
    ]
  },
  "n_evaluations": 13
}