{
  "index": 4,
  "background_scenario": "b",
  "bkg_penalty": true,
  "best_fit_raw": 316876.2833846551,
  "best_fit_physical": 1228382049691.0364,
  "levels": [
    0.678,
    0.954
  ],
  "band_raw": {
    "0.678000": [
      262048.58546737942,
      1711868.9142242265
    ],
    "0.954000": [
      242864.87519345115,
      2349858.9890667126
    ]
  },
  "band_physical": {
    "0.678000": [
      1015840551702.9751,
      6636120012505.029
    ],
    "0.954000": [
      941474224582.2999,
      9109310960867.123
    ]
  },
  "n_evaluations": 25
}