{
  "index": 70,
  "background_scenario": "b",
  "best_fit_raw": 166592.83826002802,
  "best_fit_physical": 645802992700.7479,
  "levels": [
    0.678,
    0.954
  ],
  "band_raw": {
    "0.678000": [
      137768.01832165872,
      196439.24811072176
    ],
    "0.954000": [
      127682.47733779051,
      206652.02748248802
    ]
  },
  "band_physical": {
    "0.678000": [
      534062565112.8378,
      761503649489.281
    ],
    "0.954000": [
      494965611015.55646,
      801093847669.2565
    ]
  },
  "n_evaluations": 17
}