{
  "index": 60,
  "background_scenario": "b",
  "best_fit_raw": 196742.28474442707,
  "best_fit_physical": 762678381650.5723,
  "levels": [
    0.678,
    0.954
  ],
  "band_raw": {
    "0.678000": [
      158629.5495187671,
      220525.2072463364
    ],
    "0.954000": [
      150790.04941410385,
      231990.20372326465
    ]
  },
  "band_physical": {
    "0.678000": [
      614933024012.0615,
      854873716620.0721
    ],
    "0.954000": [
      584542926323.9059,
      899318178419.4863
    ]
  },
  "n_evaluations": 13
}