{
  "index": 140,
  "background_scenario": "b",
  "bkg_penalty": true,
  "best_fit_raw": 30313.91679742556,
  "best_fit_physical": 117512963898.85762,
  "levels": [
    0.678,
    0.954
  ],
  "band_raw": {
    "0.678000": [
      21532.77072789755,
      64225.22525131182
    ],
    "0.954000": [
      13645.744952868332,
      71983.22543963218
    ]
  },
  "band_physical": {
    "0.678000": [
      83472542532.17116,
      248971342990.3709
    ],
    "0.954000": [
      52898209912.47222,
      279045503388.3715
    ]
  },
  "n_evaluations": 23
}