{
  "index": 13,
  "background_scenario": "flat",
  "best_fit_raw": 8830178.430071736,
  "best_fit_physical": 1044631867543.3063,
  "levels": [
    0.678,
    0.954
  ],
  "band_raw": {
    "0.678000": [
      6598401.663181719,
      10679406.526808854
    ],
    "0.954000": [
      6115354.500184376,
      12122037.894545315
    ]
  },
  "band_physical": {
    "0.678000": [
      780607176491.0396,
      1263400108242.6458
    ],
    "0.954000": [
      723461506786.9097,
      1434066953968.3047
    ]
  },
  "n_evaluations": 16
}