{
  "index": 3,
  "background_scenario": "flat",
  "best_fit_raw": 25700592.460408337,
  "best_fit_physical": 3040443419292.0005,
  "levels": [
    0.678,
    0.954
  ],
  "band_raw": {
    "0.678000": [
      6969221.322463915,
      26030400.40786763
    ],
    "0.954000": [
      6459027.678615096,
      31880599.399805404
    ]
  },
  "band_physical": {
    "0.678000": [
      824476055955.4136,
      3079460512186.943
    ],
    "0.954000": [
      764118890672.3801,
      3771553468953.874
    ]
  },
  "n_evaluations": 20
}