{
  "index": 80,
  "background_scenario": "flat",
  "best_fit_raw": 3608997.3135564164,
  "best_fit_physical": 426953275460.4356,
  "levels": [
    0.678,
    0.954
  ],
  "band_raw": {
    "0.678000": [
      2436873.658003849,
      5211996.604336476
    ],
    "0.954000": [
      2040765.4238512684,
      5623688.219794029
    ]
  },
  "band_physical": {
    "0.678000": [
      288288158669.40173,
      616592041659.7009
    ],
    "0.954000": [
      241427578481.9264,
      665296174256.0171
    ]
  },
  "n_evaluations": 21
}