{
  "index": 2,
  "background_scenario": "flat",
  "best_fit_raw": 8830178.430071736,
  "best_fit_physical": 1044631867543.3063,
  "levels": [
    0.678,
    0.954
  ],
  "band_raw": {
    "0.678000": [
      6941449.302797952,
      28285092.986004196
    ],
    "0.954000": [
      6433288.756659023,
      45489855.26192516
    ]
  },
  "band_physical": {
    "0.678000": [
      821190557593.3075,
      3346196200178.6636
    ],
    "0.954000": [
      761073912779.2998,
      5381561973278.668
    ]
  },
  "n_evaluations": 25
}