{
  "index": 30,
  "background_scenario": "flat",
  "best_fit_raw": 5668663.674820188,
  "best_fit_physical": 670616881413.823,
  "levels": [
    0.678,
    0.954
  ],
  "band_raw": {
    "0.678000": [
      5457666.540474413,
      8612111.887717126
    ],
    "0.954000": [
      5058128.823079611,
      9292376.002357092
    ]
  },
  "band_physical": {
    "0.678000": [
      645655400483.0099,
      1018834058224.6608
    ],
    "0.954000": [
      598389103977.0704,
      1099310979288.7878
    ]
  },
  "n_evaluations": 15
}