{
  "index": 80,
  "background_scenario": "flat",
  "best_fit_raw": 2363580.4977839515,
  "best_fit_physical": 279617397206.87933,
  "levels": [
    0.678,
    0.954
  ],
  "band_raw": {
    "0.678000": [
      2334008.3630678235,
      5201666.870148063
    ],
    "0.954000": [
      2004786.7609577496,
      5612542.547822438
    ]
  },
  "band_physical": {
    "0.678000": [
      276118940798.5075,
      615370008650.7506
    ],
    "0.954000": [
      237171214003.24594,
      663977613796.6885
    ]
  },
  "n_evaluations": 19
}