{
  "index": 130,
  "background_scenario": "flat",
  "best_fit_raw": 1828254.9457690157,
  "best_fit_physical": 216287065257.9166,
  "levels": [
    0.678,
    0.954
  ],
  "band_raw": {
    "0.678000": [
      548656.708083394,
      2640306.3624947527
    ],
    "0.954000": [
      365771.13872226264,
      2996973.0713991523
    ]
  },
  "band_physical": {
    "0.678000": [
      64907440562.40575,
      312354748908.1668
    ],
    "0.954000": [
      43271627041.60383,
      354549299467.24316
    ]
  },
  "n_evaluations": 23
}