{
  "index": 13,
  "background_scenario": "flat",
  "best_fit_raw": 6407787.562857822,
  "best_fit_physical": 758057058712.7488,
  "levels": [
    0.678,
    0.954
  ],
  "band_raw": {
    "0.678000": [
      6327615.993825657,
      10503987.322760154
    ],
    "0.954000": [
      6169279.0023191,
      11922922.125932962
    ]
  },
  "band_physical": {
    "0.678000": [
      748572564538.0068,
      1242647584136.8713
    ],
    "0.954000": [
      729840908269.8402,
      1410511067881.7363
    ]
  },
  "n_evaluations": 15
}