{
  "index": 50,
  "background_scenario": "flat",
  "best_fit_raw": 5795793.808154961,
  "best_fit_physical": 685656689460.5393,
  "levels": [
    0.678,
    0.954
  ],
  "band_raw": {
    "0.678000": [
      4222566.444969831,
      7373980.306609419
    ],
    "0.954000": [
      3626955.8584670564,
      7757349.896380523
    ]
  },
  "band_physical": {
    "0.678000": [
      499540015659.53625,
      872360041184.1713
    ],
    "0.954000": [
      429077815576.6889,
      917713608350.8368
    ]
  },
  "n_evaluations": 17
}