{
  "index": 160,
  "background_scenario": "flat",
  "best_fit_raw": 1037697.6711857164,
  "best_fit_physical": 122762191588.83614,
  "levels": [
    0.678,
    0.954
  ],
  "band_raw": {
    "0.678000": [
      0.0,
      1461109.295449777
    ],
    "0.954000": [
      0.0,
      1658483.7559140157
    ]
  },
  "band_physical": {
    "0.678000": [
      0.0,
      172852830107.32834
    ],
    "0.954000": [
      0.0,
      196202715149.05508
    ]
  },
  "n_evaluations": 36
}