{
  "index": 13,
  "background_scenario": "flat",
  "best_fit_raw": 8830178.430071736,
  "best_fit_physical": 1044631867543.3063,
  "levels": [
    0.678,
    0.954
  ],
  "band_raw": {
    "0.678000": [
      6598401.663181719,
      10412173.954196928
    ],
    "0.954000": [
      6115354.500184376,
      11818706.116348967
    ]
  },
  "band_physical": {
    "0.678000": [
      780607176491.0396,
      1231785836389.9614
    ],
    "0.954000": [
      723461506786.9097,
      1398182057139.5654
    ]
  },
  "n_evaluations": 16
}