{
  "index": 5,
  "background_scenario": "flat",
  "best_fit_raw": 8830178.430071736,
  "best_fit_physical": 1044631867543.3063,
  "levels": [
    0.678,
    0.954
  ],
  "band_raw": {
    "0.678000": [
      6941449.302797952,
      14474899.702482805
    ],
    "0.954000": [
      6433288.756659023,
      19619322.559822515
    ]
  },
  "band_physical": {
    "0.678000": [
      821190557593.3075,
      1712416303753.4248
    ],
    "0.954000": [
      761073912779.2998,
      2321014204628.639
    ]
  },
  "n_evaluations": 17
}