{
  "index": 110,
  "background_scenario": "flat",
  "best_fit_raw": 2331688.9515279,
  "best_fit_physical": 275844548697.8564,
  "levels": [
    0.678,
    0.954
  ],
  "band_raw": {
    "0.678000": [
      1221968.5611942604,
      3453773.745832721
    ],
    "0.954000": [
      1049604.805429592,
      3920327.980873324
    ]
  },
  "band_physical": {
    "0.678000": [
      144561891955.9247,
      408589944897.85925
    ],
    "0.954000": [
      124170834911.3661,
      463784460582.9454
    ]
  },
  "n_evaluations": 19
}