{
  "index": 4,
  "background_scenario": "flat",
  "best_fit_raw": 8830178.430071736,
  "best_fit_physical": 1044631867543.3063,
  "levels": [
    0.678,
    0.954
  ],
  "band_raw": {
    "0.678000": [
      6941449.302797952,
      17012246.717651397
    ],
    "0.954000": [
      6433288.756659023,
      24411414.780060675
    ]
  },
  "band_physical": {
    "0.678000": [
      821190557593.3075,
      2012590708161.1812
    ],
    "0.954000": [
      761073912779.2998,
      2887930522923.9727
    ]
  },
  "n_evaluations": 21
}