{
  "index": 5,
  "background_scenario": "flat",
  "best_fit_raw": 8830178.430071736,
  "best_fit_physical": 1044631867543.3063,
  "levels": [
    0.678,
    0.954
  ],
  "band_raw": {
    "0.678000": [
      7119604.351205902,
      14612598.45224615
    ],
    "0.954000": [
      6433288.756659023,
      22198394.29144424
    ]
  },
  "band_physical": {
    "0.678000": [
      842266738828.4305,
      1728706405166.7542
    ],
    "0.954000": [
      761073912779.2998,
      2626124745810.5645
    ]
  },
  "n_evaluations": 22
}