{
  "index": 4,
  "background_scenario": "flat",
  "best_fit_raw": 12085947.2474308,
  "best_fit_physical": 1429797341480.3296,
  "levels": [
    0.678,
    0.954
  ],
  "band_raw": {
    "0.678000": [
      7009595.011332829,
      17017374.479947522
    ],
    "0.954000": [
      6496445.743249025,
      24887318.815534096
    ]
  },
  "band_physical": {
    "0.678000": [
      829252362837.1764,
      2013197335076.6099
    ],
    "0.954000": [
      768545539923.9152,
      2944231143039.976
    ]
  },
  "n_evaluations": 21
}