{
  "index": 8,
  "background_scenario": "flat",
  "best_fit_raw": 8830178.430071736,
  "best_fit_physical": 1044631867543.3063,
  "levels": [
    0.678,
    0.954
  ],
  "band_raw": {
    "0.678000": [
      6941449.302797952,
      11818706.116348967
    ],
    "0.954000": [
      6433288.756659023,
      13079548.373215009
    ]
  },
  "band_physical": {
    "0.678000": [
      821190557593.3075,
      1398182057139.5654
    ],
    "0.954000": [
      761073912779.2998,
      1547342803085.7593
    ]
  },
  "n_evaluations": 15
}