{
  "index": 20,
  "background_scenario": "flat",
  "best_fit_raw": 6024004.629614637,
  "best_fit_physical": 712654591994.778,
  "levels": [
    0.678,
    0.954
  ],
  "band_raw": {
    "0.678000": [
      5948634.792790985,
      9386852.061179556
    ],
    "0.954000": [
      5654652.220047365,
      10388259.45900911
    ]
  },
  "band_physical": {
    "0.678000": [
      703738154572.699,
      1110487729854.749
    ],
    "0.954000": [
      668959291787.2661,
      1228956692679.3057
    ]
  },
  "n_evaluations": 15
}