{
  "index": 0,
  "background_scenario": "flat",
  "best_fit_raw": 8830178.430071736,
  "best_fit_physical": 1044631867543.3063,
  "levels": [
    0.678,
    0.954
  ],
  "band_raw": {
    "0.678000": [
      7681976.439922896,
      94414269.28596419
    ],
    "0.954000": [
      7119604.351205902,
      191954076.5163526
    ]
  },
  "band_physical": {
    "0.678000": [
      908796742717.1392,
      11169440711531.822
    ],
    "0.954000": [
      842266738828.4305,
      22708640263818.44
    ]
  },
  "n_evaluations": 28
}