{
  "index": 70,
  "background_scenario": "flat",
  "best_fit_raw": 4494193.298274781,
  "best_fit_physical": 531674141746.56213,
  "levels": [
    0.678,
    0.954
  ],
  "band_raw": {
    "0.678000": [
      3034577.2831155225,
      5864709.412252346
    ],
    "0.954000": [
      2477721.9762247726,
      6327958.31193705
    ]
  },
  "band_physical": {
    "0.678000": [
      358997970377.3333,
      693809575246.6243
    ],
    "0.954000": [
      293120615373.0858,
      748613061614.1226
    ]
  },
  "n_evaluations": 18
}