{
  "index": 167,
  "background_scenario": "flat",
  "best_fit_raw": 507066.56732989853,
  "best_fit_physical": 59987224425.12437,
  "levels": [
    0.678,
    0.954
  ],
  "band_raw": {
    "0.678000": [
      0.0,
      1115930.4143491585
    ],
    "0.954000": [
      0.0,
      1375416.309240614
    ]
  },
  "band_physical": {
    "0.678000": [
      0.0,
      132017317885.66664
    ],
    "0.954000": [
      0.0,
      162715138674.70874
    ]
  },
  "n_evaluations": 39
}