{
  "index": 100,
  "background_scenario": "flat",
  "best_fit_raw": 1779834.1930881056,
  "best_fit_physical": 210558770897.67447,
  "levels": [
    0.678,
    0.954
  ],
  "band_raw": {
    "0.678000": [
      1628900.080595255,
      3916982.969365051
    ],
    "0.954000": [
      1364126.1016832287,
      4390129.688509661
    ]
  },
  "band_physical": {
    "0.678000": [
      192702893458.95352,
      463388737478.762
    ],
    "0.954000": [
      161379479299.41714,
      519363160278.5068
    ]
  },
  "n_evaluations": 20
}