{
  "index": 1,
  "background_scenario": "flat",
  "best_fit_raw": 8830178.430071736,
  "best_fit_physical": 1044631867543.3063,
  "levels": [
    0.678,
    0.954
  ],
  "band_raw": {
    "0.678000": [
      7119604.351205902,
      44002318.55583065
    ],
    "0.954000": [
      6433288.756659023,
      85580591.272717
    ]
  },
  "band_physical": {
    "0.678000": [
      842266738828.4305,
      5205582715369.821
    ],
    "0.954000": [
      761073912779.2998,
      10124394834675.21
    ]
  },
  "n_evaluations": 25
}