{
  "index": 70,
  "background_scenario": "flat",
  "best_fit_raw": 2611988.3924425733,
  "best_fit_physical": 309004663270.0441,
  "levels": [
    0.678,
    0.954
  ],
  "band_raw": {
    "0.678000": [
      2579308.2816146594,
      5858651.403572574
    ],
    "0.954000": [
      2514765.819828527,
      6321421.785796665
    ]
  },
  "band_physical": {
    "0.678000": [
      305138525628.9944,
      693092897891.7034
    ],
    "0.954000": [
      297502993354.5982,
      747839774464.4515
    ]
  },
  "n_evaluations": 17
}