{
  "index": 140,
  "background_scenario": "flat",
  "best_fit_raw": 339226.4740481789,
  "best_fit_physical": 40131327799.477,
  "levels": [
    0.678,
    0.954
  ],
  "band_raw": {
    "0.678000": [
      212610.9825916896,
      2287549.053034854
    ],
    "0.954000": [
      45028.38218033007,
      2555761.768567388
    ]
  },
  "band_physical": {
    "0.678000": [
      25152403155.138706,
      270622689936.89044
    ],
    "0.954000": [
      5326968570.567129,
      302352915112.34436
    ]
  },
  "n_evaluations": 33
}