{
  "index": 40,
  "background_scenario": "flat",
  "best_fit_raw": 6224753.923401058,
  "best_fit_physical": 736403728134.7601,
  "levels": [
    0.678,
    0.954
  ],
  "band_raw": {
    "0.678000": [
      4893311.513902225,
      7919745.657629141
    ],
    "0.954000": [
      4421606.088249173,
      8331489.318123512
    ]
  },
  "band_physical": {
    "0.678000": [
      578890810159.6897,
      936925427081.082
    ],
    "0.954000": [
      523086895931.62195,
      985635716733.5028
    ]
  },
  "n_evaluations": 14
}