{
  "index": 40,
  "background_scenario": "flat",
  "best_fit_raw": 5267289.752762643,
  "best_fit_physical": 623133357371.5178,
  "levels": [
    0.678,
    0.954
  ],
  "band_raw": {
    "0.678000": [
      4944334.130765331,
      7802081.425939999
    ],
    "0.954000": [
      4355913.9681108575,
      8418361.855498243
    ]
  },
  "band_physical": {
    "0.678000": [
      584926911464.1818,
      923005458524.8546
    ],
    "0.954000": [
      515315356241.1821,
      995912951975.6511
    ]
  },
  "n_evaluations": 18
}