{
  "index": 16,
  "background_scenario": "flat",
  "best_fit_raw": 6394520.684538466,
  "best_fit_physical": 756487554315.4174,
  "levels": [
    0.678,
    0.954
  ],
  "band_raw": {
    "0.678000": [
      6314515.10516195,
      9714869.458243812
    ],
    "0.954000": [
      6002450.663335124,
      11027205.998551102
    ]
  },
  "band_physical": {
    "0.678000": [
      747022697125.9692,
      1149292996225.6963
    ],
    "0.954000": [
      710104704670.7739,
      1304545642794.854
    ]
  },
  "n_evaluations": 15
}