{
  "index": 110,
  "background_scenario": "flat",
  "best_fit_raw": 1902307.431403318,
  "best_fit_physical": 225047656788.0876,
  "levels": [
    0.678,
    0.954
  ],
  "band_raw": {
    "0.678000": [
      1284479.445744881,
      3539609.130563896
    ],
    "0.954000": [
      971995.867435571,
      3917221.4276012387
    ]
  },
  "band_physical": {
    "0.678000": [
      151957083637.161,
      418744482426.5304
    ],
    "0.954000": [
      114989506303.2546,
      463416947675.7102
    ]
  },
  "n_evaluations": 19
}