{
  "index": 2,
  "background_scenario": "flat",
  "best_fit_raw": 33914083.255158424,
  "best_fit_physical": 4012119619939.266,
  "levels": [
    0.678,
    0.954
  ],
  "band_raw": {
    "0.678000": [
      7014173.46086299,
      34349292.45142804
    ],
    "0.954000": [
      6480129.392523019,
      45392127.27945438
    ]
  },
  "band_physical": {
    "0.678000": [
      829794004698.7788,
      4063605940297.512
    ],
    "0.954000": [
      766615275426.3877,
      5370000512131.742
    ]
  },
  "n_evaluations": 24
}