{
  "index": 60,
  "background_scenario": "flat",
  "best_fit_raw": 2929682.124938328,
  "best_fit_physical": 346588614683.0336,
  "levels": [
    0.678,
    0.954
  ],
  "band_raw": {
    "0.678000": [
      2893027.1624543597,
      6571233.755461179
    ],
    "0.954000": [
      2893027.1624543597,
      7226338.568241645
    ]
  },
  "band_physical": {
    "0.678000": [
      342252242296.27014,
      777393146060.7256
    ],
    "0.954000": [
      342252242296.27014,
      854893659717.4928
    ]
  },
  "n_evaluations": 17
}