{
  "index": 130,
  "background_scenario": "flat",
  "best_fit_raw": 1148624.3419267037,
  "best_fit_physical": 135885090082.2449,
  "levels": [
    0.678,
    0.954
  ],
  "band_raw": {
    "0.678000": [
      552596.2477402482,
      2625782.25245013
    ],
    "0.954000": [
      343598.2849594244,
      2999429.4617993645
    ]
  },
  "band_physical": {
    "0.678000": [
      65373497811.59852,
      310636510899.67444
    ],
    "0.954000": [
      40648523803.26415,
      354839896504.6089
    ]
  },
  "n_evaluations": 27
}