{
  "index": 3,
  "background_scenario": "flat",
  "best_fit_raw": 8830178.430071736,
  "best_fit_physical": 1044631867543.3063,
  "levels": [
    0.678,
    0.954
  ],
  "band_raw": {
    "0.678000": [
      7119604.351205902,
      21169037.805629812
    ],
    "0.954000": [
      6433288.756659023,
      36042997.02797988
    ]
  },
  "band_physical": {
    "0.678000": [
      842266738828.4305,
      2504349337005.4443
    ],
    "0.954000": [
      761073912779.2998,
      4263975365318.9297
    ]
  },
  "n_evaluations": 20
}