{
  "index": 150,
  "background_scenario": "flat",
  "best_fit_raw": 1037697.6711857173,
  "best_fit_physical": 122762191588.83624,
  "levels": [
    0.678,
    0.954
  ],
  "band_raw": {
    "0.678000": [
      0.0,
      1789486.1161446944
    ],
    "0.954000": [
      0.0,
      2136821.5703925192
    ]
  },
  "band_physical": {
    "0.678000": [
      0.0,
      211700617179.47226
    ],
    "0.954000": [
      0.0,
      252791257318.6614
    ]
  },
  "n_evaluations": 35
}