{
  "index": 25,
  "background_scenario": "flat",
  "best_fit_raw": 7723883.582517229,
  "best_fit_physical": 913754460953.3453,
  "levels": [
    0.678,
    0.954
  ],
  "band_raw": {
    "0.678000": [
      5771716.469911654,
      8879774.79210566
    ],
    "0.954000": [
      5349188.195833912,
      9827086.213434018
    ]
  },
  "band_physical": {
    "0.678000": [
      682808281015.1423,
      1050499239386.9386
    ],
    "0.954000": [
      632822145000.4373,
      1162568514888.465
    ]
  },
  "n_evaluations": 16
}