{
  "index": 140,
  "background_scenario": "flat",
  "best_fit_raw": 1037697.6711857173,
  "best_fit_physical": 122762191588.83624,
  "levels": [
    0.678,
    0.954
  ],
  "band_raw": {
    "0.678000": [
      212936.06452416067,
      2283720.6528389365
    ],
    "0.954000": [
      41008.93428713349,
      2608692.705670147
    ]
  },
  "band_physical": {
    "0.678000": [
      25190861148.814728,
      270169780759.7956
    ],
    "0.954000": [
      4851457980.105727,
      308614775403.65717
    ]
  },
  "n_evaluations": 30
}