{
  "index": 16,
  "background_scenario": "flat",
  "best_fit_raw": 7723883.582517225,
  "best_fit_physical": 913754460953.3448,
  "levels": [
    0.678,
    0.954
  ],
  "band_raw": {
    "0.678000": [
      6387454.262887789,
      10079302.277211608
    ],
    "0.954000": [
      5919849.861403772,
      11440868.352395747
    ]
  },
  "band_physical": {
    "0.678000": [
      755651579221.114,
      1192406296742.4685
    ],
    "0.954000": [
      700332826257.9589,
      1353482918598.6433
    ]
  },
  "n_evaluations": 16
}