{
  "index": 5,
  "background_scenario": "flat",
  "best_fit_raw": 6127605.697467844,
  "best_fit_physical": 724910853614.8613,
  "levels": [
    0.678,
    0.954
  ],
  "band_raw": {
    "0.678000": [
      6050939.647234848,
      14550571.78105938
    ],
    "0.954000": [
      6050939.647234848,
      20485994.867532454
    ]
  },
  "band_physical": {
    "0.678000": [
      715841070952.3367,
      1721368497119.6567
    ],
    "0.954000": [
      715841070952.3367,
      2423543674278.7495
    ]
  },
  "n_evaluations": 19
}