{
  "index": 20,
  "background_scenario": "flat",
  "best_fit_raw": 7723883.582517229,
  "best_fit_physical": 913754460953.3453,
  "levels": [
    0.678,
    0.954
  ],
  "band_raw": {
    "0.678000": [
      6071785.155118457,
      9581181.394331688
    ],
    "0.954000": [
      5627289.845007993,
      10603320.218475996
    ]
  },
  "band_physical": {
    "0.678000": [
      718307145902.3268,
      1133477368831.6714
    ],
    "0.954000": [
      665722255393.9294,
      1254398910475.5037
    ]
  },
  "n_evaluations": 15
}