{
  "index": 50,
  "background_scenario": "flat",
  "best_fit_raw": 5795793.808154961,
  "best_fit_physical": 685656689460.5393,
  "levels": [
    0.678,
    0.954
  ],
  "band_raw": {
    "0.678000": [
      4222566.444969831,
      7189459.966197418
    ],
    "0.954000": [
      3815519.5000504386,
      7757349.896380523
    ]
  },
  "band_physical": {
    "0.678000": [
      499540015659.53625,
      850530830219.6597
    ],
    "0.954000": [
      451385359033.2502,
      917713608350.8368
    ]
  },
  "n_evaluations": 17
}