{
  "index": 8,
  "background_scenario": "flat",
  "best_fit_raw": 6372417.9955412885,
  "best_fit_physical": 753872751741.7549,
  "levels": [
    0.678,
    0.954
  ],
  "band_raw": {
    "0.678000": [
      6292688.955803352,
      11857110.238037776
    ],
    "0.954000": [
      6292688.955803352,
      14158550.15055754
    ]
  },
  "band_physical": {
    "0.678000": [
      744440609872.9979,
      1402725359370.5278
    ],
    "0.954000": [
      744440609872.9979,
      1674991372214.2449
    ]
  },
  "n_evaluations": 14
}