{
  "index": 0,
  "background_scenario": "flat",
  "best_fit_raw": 8830178.430071736,
  "best_fit_physical": 1044631867543.3063,
  "levels": [
    0.678,
    0.954
  ],
  "band_raw": {
    "0.678000": [
      7681976.439922896,
      92051725.26170346
    ],
    "0.954000": [
      6941449.302797952,
      164878154.42359316
    ]
  },
  "band_physical": {
    "0.678000": [
      908796742717.1392,
      10889945931696.81
    ],
    "0.954000": [
      821190557593.3075,
      19505491959941.35
    ]
  },
  "n_evaluations": 28
}