{
  "index": 20,
  "background_scenario": "flat",
  "best_fit_raw": 7723883.582517229,
  "best_fit_physical": 913754460953.3453,
  "levels": [
    0.678,
    0.954
  ],
  "band_raw": {
    "0.678000": [
      6227619.928383572,
      9341429.892575357
    ],
    "0.954000": [
      5771716.469911654,
      10603320.218475996
    ]
  },
  "band_physical": {
    "0.678000": [
      736742783586.5817,
      1105114175379.8723
    ],
    "0.954000": [
      682808281015.1423,
      1254398910475.5037
    ]
  },
  "n_evaluations": 15
}