{
  "index": 120,
  "background_scenario": "flat",
  "best_fit_raw": 1070878.4525175628,
  "best_fit_physical": 126687559784.24995,
  "levels": [
    0.678,
    0.954
  ],
  "band_raw": {
    "0.678000": [
      908318.0988398782,
      3017296.079287475
    ],
    "0.954000": [
      561215.4232576096,
      3381766.323801758
    ]
  },
  "band_physical": {
    "0.678000": [
      107456269364.05849,
      356953561380.25
    ],
    "0.954000": [
      66393167514.61624,
      400071289431.39514
    ]
  },
  "n_evaluations": 23
}