{
  "index": 90,
  "background_scenario": "flat",
  "best_fit_raw": 2215372.2785729854,
  "best_fit_physical": 262083999660.5331,
  "levels": [
    0.678,
    0.954
  ],
  "band_raw": {
    "0.678000": [
      1976768.9563020365,
      4561882.909398144
    ],
    "0.954000": [
      1697937.4606257277,
      4922222.542569762
    ]
  },
  "band_physical": {
    "0.678000": [
      233856638671.19083,
      539681989542.7368
    ],
    "0.954000": [
      200870185638.00226,
      582311056093.4203
    ]
  },
  "n_evaluations": 16
}