{
  "index": 90,
  "background_scenario": "flat",
  "best_fit_raw": 3149387.5516851377,
  "best_fit_physical": 372580308063.8042,
  "levels": [
    0.678,
    0.954
  ],
  "band_raw": {
    "0.678000": [
      2126535.1278369073,
      4548243.126550587
    ],
    "0.954000": [
      1692860.719571292,
      4907505.363733433
    ]
  },
  "band_physical": {
    "0.678000": [
      251574345816.55054,
      538068369620.8104
    ],
    "0.954000": [
      200269594661.19162,
      580569977571.1102
    ]
  },
  "n_evaluations": 21
}