{
  "index": 3,
  "background_scenario": "flat",
  "best_fit_raw": 8830178.430071736,
  "best_fit_physical": 1044631867543.3063,
  "levels": [
    0.678,
    0.954
  ],
  "band_raw": {
    "0.678000": [
      6941449.302797952,
      20639321.43812227
    ],
    "0.954000": [
      6433288.756659023,
      31753556.708444726
    ]
  },
  "band_physical": {
    "0.678000": [
      821190557593.3075,
      2441682585405.8203
    ],
    "0.954000": [
      761073912779.2998,
      3756524005508.167
    ]
  },
  "n_evaluations": 20
}