{
  "index": 150,
  "background_scenario": "flat",
  "best_fit_raw": 107340.66248215683,
  "best_fit_physical": 12698664879.771885,
  "levels": [
    0.678,
    0.954
  ],
  "band_raw": {
    "0.678000": [
      0.0,
      1811069.4079581005
    ],
    "0.954000": [
      0.0,
      2108479.179227572
    ]
  },
  "band_physical": {
    "0.678000": [
      0.0,
      214253973786.39957
    ],
    "0.954000": [
      0.0,
      249438282602.72
    ]
  },
  "n_evaluations": 42
}