{
  "index": 90,
  "background_scenario": "flat",
  "best_fit_raw": 3149387.5516851377,
  "best_fit_physical": 372580308063.8042,
  "levels": [
    0.678,
    0.954
  ],
  "band_raw": {
    "0.678000": [
      1970858.524175818,
      4548243.126550587
    ],
    "0.954000": [
      1650499.9831362597,
      5033458.434554796
    ]
  },
  "band_physical": {
    "0.678000": [
      233157419986.2124,
      538068369620.8104
    ],
    "0.954000": [
      195258215155.8878,
      595470536221.9806
    ]
  },
  "n_evaluations": 20
}