{
  "index": 10,
  "background_scenario": "flat",
  "best_fit_raw": 11428377.947874341,
  "best_fit_physical": 1352005272964.9907,
  "levels": [
    0.678,
    0.9,
    0.954
  ],
  "band_raw": {
    "0.678000": [
      6798334.518234788,
      11575034.873374555
    ],
    "0.900000": [
      6462359.636323318,
      13138652.50971556
    ],
    "0.954000": [
      6300650.932153014,
      13475861.235412098
    ]
  },
  "band_physical": {
    "0.678000": [
      804259725917.0035,
      1369355148642.6677
    ],
    "0.900000": [
      764513069479.8503,
      1554334968077.7869
    ],
    "0.954000": [
      745382531295.011,
      1594227591275.143
    ]
  },
  "n_evaluations": 16
}