{
  "index": 1,
  "background_scenario": "flat",
  "best_fit_raw": 20802502.849337287,
  "best_fit_physical": 2460987348463.0845,
  "levels": [
    0.678,
    0.954
  ],
  "band_raw": {
    "0.678000": [
      6974518.466275791,
      43935817.42414952
    ],
    "0.954000": [
      6463937.036047645,
      72934462.15584093
    ]
  },
  "band_physical": {
    "0.678000": [
      825102721121.5443,
      5197715467620.306
    ],
    "0.954000": [
      764699679754.256,
      8628326597643.141
    ]
  },
  "n_evaluations": 24
}