{
  "index": 25,
  "background_scenario": "flat",
  "best_fit_raw": 6211855.756527334,
  "best_fit_physical": 734877843210.0233,
  "levels": [
    0.678,
    0.954
  ],
  "band_raw": {
    "0.678000": [
      5685075.824336962,
      8970960.157835081
    ],
    "0.954000": [
      5404118.381949246,
      9679569.422183335
    ]
  },
  "band_physical": {
    "0.678000": [
      672558479144.3649,
      1061286692851.0891
    ],
    "0.954000": [
      639320521376.4734,
      1145116914973.6326
    ]
  },
  "n_evaluations": 18
}