{
  "index": 50,
  "background_scenario": "flat",
  "best_fit_raw": 5598034.656137374,
  "best_fit_physical": 662261294460.097,
  "levels": [
    0.678,
    0.954
  ],
  "band_raw": {
    "0.678000": [
      4290526.174977397,
      7305170.107072767
    ],
    "0.954000": [
      3779915.030385781,
      7684962.288596008
    ]
  },
  "band_physical": {
    "0.678000": [
      507579819185.3372,
      864219625017.3582
    ],
    "0.954000": [
      447173262535.6285,
      909149975972.8763
    ]
  },
  "n_evaluations": 15
}