{
  "index": 160,
  "background_scenario": "flat",
  "best_fit_raw": 141145.65486259264,
  "best_fit_physical": 16697878780.410473,
  "levels": [
    0.678,
    0.954
  ],
  "band_raw": {
    "0.678000": [
      0.0,
      1464394.9624545393
    ],
    "0.954000": [
      0.0,
      1672777.4704083693
    ]
  },
  "band_physical": {
    "0.678000": [
      0.0,
      173241532610.51007
    ],
    "0.954000": [
      0.0,
      197893696796.21146
    ]
  },
  "n_evaluations": 42
}