{
  "index": 30,
  "background_scenario": "flat",
  "best_fit_raw": 6887868.471008811,
  "best_fit_physical": 814851813159.1298,
  "levels": [
    0.678,
    0.954
  ],
  "band_raw": {
    "0.678000": [
      5553556.8986605285,
      8763425.363454014
    ],
    "0.954000": [
      5018205.14079093,
      9219031.514661897
    ]
  },
  "band_physical": {
    "0.678000": [
      656999466148.7979,
      1036734815269.9756
    ],
    "0.954000": [
      593666033982.6522,
      1090634145659.457
    ]
  },
  "n_evaluations": 14
}