{
  "index": 16,
  "background_scenario": "flat",
  "best_fit_raw": 7723883.582517225,
  "best_fit_physical": 913754460953.3448,
  "levels": [
    0.678,
    0.954
  ],
  "band_raw": {
    "0.678000": [
      6551390.808956008,
      9827086.21343401
    ],
    "0.954000": [
      6071785.155118455,
      11154581.593384366
    ]
  },
  "band_physical": {
    "0.678000": [
      775045676592.3097,
      1162568514888.4644
    ],
    "0.954000": [
      718307145902.3267,
      1319614489541.7063
    ]
  },
  "n_evaluations": 16
}