{
  "index": 16,
  "background_scenario": "b",
  "T": 30,
  "threshold": 0.001,
  "energy_MeV": 0.3426815642458101,
  "best_fit_raw": 10383402.198692331,
  "best_fit_physical": 1228382066814.6028,
  "lower_raw": 9070675.170561034,
  "upper_raw": 11514750.778384931,
  "lower_physical": 1073083224573.6277,
  "upper_physical": 1362223391653.737
}