{
  "index": 80,
  "background_scenario": "b",
  "T": 30,
  "threshold": 0.001,
  "energy_MeV": 0.9934078212290502,
  "best_fit_raw": 4719633.363553943,
  "best_fit_physical": 558344256996.9674,
  "lower_raw": 4406222.550606325,
  "upper_raw": 4944471.024184626,
  "lower_physical": 521266985520.46387,
  "upper_physical": 584943106293.0161
}