{
  "index": 5,
  "background_scenario": "b",
  "T": 30,
  "threshold": 0.001,
  "energy_MeV": 0.23083798882681564,
  "best_fit_raw": 10383402.198695483,
  "best_fit_physical": 1228382066814.9756,
  "lower_raw": 9075705.924272522,
  "upper_raw": 30502799.035903957,
  "lower_physical": 1073678375134.4459,
  "upper_physical": 3608556290738.0176
}