{
  "index": 4,
  "background_scenario": "b",
  "T": 30,
  "threshold": 0.001,
  "energy_MeV": 0.2206703910614525,
  "best_fit_raw": 10383402.198695483,
  "best_fit_physical": 1228382066814.9756,
  "lower_raw": 9075772.121024292,
  "upper_raw": 38216331.05638522,
  "lower_physical": 1073686206373.3019,
  "upper_physical": 4521086136394.259
}