{
  "index": 40,
  "background_scenario": "b",
  "T": 30,
  "threshold": 0.001,
  "energy_MeV": 0.5867039106145251,
  "best_fit_raw": 8134832.464924962,
  "best_fit_physical": 962370726399.63,
  "lower_raw": 7387372.993193823,
  "upper_raw": 8340859.570986497,
  "lower_physical": 873944429009.2737,
  "upper_physical": 986744240737.3075
}