{
  "index": 1,
  "background_scenario": "b",
  "T": 30,
  "threshold": 0.001,
  "energy_MeV": 0.19016759776536313,
  "best_fit_raw": 10383402.198695483,
  "best_fit_physical": 1228382066814.9756,
  "lower_raw": 9075732.385134988,
  "upper_raw": 117383561.09237874,
  "lower_physical": 1073681505519.6802,
  "upper_physical": 13886764533003.803
}