{
  "index": 40,
  "background_scenario": "b",
  "bkg_penalty": true,
  "best_fit_raw": 8861913.602389617,
  "best_fit_physical": 736315148031.0226,
  "levels": [
    0.678,
    0.954
  ],
  "band_raw": {
    "0.678000": [
      7907454.594456963,
      10188112.77715708
    ],
    "0.954000": [
      7709585.0378683945,
      10449594.730827544
    ]
  },
  "band_physical": {
    "0.678000": [
      657011438104.7637,
      846505856889.2325
    ],
    "0.954000": [
      640570931190.8779,
      868231765317.4519
    ]
  },
  "n_evaluations": 12
}