{
  "index": 0,
  "background_scenario": "b",
  "bkg_penalty": true,
  "best_fit_raw": 12574078.50315038,
  "best_fit_physical": 1044750026890.842,
  "levels": [
    0.678,
    0.954
  ],
  "band_raw": {
    "0.678000": [
      12106050.289907034,
      56171259.220403165
    ],
    "0.954000": [
      11507767.165465854,
      88918584.22700948
    ]
  },
  "band_physical": {
    "0.678000": [
      1005862685106.7783,
      4667135215221.173
    ],
    "0.954000": [
      956152775136.7034,
      7388031913351.635
    ]
  },
  "n_evaluations": 24
}