{
  "index": 90,
  "background_scenario": "b",
  "bkg_penalty": true,
  "best_fit_raw": 4615744.891901386,
  "best_fit_physical": 383511173302.04626,
  "levels": [
    0.678,
    0.954
  ],
  "band_raw": {
    "0.678000": [
      3628461.125164579,
      5442691.6877468685
    ],
    "0.954000": [
      3362833.4865294755,
      5725654.537228836
    ]
  },
  "band_physical": {
    "0.678000": [
      301480132889.12524,
      452220199333.6878
    ],
    "0.954000": [
      279409769439.63306,
      475730903878.0667
    ]
  },
  "n_evaluations": 16
}