{
  "index": 4,
  "background_scenario": "b",
  "bkg_penalty": true,
  "best_fit_raw": 12574078.47502051,
  "best_fit_physical": 1044750024553.5986,
  "levels": [
    0.678,
    0.954
  ],
  "band_raw": {
    "0.678000": [
      11219806.361185048,
      16408576.90993416
    ],
    "0.954000": [
      10665321.566834636,
      18625135.26369322
    ]
  },
  "band_physical": {
    "0.678000": [
      932226802514.4945,
      1363349303378.303
    ],
    "0.954000": [
      886155990751.7864,
      1547517821104.25
    ]
  },
  "n_evaluations": 14
}