{
  "index": 3,
  "background_scenario": "b",
  "bkg_penalty": true,
  "best_fit_raw": 12574078.475031395,
  "best_fit_physical": 1044750024554.503,
  "levels": [
    0.678,
    0.954
  ],
  "band_raw": {
    "0.678000": [
      11219806.36119476,
      18625135.263709348
    ],
    "0.954000": [
      10665321.566843871,
      23396493.250207912
    ]
  },
  "band_physical": {
    "0.678000": [
      932226802515.3014,
      1547517821105.5898
    ],
    "0.954000": [
      886155990752.5537,
      1943958513236.7285
    ]
  },
  "n_evaluations": 17
}