{
  "index": 80,
  "background_scenario": "b",
  "bkg_penalty": true,
  "best_fit_raw": 5407270.021674439,
  "best_fit_physical": 449277098050.16895,
  "levels": [
    0.678,
    0.954
  ],
  "band_raw": {
    "0.678000": [
      4359778.625010845,
      6376024.7348174
    ],
    "0.954000": [
      4144317.6022016136,
      6707511.10789144
    ]
  },
  "band_physical": {
    "0.678000": [
      362243550060.30817,
      529768603837.5043
    ],
    "0.954000": [
      344341410407.09424,
      557311011585.021
    ]
  },
  "n_evaluations": 15
}