{
  "index": 50,
  "background_scenario": "b",
  "bkg_penalty": true,
  "best_fit_raw": 8249764.956565701,
  "best_fit_physical": 685453185142.4106,
  "levels": [
    0.678,
    0.954
  ],
  "band_raw": {
    "0.678000": [
      6997442.897097338,
      9247026.53089296
    ],
    "0.954000": [
      6822344.715152284,
      9484355.132943947
    ]
  },
  "band_physical": {
    "0.678000": [
      581400748617.7172,
      768313257658.6246
    ],
    "0.954000": [
      566852260611.2363,
      788032322026.8494
    ]
  },
  "n_evaluations": 11
}