{
  "index": 4,
  "background_scenario": "b",
  "best_fit_raw": 12573089.500106273,
  "best_fit_physical": 1044667852999.7958,
  "levels": [
    0.678,
    0.954
  ],
  "band_raw": {
    "0.678000": [
      11506862.03219866,
      15996724.078860201
    ],
    "0.954000": [
      10938190.89633885,
      18623670.36178517
    ]
  },
  "band_physical": {
    "0.678000": [
      956077569784.279,
      1329129439375.4033
    ],
    "0.954000": [
      908828048928.1202,
      1547396105917.9287
    ]
  },
  "n_evaluations": 15
}