{
  "index": 90,
  "background_scenario": "b",
  "best_fit_raw": 4487748.055752238,
  "best_fit_physical": 372876223156.3747,
  "levels": [
    0.678,
    0.954
  ],
  "band_raw": {
    "0.678000": [
      3806503.6909558885,
      5291763.217373826
    ],
    "0.954000": [
      3527842.144915883,
      5566879.370313922
    ]
  },
  "band_physical": {
    "0.678000": [
      316273262687.9873,
      439679914696.42206
    ],
    "0.954000": [
      293119943130.948,
      462538656043.57184
    ]
  },
  "n_evaluations": 17
}