{
  "index": 110,
  "background_scenario": "b",
  "bkg_penalty": true,
  "best_fit_raw": 3320029.3470524014,
  "best_fit_physical": 275853276146.0284,
  "levels": [
    0.678,
    0.954
  ],
  "band_raw": {
    "0.678000": [
      2418830.790262604,
      4015314.4535970963
    ],
    "0.954000": [
      2241756.1878590314,
      4332481.063528512
    ]
  },
  "band_physical": {
    "0.678000": [
      200974849372.70795,
      333622848172.90704
    ],
    "0.954000": [
      186262145330.30298,
      359975461143.4482
    ]
  },
  "n_evaluations": 15
}