{
  "index": 25,
  "background_scenario": "b",
  "bkg_penalty": true,
  "best_fit_raw": 10997780.932994096,
  "best_fit_physical": 913779242161.2781,
  "levels": [
    0.678,
    0.954
  ],
  "band_raw": {
    "0.678000": [
      9328307.470404375,
      11718018.67084609
    ],
    "0.954000": [
      9094883.675067678,
      12018766.265834413
    ]
  },
  "band_physical": {
    "0.678000": [
      775066695989.6313,
      973622068480.5302
    ],
    "0.954000": [
      755672072646.5469,
      998610464876.5511
    ]
  },
  "n_evaluations": 11
}