{
  "index": 5,
  "background_scenario": "b",
  "bkg_penalty": true,
  "best_fit_raw": 12574078.47502051,
  "best_fit_physical": 1044750024553.5986,
  "levels": [
    0.678,
    0.954
  ],
  "band_raw": {
    "0.678000": [
      11219806.361185048,
      15207359.262121934
    ],
    "0.954000": [
      10665321.566834636,
      17261650.709582195
    ]
  },
  "band_physical": {
    "0.678000": [
      932226802514.4945,
      1263543009856.3442
    ],
    "0.954000": [
      886155990751.7864,
      1434229159496.4954
    ]
  },
  "n_evaluations": 15
}