{
  "index": 150,
  "background_scenario": "b",
  "bkg_penalty": true,
  "best_fit_raw": 1477509.3682428738,
  "best_fit_physical": 122762709952.57938,
  "levels": [
    0.678,
    0.954
  ],
  "band_raw": {
    "0.678000": [
      362033.325998552,
      2080377.2929229506
    ],
    "0.954000": [
      295598.9728597106,
      2188535.079653426
    ]
  },
  "band_physical": {
    "0.678000": [
      30080480806.41482,
      172853559978.95157
    ],
    "0.954000": [
      24560609731.099792,
      181840131087.666
    ]
  },
  "n_evaluations": 18
}