{
  "index": 20,
  "background_scenario": "b",
  "bkg_penalty": true,
  "best_fit_raw": 10997780.93290007,
  "best_fit_physical": 913779242153.4657,
  "levels": [
    0.678,
    0.954
  ],
  "band_raw": {
    "0.678000": [
      9813281.56293939,
      12327232.666979043
    ],
    "0.954000": [
      9567722.17991129,
      12643615.980711017
    ]
  },
  "band_physical": {
    "0.678000": [
      815362030243.3799,
      1024240198364.3793
    ],
    "0.954000": [
      794959090023.3367,
      1050527729132.2584
    ]
  },
  "n_evaluations": 11
}