{
  "index": 8,
  "background_scenario": "b",
  "best_fit_raw": 12573089.472010408,
  "best_fit_physical": 1044667850665.3777,
  "levels": [
    0.678,
    0.954
  ],
  "band_raw": {
    "0.678000": [
      11218923.877249066,
      13396493.17265733
    ],
    "0.954000": [
      10938190.871896334,
      14454671.896551471
    ]
  },
  "band_physical": {
    "0.678000": [
      932153479040.6815,
      1113082489414.2417
    ],
    "0.954000": [
      908828046897.2501,
      1201004021792.677
    ]
  },
  "n_evaluations": 13
}