{
  "index": 2,
  "background_scenario": "b",
  "bkg_penalty": true,
  "best_fit_raw": 12574078.475031395,
  "best_fit_physical": 1044750024554.503,
  "levels": [
    0.678,
    0.954
  ],
  "band_raw": {
    "0.678000": [
      11219806.36119476,
      22240234.458323374
    ],
    "0.954000": [
      10665321.566843871,
      27937702.89556402
    ]
  },
  "band_physical": {
    "0.678000": [
      932226802515.3014,
      1847887743230.6812
    ],
    "0.954000": [
      886155990752.5537,
      2321276731658.385
    ]
  },
  "n_evaluations": 16
}