{
  "index": 130,
  "background_scenario": "b",
  "bkg_penalty": true,
  "best_fit_raw": 2602647.2648994373,
  "best_fit_physical": 216247719410.19785,
  "levels": [
    0.678,
    0.954
  ],
  "band_raw": {
    "0.678000": [
      1329838.8809891567,
      2992137.4822256025
    ],
    "0.954000": [
      1171576.111936621,
      3228484.1277133687
    ]
  },
  "band_physical": {
    "0.678000": [
      110493123319.20096,
      248609527468.20218
    ],
    "0.954000": [
      97343449394.2267,
      268247003420.57822
    ]
  },
  "n_evaluations": 17
}