{
  "index": 13,
  "background_scenario": "b",
  "best_fit_raw": 12573089.472010825,
  "best_fit_physical": 1044667850665.4124,
  "levels": [
    0.678,
    0.954
  ],
  "band_raw": {
    "0.678000": [
      10664482.695409602,
      13061270.487247258
    ],
    "0.954000": [
      10397623.564322542,
      13396493.172657773
    ]
  },
  "band_physical": {
    "0.678000": [
      886086290936.9138,
      1085229640435.3806
    ],
    "0.954000": [
      863913605733.0304,
      1113082489414.2786
    ]
  },
  "n_evaluations": 12
}