{
  "index": 8,
  "background_scenario": "b",
  "bkg_penalty": true,
  "best_fit_raw": 12574078.47502051,
  "best_fit_physical": 1044750024553.5986,
  "levels": [
    0.678,
    0.954
  ],
  "band_raw": {
    "0.678000": [
      11219806.361185048,
      13741400.298868112
    ],
    "0.954000": [
      10665321.566834636,
      14826822.972202744
    ]
  },
  "band_physical": {
    "0.678000": [
      932226802514.4945,
      1141739995353.4067
    ],
    "0.954000": [
      886155990751.7864,
      1231925162152.7207
    ]
  },
  "n_evaluations": 14
}