{
  "index": 110,
  "background_scenario": "b",
  "best_fit_raw": 3319351.893672175,
  "best_fit_physical": 275796988169.37616,
  "levels": [
    0.678,
    0.954
  ],
  "band_raw": {
    "0.678000": [
      2544065.383401543,
      3914039.7451546052
    ],
    "0.954000": [
      2357822.7706201784,
      4223206.743518931
    ]
  },
  "band_physical": {
    "0.678000": [
      211380291371.24396,
      325208175531.71545
    ],
    "0.954000": [
      195905839333.84012,
      350896119962.3124
    ]
  },
  "n_evaluations": 16
}