{
  "index": 100,
  "background_scenario": "b",
  "bkg_penalty": true,
  "best_fit_raw": 3798774.249532298,
  "best_fit_physical": 315631041937.3276,
  "levels": [
    0.678,
    0.954
  ],
  "band_raw": {
    "0.678000": [
      3062879.180800356,
      4712233.783956569
    ],
    "0.954000": [
      2838655.925774104,
      4957220.488225598
    ]
  },
  "band_physical": {
    "0.678000": [
      254487285545.64383,
      391528203937.2585
    ],
    "0.954000": [
      235857113031.64713,
      411883561652.6441
    ]
  },
  "n_evaluations": 13
}