{
  "index": 160,
  "background_scenario": "b",
  "best_fit_raw": 1477584.0542319566,
  "best_fit_physical": 122768915432.29568,
  "levels": [
    0.678,
    0.954
  ],
  "band_raw": {
    "0.678000": [
      111161.68271841772,
      1614756.4216941674
    ],
    "0.954000": [
      17232.489976491048,
      1787021.736608923
    ]
  },
  "band_physical": {
    "0.678000": [
      9236157622.222635,
      134166238469.44066
    ],
    "0.954000": [
      1431806264.119033,
      148479350348.3317
    ]
  },
  "n_evaluations": 33
}