{
  "index": 3,
  "background_scenario": "b",
  "best_fit_raw": 12573089.472010436,
  "best_fit_physical": 1044667850665.38,
  "levels": [
    0.678,
    0.954
  ],
  "band_raw": {
    "0.678000": [
      11506862.006485414,
      17703285.272949584
    ],
    "0.954000": [
      10938190.871896358,
      21682007.844827257
    ]
  },
  "band_physical": {
    "0.678000": [
      956077567647.827,
      1470923516211.2563
    ],
    "0.954000": [
      908828046897.2522,
      1801506032689.0195
    ]
  },
  "n_evaluations": 18
}