{
  "index": 150,
  "background_scenario": "b",
  "best_fit_raw": 1477584.0542319566,
  "best_fit_physical": 122768915432.29568,
  "levels": [
    0.678,
    0.954
  ],
  "band_raw": {
    "0.678000": [
      390649.80662055605,
      1977664.6460165652
    ],
    "0.954000": [
      310982.73622629745,
      2133878.860023234
    ]
  },
  "band_physical": {
    "0.678000": [
      32458155551.47621,
      164319412479.34833
    ],
    "0.954000": [
      25838809734.93285,
      177298876878.53345
    ]
  },
  "n_evaluations": 19
}