{
  "index": 25,
  "background_scenario": "b",
  "best_fit_raw": 10997870.750251913,
  "best_fit_physical": 913786704861.8248,
  "levels": [
    0.678,
    0.954
  ],
  "band_raw": {
    "0.678000": [
      9567800.3181716,
      11718114.370179482
    ],
    "0.954000": [
      9328383.6533182,
      12018864.421329137
    ]
  },
  "band_physical": {
    "0.678000": [
      794965582343.9899,
      973630019908.6296
    ],
    "0.954000": [
      775073025845.2345,
      998618620381.2051
    ]
  },
  "n_evaluations": 12
}