{
  "index": 70,
  "background_scenario": "b",
  "bkg_penalty": true,
  "best_fit_raw": 6102943.032151119,
  "best_fit_physical": 507078900084.4609,
  "levels": [
    0.678,
    0.954
  ],
  "band_raw": {
    "0.678000": [
      5176510.554731394,
      7381029.745484746
    ],
    "0.954000": [
      4920686.496989831,
      7570466.800233143
    ]
  },
  "band_physical": {
    "0.678000": [
      430103847363.55524,
      613272059908.4261
    ],
    "0.954000": [
      408848039938.95087,
      629011930467.7617
    ]
  },
  "n_evaluations": 17
}