{
  "index": 100,
  "background_scenario": "b",
  "best_fit_raw": 3801797.1443650005,
  "best_fit_physical": 315882207019.2827,
  "levels": [
    0.678,
    0.954
  ],
  "band_raw": {
    "0.678000": [
      3143989.0460511986,
      4597974.724821616
    ],
    "0.954000": [
      2913828.0060429964,
      4837021.157106335
    ]
  },
  "band_physical": {
    "0.678000": [
      261226509726.6205,
      382034692736.90643
    ],
    "0.954000": [
      242102980898.83826,
      401896487499.44495
    ]
  },
  "n_evaluations": 17
}