{
  "index": 0,
  "background_scenario": "b",
  "best_fit_raw": 12573089.500106374,
  "best_fit_physical": 1044667852999.8042,
  "levels": [
    0.678,
    0.954
  ],
  "band_raw": {
    "0.678000": [
      12105098.099208958,
      51890418.74357906
    ],
    "0.954000": [
      11802190.208339673,
      78330312.71139139
    ]
  },
  "band_physical": {
    "0.678000": [
      1005783569865.2781,
      4311450446579.3315
    ],
    "0.954000": [
      980615679665.4637,
      6508277826569.214
    ]
  },
  "n_evaluations": 24
}