{
  "index": 1,
  "background_scenario": "b",
  "bkg_penalty": true,
  "best_fit_raw": 12574078.475031395,
  "best_fit_physical": 1044750024554.503,
  "levels": [
    0.678,
    0.954
  ],
  "band_raw": {
    "0.678000": [
      11219806.36119476,
      30431243.04777244
    ],
    "0.954000": [
      10665321.566843871,
      42038035.7061634
    ]
  },
  "band_physical": {
    "0.678000": [
      932226802515.3014,
      2528459002742.539
    ],
    "0.954000": [
      886155990752.5537,
      3492839568597.3027
    ]
  },
  "n_evaluations": 20
}