{
  "index": 60,
  "background_scenario": "b",
  "best_fit_raw": 7203079.562513576,
  "best_fit_physical": 598486605976.5312,
  "levels": [
    0.678,
    0.954
  ],
  "band_raw": {
    "0.678000": [
      6266451.797358515,
      8073814.001899005
    ],
    "0.954000": [
      5956762.652616617,
      8493567.599426502
    ]
  },
  "band_physical": {
    "0.678000": [
      520664451248.6687,
      670833842295.661
    ],
    "0.954000": [
      494933122927.8032,
      705710162035.0763
    ]
  },
  "n_evaluations": 13
}