{
  "index": 1,
  "background_scenario": "b",
  "best_fit_raw": 12573089.472010436,
  "best_fit_physical": 1044667850665.38,
  "levels": [
    0.678,
    0.954
  ],
  "band_raw": {
    "0.678000": [
      11506862.006485414,
      28742378.15532843
    ],
    "0.954000": [
      10938190.871896358,
      39705020.175381646
    ]
  },
  "band_physical": {
    "0.678000": [
      956077567647.827,
      2388135269170.031
    ],
    "0.954000": [
      908828046897.2522,
      3298994903327.374
    ]
  },
  "n_evaluations": 21
}