{
  "index": 120,
  "background_scenario": "b",
  "bkg_penalty": true,
  "best_fit_raw": 2637605.0076649045,
  "best_fit_physical": 219152274418.75092,
  "levels": [
    0.678,
    0.954
  ],
  "band_raw": {
    "0.678000": [
      2021551.137099645,
      3441949.619789253
    ],
    "0.954000": [
      1650589.591612417,
      3713826.5811279383
    ]
  },
  "band_physical": {
    "0.678000": [
      167965835772.13315,
      285983339210.964
    ],
    "0.954000": [
      137143530620.61467,
      308572943896.383
    ]
  },
  "n_evaluations": 18
}