{
  "index": 160,
  "background_scenario": "b",
  "bkg_penalty": true,
  "best_fit_raw": 1477509.3682428738,
  "best_fit_physical": 122762709952.57938,
  "levels": [
    0.678,
    0.954
  ],
  "band_raw": {
    "0.678000": [
      0.0,
      1698620.9467112673
    ],
    "0.954000": [
      0.0,
      1832793.7128676693
    ]
  },
  "band_physical": {
    "0.678000": [
      0.0,
      141134340723.99957
    ],
    "0.954000": [
      0.0,
      152282434082.475
    ]
  },
  "n_evaluations": 34
}