{
  "index": 140,
  "background_scenario": "b",
  "bkg_penalty": true,
  "best_fit_raw": 1477509.3682428745,
  "best_fit_physical": 122762709952.57944,
  "levels": [
    0.678,
    0.954
  ],
  "band_raw": {
    "0.678000": [
      878917.6368645637,
      2547931.4200669024
    ],
    "0.954000": [
      665097.688934349,
      2892119.6275485186
    ]
  },
  "band_physical": {
    "0.678000": [
      73027158572.21863,
      211701511085.99948
    ],
    "0.954000": [
      55261371894.97455,
      240299283792.11353
    ]
  },
  "n_evaluations": 19
}