{
  "index": 2,
  "background_scenario": "b",
  "best_fit_raw": 12573089.472010436,
  "best_fit_physical": 1044667850665.38,
  "levels": [
    0.678,
    0.954
  ],
  "band_raw": {
    "0.678000": [
      11506862.006485414,
      21139455.342380613
    ],
    "0.954000": [
      10938190.871896358,
      27935505.480253052
    ]
  },
  "band_physical": {
    "0.678000": [
      956077567647.827,
      1756426646443.832
    ],
    "0.954000": [
      908828046897.2522,
      2321094153690.1743
    ]
  },
  "n_evaluations": 17
}