{
  "index": 70,
  "background_scenario": "b",
  "best_fit_raw": 6399748.911601605,
  "best_fit_physical": 531739788789.70984,
  "levels": [
    0.678,
    0.954
  ],
  "band_raw": {
    "0.678000": [
      5292428.741332598,
      7173373.821945697
    ],
    "0.954000": [
      5030875.986518204,
      7357481.305087863
    ]
  },
  "band_physical": {
    "0.678000": [
      439735211486.05554,
      596018427234.898
    ],
    "0.954000": [
      418003420360.58673,
      611315476471.1813
    ]
  },
  "n_evaluations": 14
}