{
  "index": 13,
  "background_scenario": "b",
  "bkg_penalty": true,
  "best_fit_raw": 12574078.47502051,
  "best_fit_physical": 1044750024553.5986,
  "levels": [
    0.678,
    0.954
  ],
  "band_raw": {
    "0.678000": [
      10665321.566834636,
      13062297.890722828
    ],
    "0.954000": [
      10398441.444527846,
      13397546.944850873
    ]
  },
  "band_physical": {
    "0.678000": [
      886155990751.7864,
      1085315004926.1829
    ],
    "0.954000": [
      863981561437.7979,
      1113170044818.5813
    ]
  },
  "n_evaluations": 12
}