{
  "index": 40,
  "background_scenario": "b",
  "best_fit_raw": 8940901.38569343,
  "best_fit_physical": 742878053512.3295,
  "levels": [
    0.678,
    0.954
  ],
  "band_raw": {
    "0.678000": [
      8182691.985752469,
      10021710.043727394
    ],
    "0.954000": [
      7778301.915470232,
      10278921.205271285
    ]
  },
  "band_physical": {
    "0.678000": [
      679880252856.103,
      832679852845.929
    ],
    "0.954000": [
      646280451749.7313,
      854050911398.8303
    ]
  },
  "n_evaluations": 13
}