{
  "index": 50,
  "background_scenario": "b",
  "best_fit_raw": 8310341.47567744,
  "best_fit_physical": 690486342837.035,
  "levels": [
    0.678,
    0.954
  ],
  "band_raw": {
    "0.678000": [
      7229734.702354088,
      9081836.81726098
    ],
    "0.954000": [
      6872439.947828626,
      9314925.759819426
    ]
  },
  "band_physical": {
    "0.678000": [
      600701317619.8678,
      754588040521.173
    ],
    "0.954000": [
      571014553352.8157,
      773954841749.9772
    ]
  },
  "n_evaluations": 14
}