{
  "index": 140,
  "background_scenario": "b",
  "best_fit_raw": 1477584.0542319566,
  "best_fit_physical": 122768915432.29568,
  "levels": [
    0.678,
    0.954
  ],
  "band_raw": {
    "0.678000": [
      997696.9630094182,
      2422134.632541251
    ],
    "0.954000": [
      699711.1565091694,
      2749329.5369596854
    ]
  },
  "band_physical": {
    "0.678000": [
      82896247917.63838,
      201249357704.16098
    ],
    "0.954000": [
      58137321903.59892,
      228435197613.14996
    ]
  },
  "n_evaluations": 20
}