{
  "index": 130,
  "background_scenario": "b",
  "best_fit_raw": 2596163.9931047726,
  "best_fit_physical": 215709039905.36417,
  "levels": [
    0.678,
    0.954
  ],
  "band_raw": {
    "0.678000": [
      1360572.0339326423,
      2909997.733169678
    ],
    "0.954000": [
      1260969.0551215918,
      3061287.0763484454
    ]
  },
  "band_physical": {
    "0.678000": [
      113046667291.11925,
      241784732711.7925
    ],
    "0.954000": [
      104770894655.75824,
      254355001405.01834
    ]
  },
  "n_evaluations": 15
}