{
  "index": 30,
  "background_scenario": "b",
  "bkg_penalty": true,
  "best_fit_raw": 9809304.418590698,
  "best_fit_physical": 815031578857.6816,
  "levels": [
    0.678,
    0.954
  ],
  "band_raw": {
    "0.678000": [
      8977452.405441463,
      11277282.104749804
    ],
    "0.954000": [
      8533785.136098675,
      11566718.021032013
    ]
  },
  "band_physical": {
    "0.678000": [
      745914990084.2681,
      937002324205.3926
    ],
    "0.954000": [
      709051740704.9731,
      961050860346.0928
    ]
  },
  "n_evaluations": 14
}