{
  "index": 16,
  "background_scenario": "b",
  "bkg_penalty": true,
  "best_fit_raw": 10997780.93290007,
  "best_fit_physical": 913779242153.4657,
  "levels": [
    0.678,
    0.954
  ],
  "band_raw": {
    "0.678000": [
      10323469.218813706,
      12643615.980711017
    ],
    "0.954000": [
      10065143.324888963,
      12968119.397625288
    ]
  },
  "band_physical": {
    "0.678000": [
      857752299006.2576,
      1050527729132.2584
    ],
    "0.954000": [
      836288620013.2517,
      1077489939799.419
    ]
  },
  "n_evaluations": 12
}