{
  "index": 16,
  "background_scenario": "b",
  "best_fit_raw": 10997870.750251913,
  "best_fit_physical": 913786704861.8248,
  "levels": [
    0.678,
    0.954
  ],
  "band_raw": {
    "0.678000": [
      10323553.529155286,
      12643719.239369474
    ],
    "0.954000": [
      10065225.52551879,
      12968225.306458153
    ]
  },
  "band_physical": {
    "0.678000": [
      857759304150.3412,
      1050536308646.5483
    ],
    "0.954000": [
      836295449866.4453,
      1077498739510.3445
    ]
  },
  "n_evaluations": 12
}