{
  "index": 30,
  "background_scenario": "b",
  "best_fit_raw": 9820436.119698958,
  "best_fit_physical": 815956485206.03,
  "levels": [
    0.678,
    0.954
  ],
  "band_raw": {
    "0.678000": [
      8987640.112196855,
      11007566.133326428
    ],
    "0.954000": [
      8762740.893044256,
      11290079.682268726
    ]
  },
  "band_physical": {
    "0.678000": [
      746761462205.7826,
      914592270989.4165
    ],
    "0.954000": [
      728075125453.6667,
      938065644229.4946
    ]
  },
  "n_evaluations": 13
}