{
  "index": 80,
  "background_scenario": "b",
  "best_fit_raw": 5138267.106784435,
  "best_fit_physical": 426926290991.45416,
  "levels": [
    0.678,
    0.954
  ],
  "band_raw": {
    "0.678000": [
      4470130.152967718,
      6214330.062663881
    ],
    "0.954000": [
      4249215.538330279,
      6537410.009689279
    ]
  },
  "band_physical": {
    "0.678000": [
      371412393866.3575,
      516333781314.47253
    ],
    "0.954000": [
      353057128347.2804,
      543177719282.4204
    ]
  },
  "n_evaluations": 15
}