{
  "index": 60,
  "background_scenario": "b",
  "bkg_penalty": true,
  "best_fit_raw": 7113427.105438586,
  "best_fit_physical": 591037598328.2604,
  "levels": [
    0.678,
    0.954
  ],
  "band_raw": {
    "0.678000": [
      6033602.19776396,
      8177962.552326417
    ],
    "0.954000": [
      5735420.520993384,
      8603130.781490076
    ]
  },
  "band_physical": {
    "0.678000": [
      501317536452.727,
      679487295575.1533
    ],
    "0.954000": [
      476542336047.67426,
      714813504071.5115
    ]
  },
  "n_evaluations": 15
}