{
  "index": 20,
  "background_scenario": "b",
  "best_fit_raw": 10997870.750251913,
  "best_fit_physical": 913786704861.8248,
  "levels": [
    0.678,
    0.954
  ],
  "band_raw": {
    "0.678000": [
      10065225.52551879,
      12018864.421329137
    ],
    "0.954000": [
      9567800.3181716,
      12643719.239369474
    ]
  },
  "band_physical": {
    "0.678000": [
      836295449866.4453,
      998618620381.2051
    ],
    "0.954000": [
      794965582343.9899,
      1050536308646.5483
    ]
  },
  "n_evaluations": 15
}