{
  "index": 5,
  "background_scenario": "b",
  "best_fit_raw": 12573089.472010408,
  "best_fit_physical": 1044667850665.3777,
  "levels": [
    0.678,
    0.954
  ],
  "band_raw": {
    "0.678000": [
      11506862.00648539,
      14825656.781568665
    ],
    "0.954000": [
      10938190.871896334,
      16828385.8158736
    ]
  },
  "band_physical": {
    "0.678000": [
      956077567647.8251,
      1231828266169.7659
    ],
    "0.954000": [
      908828046897.2501,
      1398230218561.0225
    ]
  },
  "n_evaluations": 16
}