{
  "index": 120,
  "background_scenario": "b",
  "best_fit_raw": 2638566.0858973702,
  "best_fit_physical": 219232128104.16898,
  "levels": [
    0.678,
    0.954
  ],
  "band_raw": {
    "0.678000": [
      2074190.5571199008,
      3357043.918249497
    ],
    "0.954000": [
      1874242.7432821626,
      3622214.2433253396
    ]
  },
  "band_physical": {
    "0.678000": [
      172339518938.49017,
      278928728096.15186
    ],
    "0.954000": [
      155726334613.9765,
      300961094458.76276
    ]
  },
  "n_evaluations": 15
}