{
  "index": 150,
  "background_scenario": "a",
  "best_fit_raw": 30313.9186261352,
  "best_fit_physical": 117512970987.91481,
  "levels": [
    0.678,
    0.954
  ],
  "band_raw": {
    "0.678000": [
      7581.956317746723,
      53617.34133714315
    ],
    "0.954000": [
      5351.220568259241,
      59337.342240216996
    ]
  },
  "band_physical": {
    "0.678000": [
      29391720146.36371,
      207849508165.15817
    ],
    "0.954000": [
      20744194610.512268,
      230023292704.98495
    ]
  },
  "n_evaluations": 27
}