{
  "index": 130,
  "background_scenario": "a",
  "best_fit_raw": 53840383.736657344,
  "best_fit_physical": 208714139866.07553,
  "levels": [
    0.678,
    0.954
  ],
  "band_raw": {
    "0.678000": [
      36354200.75594029,
      75808867.39229667
    ],
    "0.954000": [
      27510080.45769494,
      83896302.89601398
    ]
  },
  "band_physical": {
    "0.678000": [
      140928336959.9881,
      293875738876.502
    ],
    "0.954000": [
      106643793782.34361,
      325226966853.19763
    ]
  },
  "n_evaluations": 21
}