{
  "index": 110,
  "background_scenario": "a",
  "best_fit_raw": 85257.76108552329,
  "best_fit_physical": 330504707375.57056,
  "levels": [
    0.678,
    0.954
  ],
  "band_raw": {
    "0.678000": [
      60560.825395692475,
      105758.98322496109
    ],
    "0.954000": [
      53353.54332547636,
      117041.55458095405
    ]
  },
  "band_physical": {
    "0.678000": [
      234766168158.5608,
      409978415549.0658
    ],
    "0.954000": [
      206826885901.30667,
      453715699955.5363
    ]
  },
  "n_evaluations": 18
}