{
  "index": 0,
  "background_scenario": "a",
  "best_fit_raw": 316876.2895454182,
  "best_fit_physical": 1228382073573.4514,
  "levels": [
    0.678,
    0.954
  ],
  "band_raw": {
    "0.678000": [
      305081.62454647094,
      11272486.558615493
    ],
    "0.954000": [
      297447.5161173633,
      16485619.868015718
    ]
  },
  "band_physical": {
    "0.678000": [
      1182659640161.6753,
      43698190334989.586
    ],
    "0.954000": [
      1153065750522.6472,
      63907084833225.7
    ]
  },
  "n_evaluations": 28
}