{
  "index": 120,
  "background_scenario": "a",
  "best_fit_raw": 67582678.64783736,
  "best_fit_physical": 261986629085.3538,
  "levels": [
    0.678,
    0.954
  ],
  "band_raw": {
    "0.678000": [
      45633297.84581165,
      92777263.57080051
    ],
    "0.954000": [
      41234339.36480023,
      97600707.62629157
    ]
  },
  "band_physical": {
    "0.678000": [
      176899082958.36246,
      359654323045.3211
    ],
    "0.954000": [
      159846365797.9205,
      378352573454.49347
    ]
  },
  "n_evaluations": 17
}