{
  "index": 1,
  "background_scenario": "a",
  "best_fit_raw": 320956626.59688646,
  "best_fit_physical": 1244199643563.7825,
  "levels": [
    0.678,
    0.954
  ],
  "band_raw": {
    "0.678000": [
      265422924.99057025,
      5018801960.751498
    ],
    "0.954000": [
      245992190.480036,
      7339823461.981859
    ]
  },
  "band_physical": {
    "0.678000": [
      1028921297461.4672,
      19455562195096.93
    ],
    "0.954000": [
      953597372205.5063,
      28453083620824.38
    ]
  },
  "n_evaluations": 26
}