{
  "index": 8,
  "background_scenario": "a",
  "best_fit_raw": 320956626.5968862,
  "best_fit_physical": 1244199643563.7815,
  "levels": [
    0.678,
    0.954
  ],
  "band_raw": {
    "0.678000": [
      265422924.99057007,
      706347616.6302803
    ],
    "0.954000": [
      245992190.48003584,
      904324079.7080436
    ]
  },
  "band_physical": {
    "0.678000": [
      1028921297461.4666,
      2738181361643.36
    ],
    "0.954000": [
      953597372205.5057,
      3505644078980.3853
    ]
  },
  "n_evaluations": 22
}