{
  "index": 25,
  "background_scenario": "a",
  "best_fit_raw": 301518489.05688083,
  "best_fit_physical": 1168847020203.8838,
  "levels": [
    0.678,
    0.954
  ],
  "band_raw": {
    "0.678000": [
      243108603.48503274,
      329510131.80580026
    ],
    "0.954000": [
      231094133.74564803,
      337967139.97830254
    ]
  },
  "band_physical": {
    "0.678000": [
      942419045870.8569,
      1277357607133.4766
    ],
    "0.954000": [
      895844531657.3676,
      1310141496549.9707
    ]
  },
  "n_evaluations": 14
}