{
  "index": 70,
  "background_scenario": "a",
  "best_fit_raw": 166592.7624579488,
  "best_fit_physical": 645802698851.3236,
  "levels": [
    0.678,
    0.954
  ],
  "band_raw": {
    "0.678000": [
      134320.56507893105,
      196439.15872810723
    ],
    "0.954000": [
      124487.40074526855,
      206651.93345291557
    ]
  },
  "band_physical": {
    "0.678000": [
      520698391450.8562,
      761503302994.4342
    ],
    "0.954000": [
      482579784308.2995,
      801093483160.3141
    ]
  },
  "n_evaluations": 15
}