{
  "index": 150,
  "background_scenario": "a",
  "best_fit_raw": 30300006.31271746,
  "best_fit_physical": 117459039415.97925,
  "levels": [
    0.678,
    0.954
  ],
  "band_raw": {
    "0.678000": [
      7699463.797669979,
      53592734.11738683
    ],
    "0.954000": [
      5348764.671394462,
      59310109.87501858
    ]
  },
  "band_physical": {
    "0.678000": [
      29847242022.284405,
      207754117412.9106
    ],
    "0.954000": [
      20734674239.999317,
      229917725484.16592
    ]
  },
  "n_evaluations": 27
}