{
  "index": 140,
  "background_scenario": "a",
  "best_fit_raw": 30300006.312717456,
  "best_fit_physical": 117459039415.97923,
  "levels": [
    0.678,
    0.954
  ],
  "band_raw": {
    "0.678000": [
      23222966.30374851,
      60832327.3594286
    ],
    "0.954000": [
      17573365.888894394,
      67322036.82197085
    ]
  },
  "band_physical": {
    "0.678000": [
      90024645086.72626,
      235818655063.3774
    ],
    "0.954000": [
      68123770513.82694,
      260976241886.68652
    ]
  },
  "n_evaluations": 19
}