{
  "index": 30,
  "background_scenario": "a",
  "best_fit_raw": 254259.8270203859,
  "best_fit_physical": 985647155834.1772,
  "levels": [
    0.678,
    0.954
  ],
  "band_raw": {
    "0.678000": [
      232697.99756293377,
      299812.4635267162
    ],
    "0.954000": [
      215662.94675886718,
      323494.4201383008
    ]
  },
  "band_physical": {
    "0.678000": [
      902061966115.5697,
      1162233552275.0618
    ],
    "0.954000": [
      836024992948.0676,
      1254037489422.1016
    ]
  },
  "n_evaluations": 16
}