{
  "index": 30,
  "background_scenario": "a",
  "best_fit_raw": 256208708.5451521,
  "best_fit_physical": 993202063561.6552,
  "levels": [
    0.678,
    0.954
  ],
  "band_raw": {
    "0.678000": [
      228614136.9036759,
      302110502.41830647
    ],
    "0.954000": [
      217315986.23993826,
      317817078.04800224
    ]
  },
  "band_physical": {
    "0.678000": [
      886230736735.7987,
      1171141980806.7566
    ],
    "0.954000": [
      842433058595.2949,
      1232029073269.3137
    ]
  },
  "n_evaluations": 15
}