{
  "index": 70,
  "background_scenario": "a",
  "best_fit_raw": 168774240.01384813,
  "best_fit_physical": 654259273268.4684,
  "levels": [
    0.678,
    0.954
  ],
  "band_raw": {
    "0.678000": [
      136079448.80048147,
      199011465.04887718
    ],
    "0.954000": [
      126117522.40668586,
      209357972.70731914
    ]
  },
  "band_physical": {
    "0.678000": [
      527516766016.37573,
      771474938854.9348
    ],
    "0.954000": [
      488899008222.1536,
      811583539438.3145
    ]
  },
  "n_evaluations": 15
}