{
  "index": 25,
  "background_scenario": "a",
  "best_fit_raw": 291339.3137607721,
  "best_fit_physical": 1129387089404.2668,
  "levels": [
    0.678,
    0.954
  ],
  "band_raw": {
    "0.678000": [
      240930.16443699057,
      326557.4689729711
    ],
    "0.954000": [
      229023.35353668683,
      334938.69588323706
    ]
  },
  "band_physical": {
    "0.678000": [
      933974250336.214,
      1265911505885.7087
    ],
    "0.954000": [
      887817079396.2731,
      1298401626575.6838
    ]
  },
  "n_evaluations": 14
}