{
  "index": 100,
  "background_scenario": "a",
  "best_fit_raw": 99352.19633168062,
  "best_fit_physical": 385142280979.95325,
  "levels": [
    0.678,
    0.954
  ],
  "band_raw": {
    "0.678000": [
      74241.50063413751,
      126405.65959012762
    ],
    "0.954000": [
      67084.76872400822,
      136390.34571911296
    ]
  },
  "band_physical": {
    "0.678000": [
      287799786550.7548,
      490015982140.83203
    ],
    "0.954000": [
      260056463765.74768,
      528721968848.44635
    ]
  },
  "n_evaluations": 15
}