{
  "index": 50,
  "background_scenario": "a",
  "best_fit_raw": 222617.10757400023,
  "best_fit_physical": 862983041763.6196,
  "levels": [
    0.678,
    0.954
  ],
  "band_raw": {
    "0.678000": [
      184098.65679278917,
      249527.87270976815
    ],
    "0.954000": [
      170621.4029948599,
      255932.10449228983
    ]
  },
  "band_physical": {
    "0.678000": [
      713664913514.4589,
      967303568636.5673
    ],
    "0.954000": [
      661419865486.0132,
      992129798229.0197
    ]
  },
  "n_evaluations": 14
}