{
  "index": 16,
  "background_scenario": "a",
  "best_fit_raw": 320956626.5968862,
  "best_fit_physical": 1244199643563.7815,
  "levels": [
    0.678,
    0.954
  ],
  "band_raw": {
    "0.678000": [
      265422924.99057007,
      378458516.3645282
    ],
    "0.954000": [
      245992190.48003584,
      408352664.3875998
    ]
  },
  "band_physical": {
    "0.678000": [
      1028921297461.4666,
      1467107740248.7622
    ],
    "0.954000": [
      953597372205.5057,
      1582993455740.3567
    ]
  },
  "n_evaluations": 17
}