{
  "index": 120,
  "background_scenario": "a",
  "best_fit_raw": 66902.59433080126,
  "best_fit_physical": 259350258327.6552,
  "levels": [
    0.678,
    0.954
  ],
  "band_raw": {
    "0.678000": [
      46333.50102207974,
      91843.64621211588
    ],
    "0.954000": [
      40819.39831649595,
      99098.30540493238
    ]
  },
  "band_physical": {
    "0.678000": [
      179613445180.9851,
      356035122540.8264
    ],
    "0.954000": [
      158237832240.3673,
      384158063878.9897
    ]
  },
  "n_evaluations": 17
}