{
  "index": 0,
  "background_scenario": "a",
  "best_fit_raw": 12573089.424414366,
  "best_fit_physical": 1044667846710.7368,
  "levels": [
    0.678,
    0.954
  ],
  "band_raw": {
    "0.678000": [
      12415780.166445233,
      47939593.67308034
    ],
    "0.954000": [
      12105098.02633433,
      67923925.10893293
    ]
  },
  "band_physical": {
    "0.678000": [
      1031597397734.913,
      3983185866585.6255
    ],
    "0.954000": [
      1005783563810.2999,
      5643636037925.93
    ]
  },
  "n_evaluations": 23
}