{
  "index": 16,
  "background_scenario": "a",
  "best_fit_raw": 316876.28997064277,
  "best_fit_physical": 1228382075221.849,
  "levels": [
    0.678,
    0.954
  ],
  "band_raw": {
    "0.678000": [
      262048.5909138229,
      373647.1555205115
    ],
    "0.954000": [
      249098.10368034098,
      413508.55136200425
    ]
  },
  "band_physical": {
    "0.678000": [
      1015840572816.3047,
      1448456330833.5554
    ],
    "0.954000": [
      965637553889.0369,
      1602980432808.963
    ]
  },
  "n_evaluations": 17
}