{
  "index": 40,
  "background_scenario": "a",
  "best_fit_raw": 256208708.54515243,
  "best_fit_physical": 993202063561.6565,
  "levels": [
    0.678,
    0.954
  ],
  "band_raw": {
    "0.678000": [
      206576192.1596972,
      272987655.2967589
    ],
    "0.954000": [
      196367160.5828579,
      287180148.50560164
    ]
  },
  "band_physical": {
    "0.678000": [
      800799869375.0978,
      1058246240368.5889
    ],
    "0.954000": [
      761224199653.8792,
      1113263939111.7336
    ]
  },
  "n_evaluations": 14
}