{
  "index": 80,
  "background_scenario": "a",
  "best_fit_raw": 146145181.80548194,
  "best_fit_physical": 566536933787.3915,
  "levels": [
    0.678,
    0.954
  ],
  "band_raw": {
    "0.678000": [
      112010690.60831897,
      172328234.08689058
    ],
    "0.954000": [
      103810758.39964044,
      181287493.76224586
    ]
  },
  "band_physical": {
    "0.678000": [
      434213378947.43286,
      668036456203.722
    ],
    "0.954000": [
      402426053540.06903,
      702767341223.5005
    ]
  },
  "n_evaluations": 16
}