{
  "index": 20,
  "background_scenario": "a",
  "best_fit_raw": 316876.28997064277,
  "best_fit_physical": 1228382075221.849,
  "levels": [
    0.678,
    0.954
  ],
  "band_raw": {
    "0.678000": [
      255491.30527033345,
      337628.3183714535
    ],
    "0.954000": [
      242864.8802411785,
      364297.3203617678
    ]
  },
  "band_physical": {
    "0.678000": [
      990421024552.4751,
      1308828042682.565
    ],
    "0.954000": [
      941474244149.9924,
      1412211366224.9888
    ]
  },
  "n_evaluations": 14
}