{
  "index": 110,
  "background_scenario": "a",
  "best_fit_raw": 84050634.76972423,
  "best_fit_physical": 325825239785.889,
  "levels": [
    0.678,
    0.954
  ],
  "band_raw": {
    "0.678000": [
      61235682.60100584,
      106937504.34632373
    ],
    "0.954000": [
      52598134.48797825,
      115384415.81988597
    ]
  },
  "band_physical": {
    "0.678000": [
      237382275833.95056,
      414546994097.1368
    ],
    "0.954000": [
      203898516992.6299,
      447291743305.32434
    ]
  },
  "n_evaluations": 18
}