{
  "index": 5,
  "background_scenario": "a",
  "best_fit_raw": 320956626.5968862,
  "best_fit_physical": 1244199643563.7815,
  "levels": [
    0.678,
    0.954
  ],
  "band_raw": {
    "0.678000": [
      265422924.99057007,
      1214173227.053915
    ],
    "0.954000": [
      245992190.48003584,
      1604513564.2800078
    ]
  },
  "band_physical": {
    "0.678000": [
      1028921297461.4666,
      4706785188836.551
    ],
    "0.954000": [
      953597372205.5057,
      6219953225261.765
    ]
  },
  "n_evaluations": 20
}