{
  "index": 60,
  "background_scenario": "a",
  "best_fit_raw": 196741.9654150517,
  "best_fit_physical": 762677143759.0253,
  "levels": [
    0.678,
    0.954
  ],
  "band_raw": {
    "0.678000": [
      158629.2920495859,
      220524.8493152654
    ],
    "0.954000": [
      147016.56621017694,
      231989.8271835343
    ]
  },
  "band_physical": {
    "0.678000": [
      614932025923.7313,
      854872329087.6953
    ],
    "0.954000": [
      569914886058.4636,
      899316718749.9875
    ]
  },
  "n_evaluations": 13
}