{
  "index": 100,
  "background_scenario": "a",
  "best_fit_raw": 96793942.32771671,
  "best_fit_physical": 375225119419.4435,
  "levels": [
    0.678,
    0.954
  ],
  "band_raw": {
    "0.678000": [
      74186204.38174897,
      126311510.64113912
    ],
    "0.954000": [
      67034802.91955783,
      136288760.01683295
    ]
  },
  "band_physical": {
    "0.678000": [
      287585428684.8907,
      489651010431.0548
    ],
    "0.954000": [
      259862769568.66342,
      528328168303.1573
    ]
  },
  "n_evaluations": 15
}