{
  "index": 90,
  "background_scenario": "a",
  "best_fit_raw": 122408971.86086005,
  "best_fit_physical": 474522681688.0079,
  "levels": [
    0.678,
    0.954
  ],
  "band_raw": {
    "0.678000": [
      91470808.87565956,
      151843635.5445842
    ],
    "0.954000": [
      82653206.17185915,
      159737911.0711819
    ]
  },
  "band_physical": {
    "0.678000": [
      354589805502.05756,
      588627189988.7711
    ],
    "0.954000": [
      320408058711.28436,
      619229626525.23
    ]
  },
  "n_evaluations": 14
}