{
  "index": 2,
  "background_scenario": "a",
  "best_fit_raw": 320956626.5968862,
  "best_fit_physical": 1244199643563.7815,
  "levels": [
    0.678,
    0.954
  ],
  "band_raw": {
    "0.678000": [
      265422924.99057007,
      3047313228.858927
    ],
    "0.954000": [
      245992190.48003584,
      4345071713.503735
    ]
  },
  "band_physical": {
    "0.678000": [
      1028921297461.4666,
      11813016834625.018
    ],
    "0.954000": [
      953597372205.5057,
      16843823212257.254
    ]
  },
  "n_evaluations": 27
}