{
  "index": 90,
  "background_scenario": "a",
  "best_fit_raw": 122363.78702626124,
  "best_fit_physical": 474347521088.58856,
  "levels": [
    0.678,
    0.954
  ],
  "band_raw": {
    "0.678000": [
      91437.04424789711,
      151787.58548997904
    ],
    "0.954000": [
      82622.69638656186,
      159678.9470019541
    ]
  },
  "band_physical": {
    "0.678000": [
      354458915735.8218,
      588409909982.1207
    ],
    "0.954000": [
      320289786456.2617,
      619001050238.477
    ]
  },
  "n_evaluations": 14
}