{
  "index": 4,
  "background_scenario": "a",
  "best_fit_raw": 320956626.5968862,
  "best_fit_physical": 1244199643563.7815,
  "levels": [
    0.678,
    0.954
  ],
  "band_raw": {
    "0.678000": [
      265422924.99057007,
      1551947991.2294436
    ],
    "0.954000": [
      245992190.48003584,
      2130337730.565775
    ]
  },
  "band_physical": {
    "0.678000": [
      1028921297461.4666,
      6016180933825.696
    ],
    "0.954000": [
      953597372205.5057,
      8258329086844.057
    ]
  },
  "n_evaluations": 25
}