{
  "index": 160,
  "background_scenario": "a",
  "best_fit_raw": 30313.918626135193,
  "best_fit_physical": 117512970987.9148,
  "levels": [
    0.678,
    0.954
  ],
  "band_raw": {
    "0.678000": [
      4043.1839336468356,
      38568.3560120372
    ],
    "0.954000": [
      46.74333009370025,
      46054.39199419599
    ]
  },
  "band_physical": {
    "0.678000": [
      15673544623.287754,
      149511587630.46167
    ],
    "0.954000": [
      181202161.98125467,
      178531469224.6371
    ]
  },
  "n_evaluations": 35
}