{
  "index": 8,
  "background_scenario": "a",
  "best_fit_raw": 316876.28997027176,
  "best_fit_physical": 1228382075220.411,
  "levels": [
    0.678,
    0.954
  ],
  "band_raw": {
    "0.678000": [
      262048.5909135161,
      710748.840371816
    ],
    "0.954000": [
      249098.10368004936,
      909958.8868708981
    ]
  },
  "band_physical": {
    "0.678000": [
      1015840572815.1152,
      2755242860165.841
    ],
    "0.954000": [
      965637553887.9064,
      3527487606991.9746
    ]
  },
  "n_evaluations": 22
}