{
  "index": 13,
  "background_scenario": "a",
  "best_fit_raw": 316876.2899702725,
  "best_fit_physical": 1228382075220.4138,
  "levels": [
    0.678,
    0.954
  ],
  "band_raw": {
    "0.678000": [
      262048.5909135167,
      435006.6564704024
    ],
    "0.954000": [
      249098.10368004994,
      493769.68288230937
    ]
  },
  "band_physical": {
    "0.678000": [
      1015840572815.1177,
      1686318592848.7632
    ],
    "0.954000": [
      965637553887.9086,
      1914115530060.0076
    ]
  },
  "n_evaluations": 19
}