{
  "index": 50,
  "background_scenario": "a",
  "best_fit_raw": 207796306.64517763,
  "best_fit_physical": 805529686061.0402,
  "levels": [
    0.678,
    0.954
  ],
  "band_raw": {
    "0.678000": [
      180776226.05167222,
      245024640.09797585
    ],
    "0.954000": [
      171842233.31606877,
      257763349.97410315
    ]
  },
  "band_physical": {
    "0.678000": [
      700785393974.0974,
      949846629143.2632
    ],
    "0.954000": [
      666152457134.316,
      999228685701.4741
    ]
  },
  "n_evaluations": 15
}