{
  "index": 20,
  "background_scenario": "a",
  "best_fit_raw": 320956626.59688634,
  "best_fit_physical": 1244199643563.782,
  "levels": [
    0.678,
    0.954
  ],
  "band_raw": {
    "0.678000": [
      258781202.82208118,
      341975873.670197
    ],
    "0.954000": [
      239836686.82546476,
      359755030.2381971
    ]
  },
  "band_physical": {
    "0.678000": [
      1003174428040.8127,
      1325681493600.2937
    ],
    "0.954000": [
      929735345943.0226,
      1394603018914.5337
    ]
  },
  "n_evaluations": 14
}