{
  "index": 140,
  "background_scenario": "a",
  "best_fit_raw": 30313.918626134284,
  "best_fit_physical": 117512970987.91125,
  "levels": [
    0.678,
    0.954
  ],
  "band_raw": {
    "0.678000": [
      23233.629178942378,
      60860.258654074714
    ],
    "0.954000": [
      17581.434737841537,
      67352.9478807495
    ]
  },
  "band_physical": {
    "0.678000": [
      90065980097.18,
      235926931708.76547
    ],
    "0.954000": [
      68155049690.36383,
      261096069692.46323
    ]
  },
  "n_evaluations": 19
}