{
  "index": 5,
  "background_scenario": "a",
  "best_fit_raw": 316876.28997027176,
  "best_fit_physical": 1228382075220.411,
  "levels": [
    0.678,
    0.954
  ],
  "band_raw": {
    "0.678000": [
      262048.5909135161,
      1208209.0624687956
    ],
    "0.954000": [
      249098.10368004936,
      1632430.9503863994
    ]
  },
  "band_physical": {
    "0.678000": [
      1015840572815.1152,
      4683664895201.731
    ],
    "0.954000": [
      965637553887.9064,
      6328175953706.725
    ]
  },
  "n_evaluations": 26
}