{
  "index": 4,
  "background_scenario": "a",
  "best_fit_raw": 316876.28997027176,
  "best_fit_physical": 1228382075220.411,
  "levels": [
    0.678,
    0.954
  ],
  "band_raw": {
    "0.678000": [
      262048.5909135161,
      1556679.211973477
    ],
    "0.954000": [
      249098.10368004936,
      2136832.21241672
    ]
  },
  "band_physical": {
    "0.678000": [
      1015840572815.1152,
      6034521677326.661
    ],
    "0.954000": [
      965637553887.9064,
      8283505173998.745
    ]
  },
  "n_evaluations": 25
}