{
  "index": 2,
  "background_scenario": "a",
  "best_fit_raw": 316876.28997027176,
  "best_fit_physical": 1228382075220.411,
  "levels": [
    0.678,
    0.954
  ],
  "band_raw": {
    "0.678000": [
      262048.5909135161,
      3076029.4256531238
    ],
    "0.954000": [
      249098.10368004936,
      4386017.269486699
    ]
  },
  "band_physical": {
    "0.678000": [
      1015840572815.1152,
      11924336180776.803
    ],
    "0.954000": [
      965637553887.9064,
      17002550099125.713
    ]
  },
  "n_evaluations": 27
}