{
  "index": 1,
  "background_scenario": "a",
  "best_fit_raw": 316876.28997027176,
  "best_fit_physical": 1228382075220.411,
  "levels": [
    0.678,
    0.954
  ],
  "band_raw": {
    "0.678000": [
      262048.5909135161,
      5082169.6767254565
    ],
    "0.954000": [
      249098.10368004936,
      7246511.942533391
    ]
  },
  "band_physical": {
    "0.678000": [
      1015840572815.1152,
      19701209373235.035
    ],
    "0.954000": [
      965637553887.9064,
      28091358236091.96
    ]
  },
  "n_evaluations": 25
}