{
  "index": 130,
  "background_scenario": "a",
  "best_fit_raw": 54007.18215135498,
  "best_fit_physical": 209360739783.062,
  "levels": [
    0.678,
    0.954
  ],
  "band_raw": {
    "0.678000": [
      36466.82668155311,
      76043.72453898616
    ],
    "0.954000": [
      27595.307149818676,
      84156.21505396765
    ]
  },
  "band_physical": {
    "0.678000": [
      141364935319.054,
      294786170860.0937
    ],
    "0.954000": [
      106974178049.79686,
      326234525468.5554
    ]
  },
  "n_evaluations": 21
}