{
  "index": 40,
  "background_scenario": "a",
  "best_fit_raw": 248255.29740271423,
  "best_fit_physical": 962370385731.9713,
  "levels": [
    0.678,
    0.954
  ],
  "band_raw": {
    "0.678000": [
      205300.78434489487,
      271302.2210496174
    ],
    "0.954000": [
      195154.78364551795,
      285407.08936538384
    ]
  },
  "band_physical": {
    "0.678000": [
      795855706154.6619,
      1051712595272.121
    ],
    "0.954000": [
      756524377845.2524,
      1106390613037.5312
    ]
  },
  "n_evaluations": 16
}