{
  "index": 60,
  "background_scenario": "a",
  "best_fit_raw": 188547127.91637018,
  "best_fit_physical": 730909568174.0269,
  "levels": [
    0.678,
    0.954
  ],
  "band_raw": {
    "0.678000": [
      155923654.60953426,
      222326820.45741147
    ],
    "0.954000": [
      148217880.30494097,
      233885481.9143014
    ]
  },
  "band_physical": {
    "0.678000": [
      604443527293.1885,
      861857733553.5338
    ],
    "0.954000": [
      574571822369.0225,
      906665290939.7827
    ]
  },
  "n_evaluations": 17
}