{
  "index": 13,
  "background_scenario": "a",
  "best_fit_raw": 320956626.5968862,
  "best_fit_physical": 1244199643563.7815,
  "levels": [
    0.678,
    0.954
  ],
  "band_raw": {
    "0.678000": [
      265422924.99057007,
      429582717.4822484
    ],
    "0.954000": [
      245992190.48003584,
      500127831.42780364
    ]
  },
  "band_physical": {
    "0.678000": [
      1028921297461.4666,
      1665292502727.7175
    ],
    "0.954000": [
      953597372205.5057,
      1938763116364.4502
    ]
  },
  "n_evaluations": 20
}