{
  "index": 80,
  "background_scenario": "a",
  "best_fit_raw": 144031.79078167188,
  "best_fit_physical": 558344299204.9066,
  "levels": [
    0.678,
    0.954
  ],
  "band_raw": {
    "0.678000": [
      113224.14168861303,
      174195.12626193423
    ],
    "0.954000": [
      104935.37673956911,
      183251.44473830803
    ]
  },
  "band_physical": {
    "0.678000": [
      438917364708.9739,
      675273529335.3472
    ],
    "0.954000": [
      406785676061.40735,
      710380666208.5688
    ]
  },
  "n_evaluations": 16
}