{
  "index": 3,
  "background_scenario": "a",
  "best_fit_raw": 316876.28997027176,
  "best_fit_physical": 1228382075220.411,
  "levels": [
    0.678,
    0.954
  ],
  "band_raw": {
    "0.678000": [
      262048.5909135161,
      2099955.020558835
    ],
    "0.954000": [
      249098.10368004936,
      2956562.011481666
    ]
  },
  "band_physical": {
    "0.678000": [
      1015840572815.1152,
      8140549443650.665
    ],
    "0.954000": [
      965637553887.9064,
      11461216550857.76
    ]
  },
  "n_evaluations": 25
}