{
  "index": 3,
  "background_scenario": "a",
  "best_fit_raw": 320956626.5968862,
  "best_fit_physical": 1244199643563.7815,
  "levels": [
    0.678,
    0.954
  ],
  "band_raw": {
    "0.678000": [
      265422924.99057007,
      2086951310.4327576
    ],
    "0.954000": [
      245992190.48003584,
      2938253869.168767
    ]
  },
  "band_physical": {
    "0.678000": [
      1028921297461.4666,
      8090140104309.642
    ],
    "0.954000": [
      953597372205.5057,
      11390244393711.322
    ]
  },
  "n_evaluations": 25
}