{
  "index": 150,
  "background_scenario": "b",
  "T": 300,
  "threshold": 0.001,
  "energy_MeV": 1.7424022346368713,
  "best_fit_raw": 1037702.0497733122,
  "best_fit_physical": 122762709586.5384,
  "lower_raw": 310459.5357890851,
  "upper_raw": 1307299.6940595452,
  "lower_physical": 36728128116.13198,
  "upper_physical": 154656775246.287
}