{
  "index": 16,
  "background_scenario": "b",
  "T": 300,
  "threshold": 0.001,
  "energy_MeV": 0.5521229050279329,
  "best_fit_raw": 7724092.988188769,
  "best_fit_physical": 913779234160.3046,
  "lower_raw": 7673173.481347963,
  "upper_raw": 8421284.196406908,
  "lower_physical": 907755331025.5337,
  "upper_physical": 996258672106.3589
}