{
  "index": 13,
  "background_scenario": "b",
  "T": 300,
  "threshold": 0.001,
  "energy_MeV": 0.5254748603351955,
  "best_fit_raw": 8831177.196514247,
  "best_fit_physical": 1044750024074.6089,
  "lower_raw": 7875791.666526224,
  "upper_raw": 8841208.918714963,
  "lower_physical": 931725561622.4802,
  "upper_physical": 1045936801531.0554
}