{
  "index": 4,
  "background_scenario": "b",
  "T": 300,
  "threshold": 0.001,
  "energy_MeV": 0.4455307262569832,
  "best_fit_raw": 8831177.196514247,
  "best_fit_physical": 1044750024074.6089,
  "lower_raw": 8229103.899511475,
  "upper_raw": 10241277.057908762,
  "lower_physical": 973523269414.2445,
  "upper_physical": 1211568312436.0981
}