{
  "index": 110,
  "background_scenario": "b",
  "T": 300,
  "threshold": 0.001,
  "energy_MeV": 1.3870949720670391,
  "best_fit_raw": 2331762.6362110665,
  "best_fit_physical": 275853265777.4483,
  "lower_raw": 2081473.4755769963,
  "upper_raw": 2458752.209884314,
  "lower_physical": 246243441313.58508,
  "upper_physical": 290876445269.8399
}