{
  "index": 20,
  "background_scenario": "b",
  "T": 300,
  "threshold": 0.001,
  "energy_MeV": 0.5876536312849161,
  "best_fit_raw": 7724092.988188769,
  "best_fit_physical": 913779234160.3046,
  "lower_raw": 7402569.745976737,
  "upper_raw": 8244448.79911159,
  "lower_physical": 875742242311.2275,
  "upper_physical": 975338608849.7356
}