{
  "index": 4,
  "background_scenario": "a",
  "bkg_penalty": true,
  "best_fit_raw": 8831222.987518573,
  "best_fit_physical": 1044755441263.2585,
  "levels": [
    0.678,
    0.954
  ],
  "band_raw": {
    "0.678000": [
      6942270.43485304,
      18358202.450671792
    ],
    "0.954000": [
      6273049.474534597,
      28968954.477164693
    ]
  },
  "band_physical": {
    "0.678000": [
      821287699538.8525,
      2171820588072.4858
    ],
    "0.954000": [
      742117210843.4276,
      3427098699749.8003
    ]
  },
  "n_evaluations": 21
}