{
  "index": 100,
  "background_scenario": "a",
  "best_fit_raw": 3802208.283643788,
  "best_fit_physical": 315916367595.93744,
  "levels": [
    0.678,
    0.954
  ],
  "band_raw": {
    "0.678000": [
      2319848.0711364876,
      5631954.955926493
    ],
    "0.954000": [
      1800538.891724864,
      6232782.722290472
    ]
  },
  "band_physical": {
    "0.678000": [
      192750612627.0228,
      467945630383.8097
    ],
    "0.954000": [
      149602458349.23444,
      517866968548.53174
    ]
  },
  "n_evaluations": 20
}