{
  "index": 2,
  "background_scenario": "a",
  "best_fit_raw": 12573177.756011527,
  "best_fit_physical": 1044675185971.3025,
  "levels": [
    0.678,
    0.954
  ],
  "band_raw": {
    "0.678000": [
      10137513.275533857,
      40274780.94295502
    ],
    "0.954000": [
      9160277.307393793,
      73522226.3528283
    ]
  },
  "band_physical": {
    "0.678000": [
      842301665650.226,
      3346334959069.3906
    ],
    "0.954000": [
      761105472725.4537,
      6108785462087.496
    ]
  },
  "n_evaluations": 25
}