{
  "index": 3,
  "background_scenario": "a",
  "bkg_penalty": true,
  "best_fit_raw": 8831222.987518573,
  "best_fit_physical": 1044755441263.2585,
  "levels": [
    0.678,
    0.954
  ],
  "band_raw": {
    "0.678000": [
      6942270.43485304,
      22843865.843918838
    ],
    "0.954000": [
      6273049.474534597,
      38894606.18285486
    ]
  },
  "band_physical": {
    "0.678000": [
      821287699538.8525,
      2702485621034.9326
    ],
    "0.954000": [
      742117210843.4276,
      4601327755256.586
    ]
  },
  "n_evaluations": 22
}