{
  "index": 90,
  "background_scenario": "a",
  "best_fit_raw": 4487338.85160547,
  "best_fit_physical": 372842223365.19855,
  "levels": [
    0.678,
    0.954
  ],
  "band_raw": {
    "0.678000": [
      2808136.4650787013,
      6480468.901770283
    ],
    "0.954000": [
      2351680.3116017296,
      7171817.76476937
    ]
  },
  "band_physical": {
    "0.678000": [
      233321324236.13202,
      538446619185.1321
    ],
    "0.954000": [
      195395477145.22388,
      595889138175.95
    ]
  },
  "n_evaluations": 20
}