{
  "index": 70,
  "background_scenario": "a",
  "best_fit_raw": 6399629.215016631,
  "best_fit_physical": 531729843487.5282,
  "levels": [
    0.678,
    0.954
  ],
  "band_raw": {
    "0.678000": [
      4213039.813223042,
      8351213.043426683
    ],
    "0.954000": [
      3618772.9978121016,
      9010868.958401365
    ]
  },
  "band_physical": {
    "0.678000": [
      350051374106.99054,
      693882263380.5878
    ],
    "0.954000": [
      300675169622.07654,
      748691491328.0538
    ]
  },
  "n_evaluations": 16
}