{
  "index": 16,
  "background_scenario": "a",
  "best_fit_raw": 10998319.184327671,
  "best_fit_physical": 913823964173.717,
  "levels": [
    0.678,
    0.954
  ],
  "band_raw": {
    "0.678000": [
      9095328.795160238,
      14352285.662488725
    ],
    "0.954000": [
      8429489.854868796,
      16291069.193525203
    ]
  },
  "band_physical": {
    "0.678000": [
      755709056607.5231,
      1192496995153.428
    ],
    "0.954000": [
      700386095915.0027,
      1353585869036.1853
    ]
  },
  "n_evaluations": 16
}