{
  "index": 0,
  "background_scenario": "a",
  "bkg_penalty": true,
  "best_fit_raw": 8831222.987518594,
  "best_fit_physical": 1044755441263.261,
  "levels": [
    0.678,
    0.954
  ],
  "band_raw": {
    "0.678000": [
      7490635.05348882,
      99334569.75642031
    ],
    "0.954000": [
      6768552.842642635,
      207140882.47160363
    ]
  },
  "band_physical": {
    "0.678000": [
      886160585199.8407,
      11751524381757.842
    ],
    "0.954000": [
      800736480306.6487,
      24505276831548.91
    ]
  },
  "n_evaluations": 25
}