{
  "index": 160,
  "background_scenario": "a",
  "bkg_penalty": true,
  "best_fit_raw": 1037697.9699226897,
  "best_fit_physical": 122762226930.15622,
  "levels": [
    0.678,
    0.954
  ],
  "band_raw": {
    "0.678000": [
      0.0,
      1616983.7054845965
    ],
    "0.954000": [
      0.0,
      1882521.1563859603
    ]
  },
  "band_physical": {
    "0.678000": [
      0.0,
      191293156919.1119
    ],
    "0.954000": [
      0.0,
      222706891696.32944
    ]
  },
  "n_evaluations": 34
}