{
  "index": 140,
  "background_scenario": "a",
  "bkg_penalty": true,
  "best_fit_raw": 1037697.9699226901,
  "best_fit_physical": 122762226930.15627,
  "levels": [
    0.678,
    0.954
  ],
  "band_raw": {
    "0.678000": [
      0.0,
      2464110.7055336824
    ],
    "0.954000": [
      0.0,
      2868761.4594447017
    ]
  },
  "band_physical": {
    "0.678000": [
      0.0,
      291510368509.5289
    ],
    "0.954000": [
      0.0,
      339381549834.84674
    ]
  },
  "n_evaluations": 39
}