{
  "index": 120,
  "background_scenario": "a",
  "bkg_penalty": true,
  "best_fit_raw": 1852446.7310455167,
  "best_fit_physical": 219149013069.35992,
  "levels": [
    0.678,
    0.954
  ],
  "band_raw": {
    "0.678000": [
      772829.7159467717,
      3194502.4048437923
    ],
    "0.954000": [
      442545.9101521376,
      3626032.8800596544
    ]
  },
  "band_physical": {
    "0.678000": [
      91427659798.24944,
      377917506364.18835
    ],
    "0.954000": [
      52354271689.62928,
      428968624956.6961
    ]
  },
  "n_evaluations": 22
}