{
  "index": 120,
  "background_scenario": "a",
  "best_fit_raw": 2638511.0290226126,
  "best_fit_physical": 219227553560.4862,
  "levels": [
    0.678,
    0.954
  ],
  "band_raw": {
    "0.678000": [
      1293728.3870228657,
      4325188.082149178
    ],
    "0.954000": [
      835592.8571795126,
      4786607.449817804
    ]
  },
  "band_physical": {
    "0.678000": [
      107492788977.97096,
      359369504811.1202
    ],
    "0.954000": [
      69427406532.36487,
      397707733466.1244
    ]
  },
  "n_evaluations": 22
}