{
  "index": 130,
  "background_scenario": "a",
  "best_fit_raw": 2596712.407247953,
  "best_fit_physical": 215754606321.28018,
  "levels": [
    0.678,
    0.954
  ],
  "band_raw": {
    "0.678000": [
      810705.1984574498,
      3656248.579130449
    ],
    "0.954000": [
      458389.46178139804,
      4256669.550764835
    ]
  },
  "band_physical": {
    "0.678000": [
      67359550656.27735,
      303788925797.55164
    ],
    "0.954000": [
      38086481041.342896,
      353676464363.7922
    ]
  },
  "n_evaluations": 28
}