{
  "index": 50,
  "background_scenario": "a",
  "best_fit_raw": 8310291.432360255,
  "best_fit_physical": 690482184857.8271,
  "levels": [
    0.678,
    0.954
  ],
  "band_raw": {
    "0.678000": [
      6054521.418762397,
      10308597.844926994
    ],
    "0.954000": [
      5200505.952050554,
      11122866.08453966
    ]
  },
  "band_physical": {
    "0.678000": [
      503055664355.7122,
      856516672215.463
    ],
    "0.954000": [
      432097567379.5522,
      924172267416.2207
    ]
  },
  "n_evaluations": 17
}