{
  "index": 2,
  "background_scenario": "a",
  "bkg_penalty": true,
  "best_fit_raw": 8831222.987518594,
  "best_fit_physical": 1044755441263.261,
  "levels": [
    0.678,
    0.954
  ],
  "band_raw": {
    "0.678000": [
      6942270.434853056,
      31605228.595708176
    ],
    "0.954000": [
      6273049.47453461,
      55896841.5665625
    ]
  },
  "band_physical": {
    "0.678000": [
      821287699538.8545,
      3738976424262.3037
    ],
    "0.954000": [
      742117210843.4291,
      6612734097942.359
    ]
  },
  "n_evaluations": 25
}