{
  "index": 20,
  "background_scenario": "a",
  "bkg_penalty": true,
  "best_fit_raw": 7724349.549533541,
  "best_fit_physical": 913809585999.6078,
  "levels": [
    0.678,
    0.954
  ],
  "band_raw": {
    "0.678000": [
      6072151.4542194465,
      9581759.408546863
    ],
    "0.954000": [
      5486808.220255124,
      10876114.73121142
    ]
  },
  "band_physical": {
    "0.678000": [
      718350479988.6056,
      1133545749337.6653
    ],
    "0.954000": [
      649102933011.7977,
      1286671173550.4932
    ]
  },
  "n_evaluations": 15
}