{
  "index": 8,
  "background_scenario": "a",
  "bkg_penalty": true,
  "best_fit_raw": 8831222.987518573,
  "best_fit_physical": 1044755441263.2585,
  "levels": [
    0.678,
    0.954
  ],
  "band_raw": {
    "0.678000": [
      6768552.842642619,
      12123471.8593348
    ],
    "0.954000": [
      6116077.910150982,
      16021004.755366657
    ]
  },
  "band_physical": {
    "0.678000": [
      800736480306.6469,
      1434236595536.467
    ],
    "0.954000": [
      723547087968.5812,
      1895324341411.1733
    ]
  },
  "n_evaluations": 19
}