{
  "index": 8,
  "background_scenario": "a",
  "best_fit_raw": 12573177.75601153,
  "best_fit_physical": 1044675185971.3029,
  "levels": [
    0.678,
    0.954
  ],
  "band_raw": {
    "0.678000": [
      9883840.588226022,
      16407401.514284898
    ],
    "0.954000": [
      9160277.307393797,
      21682160.088586323
    ]
  },
  "band_physical": {
    "0.678000": [
      821224610435.4099,
      1363251642572.7126
    ],
    "0.954000": [
      761105472725.4541,
      1801518682257.8398
    ]
  },
  "n_evaluations": 18
}