{
  "index": 16,
  "background_scenario": "a",
  "bkg_penalty": true,
  "best_fit_raw": 7724349.549533541,
  "best_fit_physical": 913809585999.6078,
  "levels": [
    0.678,
    0.954
  ],
  "band_raw": {
    "0.678000": [
      6387839.605697909,
      10079910.342100013
    ],
    "0.954000": [
      5772064.666446952,
      11441558.557942383
    ]
  },
  "band_physical": {
    "0.678000": [
      755697166225.1104,
      1192478232317.156
    ],
    "0.954000": [
      682849473523.2916,
      1353564571615.61
    ]
  },
  "n_evaluations": 16
}