{
  "index": 130,
  "background_scenario": "a",
  "bkg_penalty": true,
  "best_fit_raw": 1828197.4943745912,
  "best_fit_physical": 216280268616.38483,
  "levels": [
    0.678,
    0.954
  ],
  "band_raw": {
    "0.678000": [
      411227.2775316122,
      2707985.7732012644
    ],
    "0.954000": [
      168318.1152473878,
      3233600.05997646
    ]
  },
  "band_physical": {
    "0.678000": [
      48649200275.458954,
      320361389969.89215
    ],
    "0.954000": [
      19912447802.124393,
      382542855310.55963
    ]
  },
  "n_evaluations": 28
}