{
  "index": 5,
  "background_scenario": "a",
  "bkg_penalty": true,
  "best_fit_raw": 8831222.987518573,
  "best_fit_physical": 1044755441263.2585,
  "levels": [
    0.678,
    0.954
  ],
  "band_raw": {
    "0.678000": [
      6942270.43485304,
      15471828.934288224
    ],
    "0.954000": [
      6273049.474534597,
      23503674.600756086
    ]
  },
  "band_physical": {
    "0.678000": [
      821287699538.8525,
      1830355488502.2598
    ],
    "0.954000": [
      742117210843.4276,
      2780542622865.0444
    ]
  },
  "n_evaluations": 22
}