{
  "index": 25,
  "background_scenario": "a",
  "bkg_penalty": true,
  "best_fit_raw": 7724349.549533705,
  "best_fit_physical": 913809585999.6272,
  "levels": [
    0.678,
    0.954
  ],
  "band_raw": {
    "0.678000": [
      5627629.328563374,
      9341993.443044517
    ],
    "0.954000": [
      5215649.197567168,
      10079910.342100227
    ]
  },
  "band_physical": {
    "0.678000": [
      665762417135.084,
      1105180844789.0713
    ],
    "0.954000": [
      617024152439.5872,
      1192478232317.1814
    ]
  },
  "n_evaluations": 15
}