{
  "index": 40,
  "background_scenario": "a",
  "bkg_penalty": true,
  "best_fit_raw": 6224312.328563614,
  "best_fit_physical": 736351486377.3156,
  "levels": [
    0.678,
    0.954
  ],
  "band_raw": {
    "0.678000": [
      4770526.909414215,
      8122432.809496272
    ],
    "0.954000": [
      4097624.216828221,
      8764017.54921094
    ]
  },
  "band_physical": {
    "0.678000": [
      564365088883.7683,
      960903816607.2692
    ],
    "0.954000": [
      484759042188.5923,
      1036804872304.28
    ]
  },
  "n_evaluations": 18
}