{
  "index": 160,
  "background_scenario": "a",
  "best_fit_raw": 1477575.9486850312,
  "best_fit_physical": 122768241961.84088,
  "levels": [
    0.678,
    0.954
  ],
  "band_raw": {
    "0.678000": [
      0.0,
      2133867.1542558474
    ],
    "0.954000": [
      0.0,
      2484286.0501181483
    ]
  },
  "band_physical": {
    "0.678000": [
      0.0,
      177297904274.39478
    ],
    "0.954000": [
      0.0,
      206413369935.2361
    ]
  },
  "n_evaluations": 36
}