{
  "index": 25,
  "background_scenario": "a",
  "best_fit_raw": 10998319.184327671,
  "best_fit_physical": 913823964173.717,
  "levels": [
    0.678,
    0.954
  ],
  "band_raw": {
    "0.678000": [
      8218557.322797106,
      12968754.08100566
    ],
    "0.954000": [
      7616903.922268303,
      13993146.022020876
    ]
  },
  "band_physical": {
    "0.678000": [
      682860217696.6633,
      1077542674119.357
    ],
    "0.954000": [
      632870279569.2733,
      1162656943737.943
    ]
  },
  "n_evaluations": 16
}