{
  "index": 60,
  "background_scenario": "a",
  "best_fit_raw": 7202949.935738537,
  "best_fit_physical": 598475835598.6724,
  "levels": [
    0.678,
    0.954
  ],
  "band_raw": {
    "0.678000": [
      4741886.417530511,
      9399508.539235385
    ],
    "0.954000": [
      4394748.595650893,
      10141968.511639286
    ]
  },
  "band_physical": {
    "0.678000": [
      393991970146.13,
      780982622039.9751
    ],
    "0.954000": [
      365149121053.63446,
      842671840533.4022
    ]
  },
  "n_evaluations": 15
}