{
  "index": 50,
  "background_scenario": "a",
  "bkg_penalty": true,
  "best_fit_raw": 5793800.433942139,
  "best_fit_physical": 685420868379.1031,
  "levels": [
    0.678,
    0.954
  ],
  "band_raw": {
    "0.678000": [
      4012505.957548404,
      7371444.1394034065
    ],
    "0.954000": [
      3534981.7155070975,
      7953708.859890969
    ]
  },
  "band_physical": {
    "0.678000": [
      474689342367.9525,
      872060006354.0939
    ],
    "0.954000": [
      418197047822.4663,
      940943357600.5491
    ]
  },
  "n_evaluations": 18
}