{
  "index": 4,
  "background_scenario": "a",
  "best_fit_raw": 12573177.75601153,
  "best_fit_physical": 1044675185971.3029,
  "levels": [
    0.678,
    0.954
  ],
  "band_raw": {
    "0.678000": [
      10137513.27553386,
      24223519.796804033
    ],
    "0.954000": [
      9160277.307393797,
      38957779.28098874
    ]
  },
  "band_physical": {
    "0.678000": [
      842301665650.2263,
      2012674165566.9775
    ],
    "0.954000": [
      761105472725.4541,
      3236908449491.7847
    ]
  },
  "n_evaluations": 21
}