{
  "index": 80,
  "background_scenario": "a",
  "bkg_penalty": true,
  "best_fit_raw": 3797781.017280172,
  "best_fit_physical": 449286852810.4787,
  "levels": [
    0.678,
    0.954
  ],
  "band_raw": {
    "0.678000": [
      2259164.5026295995,
      5484631.892555261
    ],
    "0.954000": [
      1891942.4848374114,
      5917858.760385033
    ]
  },
  "band_physical": {
    "0.678000": [
      267264727678.93216,
      648845468082.012
    ],
    "0.954000": [
      223821458068.1098,
      700097274100.9844
    ]
  },
  "n_evaluations": 20
}