{
  "index": 110,
  "background_scenario": "a",
  "bkg_penalty": true,
  "best_fit_raw": 2331685.932140508,
  "best_fit_physical": 275844191496.8876,
  "levels": [
    0.678,
    0.954
  ],
  "band_raw": {
    "0.678000": [
      1100641.009933629,
      3633329.0300835394
    ],
    "0.954000": [
      781751.441595766,
      4020939.5459157587
    ]
  },
  "band_physical": {
    "0.678000": [
      130208543667.2628,
      429831777483.64514
    ],
    "0.954000": [
      92483121927.38133,
      475687056653.8019
    ]
  },
  "n_evaluations": 22
}