{
  "index": 140,
  "background_scenario": "a",
  "best_fit_raw": 1477575.9486850286,
  "best_fit_physical": 122768241961.84067,
  "levels": [
    0.678,
    0.954
  ],
  "band_raw": {
    "0.678000": [
      310981.03027586103,
      3314181.039508178
    ],
    "0.954000": [
      58392.55176764174,
      3785786.9754287507
    ]
  },
  "band_physical": {
    "0.678000": [
      25838667991.602406,
      275367354297.9532
    ],
    "0.954000": [
      4851697085.729495,
      314551960478.9511
    ]
  },
  "n_evaluations": 30
}