{
  "index": 150,
  "background_scenario": "a",
  "bkg_penalty": true,
  "best_fit_raw": 1037697.9699226897,
  "best_fit_physical": 122762226930.15622,
  "levels": [
    0.678,
    0.954
  ],
  "band_raw": {
    "0.678000": [
      0.0,
      2083352.127225684
    ],
    "0.954000": [
      0.0,
      2305608.1315698684
    ]
  },
  "band_physical": {
    "0.678000": [
      0.0,
      246465690432.98547
    ],
    "0.954000": [
      0.0,
      272759123428.64154
    ]
  },
  "n_evaluations": 34
}