{
  "index": 13,
  "background_scenario": "a",
  "best_fit_raw": 12573177.75601153,
  "best_fit_physical": 1044675185971.3029,
  "levels": [
    0.678,
    0.954
  ],
  "band_raw": {
    "0.678000": [
      9395379.456230525,
      15206269.91330079
    ],
    "0.954000": [
      8707574.799393782,
      17260414.205694348
    ]
  },
  "band_physical": {
    "0.678000": [
      780639546435.7245,
      1263452498475.3394
    ],
    "0.954000": [
      723491507035.0006,
      1434126421353.9148
    ]
  },
  "n_evaluations": 16
}