{
  "index": 20,
  "background_scenario": "a",
  "best_fit_raw": 10998319.184327671,
  "best_fit_physical": 913823964173.717,
  "levels": [
    0.678,
    0.954
  ],
  "band_raw": {
    "0.678000": [
      8645836.054003773,
      13642993.192740355
    ],
    "0.954000": [
      8012902.990693885,
      15098453.897000317
    ]
  },
  "band_physical": {
    "0.678000": [
      718361782746.2379,
      1133563584911.2844
    ],
    "0.954000": [
      665772892455.1973,
      1254494324251.9988
    ]
  },
  "n_evaluations": 15
}