{
  "index": 1,
  "background_scenario": "a",
  "bkg_penalty": true,
  "best_fit_raw": 8831222.987518594,
  "best_fit_physical": 1044755441263.261,
  "levels": [
    0.678,
    0.954
  ],
  "band_raw": {
    "0.678000": [
      6942270.434853056,
      50269767.49747317
    ],
    "0.954000": [
      6273049.47453461,
      92351459.89286679
    ]
  },
  "band_physical": {
    "0.678000": [
      821287699538.8545,
      5947037369371.321
    ],
    "0.954000": [
      742117210843.4291,
      10925405277167.479
    ]
  },
  "n_evaluations": 25
}