{
  "index": 3,
  "background_scenario": "a",
  "best_fit_raw": 12573177.756011527,
  "best_fit_physical": 1044675185971.3025,
  "levels": [
    0.678,
    0.954
  ],
  "band_raw": {
    "0.678000": [
      10137513.275533857,
      30142321.286224514
    ],
    "0.954000": [
      9160277.307393793,
      51321160.95739015
    ]
  },
  "band_physical": {
    "0.678000": [
      842301665650.226,
      2504453186485.633
    ],
    "0.954000": [
      761105472725.4537,
      4264152182354.2695
    ]
  },
  "n_evaluations": 20
}