{
  "index": 90,
  "background_scenario": "a",
  "bkg_penalty": true,
  "best_fit_raw": 3241882.5672888486,
  "best_fit_physical": 383522696335.3136,
  "levels": [
    0.678,
    0.954
  ],
  "band_raw": {
    "0.678000": [
      1815772.4278577082,
      4801982.224360609
    ],
    "0.954000": [
      1445473.3329176675,
      5181287.118324014
    ]
  },
  "band_physical": {
    "0.678000": [
      214810352629.6729,
      568086330153.9005
    ],
    "0.954000": [
      171003057209.74692,
      612959033790.3195
    ]
  },
  "n_evaluations": 25
}