{
  "index": 13,
  "background_scenario": "a",
  "bkg_penalty": true,
  "best_fit_raw": 8831222.987518573,
  "best_fit_physical": 1044755441263.2585,
  "levels": [
    0.678,
    0.954
  ],
  "band_raw": {
    "0.678000": [
      6434049.776352073,
      10954793.462802496
    ],
    "0.954000": [
      5963034.271431761,
      12434625.571154265
    ]
  },
  "band_physical": {
    "0.678000": [
      761163943284.2871,
      1295979061377.3142
    ],
    "0.954000": [
      705441648379.0004,
      1471046846387.577
    ]
  },
  "n_evaluations": 14
}