{
  "index": 150,
  "background_scenario": "a",
  "best_fit_raw": 1477575.9486850286,
  "best_fit_physical": 122768241961.84067,
  "levels": [
    0.678,
    0.954
  ],
  "band_raw": {
    "0.678000": [
      0.0,
      2749314.4550294774
    ],
    "0.954000": [
      0.0,
      3200800.731383765
    ]
  },
  "band_physical": {
    "0.678000": [
      0.0,
      228433944491.73938
    ],
    "0.954000": [
      0.0,
      265946856411.59167
    ]
  },
  "n_evaluations": 34
}