{
  "index": 30,
  "background_scenario": "a",
  "best_fit_raw": 9821273.280728372,
  "best_fit_physical": 816026042908.2324,
  "levels": [
    0.678,
    0.954
  ],
  "band_raw": {
    "0.678000": [
      7720554.132284535,
      12495592.175142469
    ],
    "0.954000": [
      7155357.8982969895,
      13482609.42001231
    ]
  },
  "band_physical": {
    "0.678000": [
      641482326939.1516,
      1038228786127.4507
    ],
    "0.954000": [
      594521527345.8337,
      1120237681877.6348
    ]
  },
  "n_evaluations": 15
}