{
  "index": 100,
  "background_scenario": "a",
  "bkg_penalty": true,
  "best_fit_raw": 2668217.27569596,
  "best_fit_physical": 315656678717.7527,
  "levels": [
    0.678,
    0.954
  ],
  "band_raw": {
    "0.678000": [
      1466327.7446796729,
      4157726.026788222
    ],
    "0.954000": [
      1145316.2985416949,
      4601280.22091398
    ]
  },
  "band_physical": {
    "0.678000": [
      173470185510.49225,
      491869234409.33307
    ],
    "0.954000": [
      135493740398.14027,
      544342788577.6482
    ]
  },
  "n_evaluations": 23
}