{
  "index": 110,
  "background_scenario": "a",
  "best_fit_raw": 3319203.808139911,
  "best_fit_physical": 275784684097.64825,
  "levels": [
    0.678,
    0.954
  ],
  "band_raw": {
    "0.678000": [
      1690544.7420091485,
      4916512.968897361
    ],
    "0.954000": [
      1320447.2557122742,
      5580661.84374442
    ]
  },
  "band_physical": {
    "0.678000": [
      140463308244.15616,
      408501271498.9618
    ],
    "0.954000": [
      109712795698.52376,
      463683808706.9283
    ]
  },
  "n_evaluations": 24
}