{
  "index": 5,
  "background_scenario": "a",
  "best_fit_raw": 12573177.75601153,
  "best_fit_physical": 1044675185971.3029,
  "levels": [
    0.678,
    0.954
  ],
  "band_raw": {
    "0.678000": [
      10137513.27553386,
      20806691.424446926
    ],
    "0.954000": [
      9160277.307393797,
      31608008.777472984
    ]
  },
  "band_physical": {
    "0.678000": [
      842301665650.2263,
      1728778090557.8147
    ],
    "0.954000": [
      761105472725.4541,
      2626233645030.7065
    ]
  },
  "n_evaluations": 22
}