{
  "index": 30,
  "background_scenario": "a",
  "bkg_penalty": true,
  "best_fit_raw": 6889983.462769338,
  "best_fit_physical": 815102021896.1484,
  "levels": [
    0.678,
    0.954
  ],
  "band_raw": {
    "0.678000": [
      5416251.923183516,
      8766116.264494838
    ],
    "0.954000": [
      4894136.0898442995,
      9458545.066773009
    ]
  },
  "band_physical": {
    "0.678000": [
      640755949203.8776,
      1037053155494.0052
    ],
    "0.954000": [
      578988359525.5516,
      1118969189081.8728
    ]
  },
  "n_evaluations": 15
}