{
  "index": 60,
  "background_scenario": "a",
  "bkg_penalty": true,
  "best_fit_raw": 4995985.437005408,
  "best_fit_physical": 591037388271.1815,
  "levels": [
    0.678,
    0.954
  ],
  "band_raw": {
    "0.678000": [
      3288985.1654212754,
      6858471.237877816
    ],
    "0.954000": [
      2825060.1073066513,
      7400216.62219787
    ]
  },
  "band_physical": {
    "0.678000": [
      389095049764.28265,
      811374048039.2705
    ],
    "0.954000": [
      334211572188.3397,
      875463861969.636
    ]
  },
  "n_evaluations": 15
}