{
  "index": 70,
  "background_scenario": "a",
  "bkg_penalty": true,
  "best_fit_raw": 4286400.507701664,
  "best_fit_physical": 507091742580.17676,
  "levels": [
    0.678,
    0.954
  ],
  "band_raw": {
    "0.678000": [
      2751235.678803725,
      6035379.860366552
    ],
    "0.954000": [
      2304028.617867619,
      6679245.769991114
    ]
  },
  "band_physical": {
    "0.678000": [
      325477960378.7874,
      714000309823.496
    ],
    "0.954000": [
      272572263065.43845,
      790171233542.0908
    ]
  },
  "n_evaluations": 20
}