{
  "index": 5,
  "background_scenario": "b",
  "T": 40,
  "threshold": 0.001,
  "energy_MeV": 0.23083798882681564,
  "best_fit_raw": 10383402.231419027,
  "best_fit_physical": 1228382070686.2515,
  "lower_raw": 9079034.755423348,
  "upper_raw": 30431082.16047157,
  "lower_physical": 1074072184062.4718,
  "upper_physical": 3600072007650.128
}