{
  "index": 160,
  "background_scenario": "b",
  "T": 40,
  "threshold": 0.001,
  "energy_MeV": 1.8068156424581006,
  "best_fit_raw": 993326.3190352767,
  "best_fit_physical": 117512951289.85397,
  "lower_raw": 201151.66853742814,
  "upper_raw": 1093334.6984294588,
  "lower_physical": 23796738064.555576,
  "upper_physical": 129344189012.15617
}