{
  "index": 7,
  "background_scenario": "a",
  "bkg_penalty": true,
  "best_fit_raw": 227035.33073871993,
  "best_fit_physical": 880110439147.5465,
  "levels": [
    0.678,
    0.954
  ],
  "band_raw": {
    "0.678000": [
      183054.2543851778,
      274581.38157776673
    ],
    "0.954000": [
      165408.1910317529,
      296270.3543722355
    ]
  },
  "band_physical": {
    "0.678000": [
      709616250874.0725,
      1064424376311.109
    ],
    "0.954000": [
      641210666083.9183,
      1148502441644.328
    ]
  },
  "n_evaluations": 16
}