{
  "index": 7,
  "background_scenario": "b",
  "bkg_penalty": true,
  "best_fit_raw": 227044.39141131495,
  "best_fit_physical": 880145563163.3136,
  "levels": [
    0.678,
    0.954
  ],
  "band_raw": {
    "0.678000": [
      174014.62550148153,
      288868.25970886817
    ],
    "0.954000": [
      149469.1377025942,
      319685.2801951013
    ]
  },
  "band_physical": {
    "0.678000": [
      674573811793.4492,
      1119807961522.7065
    ],
    "0.954000": [
      579422365648.5729,
      1239271224553.6528
    ]
  },
  "n_evaluations": 18
}