{
  "index": 3,
  "background_scenario": "b",
  "T": 20,
  "threshold": 0.001,
  "energy_MeV": 0.2105027932960894,
  "best_fit_raw": 10383402.186168054,
  "best_fit_physical": 1228382065332.95,
  "lower_raw": 9070108.15381401,
  "upper_raw": 50739449.71504514,
  "lower_physical": 1073016145095.216,
  "upper_physical": 6002601933097.821
}