{
  "index": 110,
  "background_scenario": "b",
  "T": 20,
  "threshold": 0.001,
  "energy_MeV": 1.298435754189944,
  "best_fit_raw": 2793728.3593802527,
  "best_fit_physical": 330504949201.16595,
  "lower_raw": 2503271.0337988613,
  "upper_raw": 2926320.1371717686,
  "lower_physical": 296143131841.9149,
  "upper_physical": 346190883245.6622
}