{
  "index": 25,
  "background_scenario": "b",
  "T": 20,
  "threshold": 0.001,
  "energy_MeV": 0.43418994413407824,
  "best_fit_raw": 9546609.750068175,
  "best_fit_physical": 1129387458124.0864,
  "lower_raw": 8430124.604950178,
  "upper_raw": 10308536.073593061,
  "lower_physical": 997304514221.5026,
  "upper_physical": 1219525219730.7612
}