{
  "index": 16,
  "background_scenario": "b",
  "T": 20,
  "threshold": 0.001,
  "energy_MeV": 0.3426815642458101,
  "best_fit_raw": 10383402.186157277,
  "best_fit_physical": 1228382065331.6748,
  "lower_raw": 9065265.903449506,
  "upper_raw": 11523757.691514354,
  "lower_physical": 1072443294944.8545,
  "upper_physical": 1363288931671.722
}