{
  "index": 150,
  "background_scenario": "b",
  "best_fit_raw": 6838821.809753052,
  "best_fit_physical": 122735801423.20805,
  "levels": [
    0.678,
    0.954
  ],
  "band_raw": {
    "0.678000": [
      0.0,
      13051535.048030907
    ],
    "0.954000": [
      0.0,
      14814606.227139525
    ]
  },
  "band_physical": {
    "0.678000": [
      0.0,
      234234881166.03018
    ],
    "0.954000": [
      0.0,
      265876582054.54486
    ]
  },
  "n_evaluations": 34
}