{
  "index": 40,
  "background_scenario": "b",
  "best_fit_raw": 35233969.187582836,
  "best_fit_physical": 632341295892.7136,
  "levels": [
    0.678,
    0.954
  ],
  "band_raw": {
    "0.678000": [
      31439147.799655754,
      53529174.12258829
    ],
    "0.954000": [
      27004525.04021824,
      57757402.54282582
    ]
  },
  "band_physical": {
    "0.678000": [
      564235932533.0592,
      960683911384.9587
    ],
    "0.954000": [
      484648103879.162,
      1036567596937.0724
    ]
  },
  "n_evaluations": 16
}