{
  "index": 120,
  "background_scenario": "b",
  "best_fit_raw": 6974198.477176744,
  "best_fit_physical": 125165395910.74887,
  "levels": [
    0.678,
    0.954
  ],
  "band_raw": {
    "0.678000": [
      5081101.475495907,
      21202602.047670186
    ],
    "0.954000": [
      3139420.560734626,
      23316349.201064955
    ]
  },
  "band_physical": {
    "0.678000": [
      91190131729.74516,
      380521444624.70233
    ],
    "0.954000": [
      56342935851.427795,
      418456699862.3731
    ]
  },
  "n_evaluations": 22
}