{
  "index": 1,
  "background_scenario": "b",
  "best_fit_raw": 58317985.74990745,
  "best_fit_physical": 1046628340015.2782,
  "levels": [
    0.678,
    0.954
  ],
  "band_raw": {
    "0.678000": [
      45844072.65720307,
      351440149.1086358
    ],
    "0.954000": [
      40388216.32220263,
      658025222.7591221
    ]
  },
  "band_physical": {
    "0.678000": [
      822759995012.7633,
      6307268935070.809
    ],
    "0.954000": [
      724844167059.5934,
      11809527330694.145
    ]
  },
  "n_evaluations": 25
}