{
  "index": 30,
  "background_scenario": "b",
  "best_fit_raw": 45790298.33367212,
  "best_fit_physical": 821794911424.0742,
  "levels": [
    0.678,
    0.954
  ],
  "band_raw": {
    "0.678000": [
      35095258.53778903,
      58258932.136469215
    ],
    "0.954000": [
      31712145.931951687,
      64474106.85647851
    ]
  },
  "band_physical": {
    "0.678000": [
      629851866683.7091,
      1045568509422.5376
    ],
    "0.954000": [
      569135408712.8005,
      1157111765185.9377
    ]
  },
  "n_evaluations": 15
}