{
  "index": 90,
  "background_scenario": "b",
  "best_fit_raw": 13261706.05495333,
  "best_fit_physical": 238006803828.75528,
  "levels": [
    0.678,
    0.954
  ],
  "band_raw": {
    "0.678000": [
      12448585.31758045,
      30898284.53984365
    ],
    "0.954000": [
      8954593.017876107,
      33338916.344264172
    ]
  },
  "band_physical": {
    "0.678000": [
      223413789398.55563,
      554529101809.8583
    ],
    "0.954000": [
      160707382213.16132,
      598330930374.4397
    ]
  },
  "n_evaluations": 22
}