{
  "index": 40,
  "background_scenario": "b",
  "best_fit_raw": 42572439.61788764,
  "best_fit_physical": 764044252124.0734,
  "levels": [
    0.678,
    0.954
  ],
  "band_raw": {
    "0.678000": [
      31016451.061122753,
      52809478.80952923
    ],
    "0.954000": [
      27325214.851015456,
      56980859.04881744
    ]
  },
  "band_physical": {
    "0.678000": [
      556649827147.3572,
      947767595755.4365
    ],
    "0.954000": [
      490403498891.84094,
      1022631031439.6102
    ]
  },
  "n_evaluations": 17
}