{
  "index": 50,
  "background_scenario": "b",
  "best_fit_raw": 36826196.67092298,
  "best_fit_physical": 660916878303.2849,
  "levels": [
    0.678,
    0.954
  ],
  "band_raw": {
    "0.678000": [
      27518587.453968495,
      49289830.243325174
    ],
    "0.954000": [
      23636976.062699277,
      53183196.141073376
    ]
  },
  "band_physical": {
    "0.678000": [
      493873941909.2165,
      884600737556.9921
    ],
    "0.954000": [
      424210965131.3372,
      954474671545.5089
    ]
  },
  "n_evaluations": 18
}