{
  "index": 80,
  "background_scenario": "b",
  "best_fit_raw": 14942213.256360836,
  "best_fit_physical": 268166735451.49057,
  "levels": [
    0.678,
    0.954
  ],
  "band_raw": {
    "0.678000": [
      14755262.507787427,
      35481680.33142546
    ],
    "0.954000": [
      12356828.367707677,
      38284351.0550862
    ]
  },
  "band_physical": {
    "0.678000": [
      264811544953.60352,
      636786948463.6909
    ],
    "0.954000": [
      221767034578.48956,
      687086261263.9297
    ]
  },
  "n_evaluations": 21
}