{
  "index": 150,
  "background_scenario": "b",
  "best_fit_raw": 532920.0945686245,
  "best_fit_physical": 9564275356.338585,
  "levels": [
    0.678,
    0.954
  ],
  "band_raw": {
    "0.678000": [
      0.0,
      13170904.213482816
    ],
    "0.954000": [
      0.0,
      14761865.972958498
    ]
  },
  "band_physical": {
    "0.678000": [
      0.0,
      236377190264.66257
    ],
    "0.954000": [
      0.0,
      264930056827.7959
    ]
  },
  "n_evaluations": 44
}