{
  "index": 60,
  "background_scenario": "b",
  "best_fit_raw": 33421917.900391534,
  "best_fit_physical": 599820552826.0931,
  "levels": [
    0.678,
    0.954
  ],
  "band_raw": {
    "0.678000": [
      22567207.524788387,
      43614020.0202771
    ],
    "0.954000": [
      19384008.897900928,
      49505635.176642776
    ]
  },
  "band_physical": {
    "0.678000": [
      405011912649.7274,
      782737414336.8484
    ],
    "0.954000": [
      347883295260.8215,
      888473771857.1465
    ]
  },
  "n_evaluations": 18
}