{
  "index": 50,
  "background_scenario": "b",
  "best_fit_raw": 35461794.01608908,
  "best_fit_physical": 636430050313.9711,
  "levels": [
    0.678,
    0.954
  ],
  "band_raw": {
    "0.678000": [
      27179137.819534305,
      49931264.47997972
    ],
    "0.954000": [
      23345407.213206753,
      53875296.776259035
    ]
  },
  "band_physical": {
    "0.678000": [
      487781865805.4527,
      896112507754.5728
    ],
    "0.954000": [
      418978201739.04175,
      966895747644.3011
    ]
  },
  "n_evaluations": 21
}