{
  "index": 8,
  "background_scenario": "b",
  "best_fit_raw": 40720887.25760347,
  "best_fit_physical": 730814586380.711,
  "levels": [
    0.678,
    0.954
  ],
  "band_raw": {
    "0.678000": [
      40211404.47718996,
      83056238.46789703
    ],
    "0.954000": [
      40211404.47718996,
      108375757.79815218
    ]
  },
  "band_physical": {
    "0.678000": [
      721670938672.8269,
      1490603831352.4248
    ],
    "0.954000": [
      721670938672.8269,
      1945011269226.7988
    ]
  },
  "n_evaluations": 19
}