{
  "index": 0,
  "background_scenario": "b",
  "best_fit_raw": 58317985.74990745,
  "best_fit_physical": 1046628340015.2782,
  "levels": [
    0.678,
    0.954
  ],
  "band_raw": {
    "0.678000": [
      48227483.32515341,
      763688589.7340164
    ],
    "0.954000": [
      43578450.56166901,
      1367878384.3727288
    ]
  },
  "band_physical": {
    "0.678000": [
      865534880305.7714,
      13705859533449.18
    ],
    "0.954000": [
      782099052038.5023,
      24549206636154.816
    ]
  },
  "n_evaluations": 25
}