{
  "index": 13,
  "background_scenario": "b",
  "best_fit_raw": 40780917.11604131,
  "best_fit_physical": 731891937566.2885,
  "levels": [
    0.678,
    0.954
  ],
  "band_raw": {
    "0.678000": [
      40270683.2670425,
      72130706.03044307
    ],
    "0.954000": [
      38280499.050768904,
      83975849.39587936
    ]
  },
  "band_physical": {
    "0.678000": [
      722734810489.1058,
      1294524153157.8867
    ],
    "0.954000": [
      687017129642.9983,
      1507108016924.6365
    ]
  },
  "n_evaluations": 16
}