{
  "index": 70,
  "background_scenario": "b",
  "best_fit_raw": 15763748.002769465,
  "best_fit_physical": 282910755445.355,
  "levels": [
    0.678,
    0.954
  ],
  "band_raw": {
    "0.678000": [
      15566518.553632418,
      39628858.74250679
    ],
    "0.954000": [
      15176994.960794577,
      43579571.35650227
    ]
  },
  "band_physical": {
    "0.678000": [
      279371093910.444,
      711216035825.374
    ],
    "0.954000": [
      272380344382.21112,
      782119166855.9253
    ]
  },
  "n_evaluations": 17
}