{
  "index": 5,
  "background_scenario": "b",
  "best_fit_raw": 58317985.74990745,
  "best_fit_physical": 1046628340015.2782,
  "levels": [
    0.678,
    0.954
  ],
  "band_raw": {
    "0.678000": [
      44696908.772727065,
      110240311.22828442
    ],
    "0.954000": [
      40388216.32220263,
      158187334.54437882
    ]
  },
  "band_physical": {
    "0.678000": [
      802171934285.0914,
      1978474264156.321
    ],
    "0.954000": [
      724844167059.5934,
      2838975750562.2944
    ]
  },
  "n_evaluations": 21
}