{
  "index": 130,
  "background_scenario": "b",
  "best_fit_raw": 12203809.391084248,
  "best_fit_physical": 219020814944.27542,
  "levels": [
    0.678,
    0.954
  ],
  "band_raw": {
    "0.678000": [
      2775640.5560948616,
      18076680.616620935
    ],
    "0.954000": [
      1619914.2324003784,
      21585325.92916115
    ]
  },
  "band_physical": {
    "0.678000": [
      49814204491.95228,
      324420776600.4736
    ],
    "0.954000": [
      29072474335.70736,
      387390160263.9376
    ]
  },
  "n_evaluations": 28
}