{
  "index": 20,
  "background_scenario": "b",
  "best_fit_raw": 51183305.88225816,
  "best_fit_physical": 918582797111.2172,
  "levels": [
    0.678,
    0.954
  ],
  "band_raw": {
    "0.678000": [
      39228644.89038887,
      63490928.20734337
    ],
    "0.954000": [
      36356845.53809007,
      73917266.56459162
    ]
  },
  "band_physical": {
    "0.678000": [
      704033429047.945,
      1139466734682.0437
    ],
    "0.954000": [
      652493470143.2736,
      1326587415668.5552
    ]
  },
  "n_evaluations": 15
}