{
  "index": 16,
  "background_scenario": "b",
  "best_fit_raw": 51183305.88225816,
  "best_fit_physical": 918582797111.2172,
  "levels": [
    0.678,
    0.954
  ],
  "band_raw": {
    "0.678000": [
      41268122.74001439,
      66791790.16912797
    ],
    "0.954000": [
      37289958.393094,
      75814382.51668683
    ]
  },
  "band_physical": {
    "0.678000": [
      740635778885.7028,
      1198707046761.7124
    ],
    "0.954000": [
      669239973746.259,
      1360634807639.0686
    ]
  },
  "n_evaluations": 15
}