{
  "index": 130,
  "background_scenario": "b",
  "best_fit_raw": 9830883.609345594,
  "best_fit_physical": 176434101086.0293,
  "levels": [
    0.678,
    0.954
  ],
  "band_raw": {
    "0.678000": [
      2791002.7882792307,
      18761729.074078597
    ],
    "0.954000": [
      1304935.8413844956,
      21842738.298806548
    ]
  },
  "band_physical": {
    "0.678000": [
      50089909274.332924,
      336715287815.82495
    ],
    "0.954000": [
      23419581728.212597,
      392009919977.4629
    ]
  },
  "n_evaluations": 27
}