{
  "index": 20,
  "background_scenario": "b",
  "best_fit_raw": 41567023.15509293,
  "best_fit_physical": 746000121313.528,
  "levels": [
    0.678,
    0.954
  ],
  "band_raw": {
    "0.678000": [
      39018406.22917029,
      63150660.32954303
    ],
    "0.954000": [
      36161997.75394112,
      73521120.65624079
    ]
  },
  "band_physical": {
    "0.678000": [
      700260292198.8455,
      1133359973628.4307
    ],
    "0.954000": [
      648996552164.0753,
      1319477815960.5144
    ]
  },
  "n_evaluations": 16
}