{
  "index": 30,
  "background_scenario": "b",
  "best_fit_raw": 35207833.650474705,
  "best_fit_physical": 631872243447.4492,
  "levels": [
    0.678,
    0.954
  ],
  "band_raw": {
    "0.678000": [
      34767327.900511436,
      59195826.83421134
    ],
    "0.954000": [
      32222126.810215533,
      63871659.80721163
    ]
  },
  "band_physical": {
    "0.678000": [
      623966521123.1494,
      1062382885462.0687
    ],
    "0.954000": [
      578287995743.9408,
      1146299694998.4434
    ]
  },
  "n_evaluations": 14
}