{
  "index": 140,
  "background_scenario": "b",
  "best_fit_raw": 1218572.6335875613,
  "best_fit_physical": 21869627976.336945,
  "levels": [
    0.678,
    0.954
  ],
  "band_raw": {
    "0.678000": [
      0.0,
      16135113.764299007
    ],
    "0.954000": [
      0.0,
      18844384.93251826
    ]
  },
  "band_physical": {
    "0.678000": [
      0.0,
      289575627791.8556
    ],
    "0.954000": [
      0.0,
      338198706058.0501
    ]
  },
  "n_evaluations": 43
}