{
  "index": 3,
  "background_scenario": "b",
  "best_fit_raw": 213954722.37214208,
  "best_fit_physical": 3839828708678.2686,
  "levels": [
    0.678,
    0.954
  ],
  "band_raw": {
    "0.678000": [
      44250511.629581645,
      216700338.75991535
    ],
    "0.954000": [
      40881372.92939907,
      258761414.2383834
    ]
  },
  "band_physical": {
    "0.678000": [
      794160479587.0253,
      3889104071763.977
    ],
    "0.954000": [
      733694810210.5942,
      4643970911576.877
    ]
  },
  "n_evaluations": 23
}