{
  "index": 8,
  "background_scenario": "b",
  "best_fit_raw": 58317985.74990744,
  "best_fit_physical": 1046628340015.2781,
  "levels": [
    0.678,
    0.954
  ],
  "band_raw": {
    "0.678000": [
      43578450.56166899,
      82113464.67968279
    ],
    "0.954000": [
      40388216.32220262,
      108511837.48159516
    ]
  },
  "band_physical": {
    "0.678000": [
      782099052038.5021,
      1473683943734.9045
    ],
    "0.954000": [
      724844167059.5933,
      1947453480687.9854
    ]
  },
  "n_evaluations": 18
}