{
  "index": 140,
  "background_scenario": "b",
  "best_fit_raw": 6838821.809753052,
  "best_fit_physical": 122735801423.20805,
  "levels": [
    0.678,
    0.954
  ],
  "band_raw": {
    "0.678000": [
      0.0,
      16239420.836397316
    ],
    "0.954000": [
      0.0,
      18906222.238529637
    ]
  },
  "band_physical": {
    "0.678000": [
      0.0,
      291447618676.2849
    ],
    "0.954000": [
      0.0,
      339308495364.20447
    ]
  },
  "n_evaluations": 39
}