{
  "index": 2,
  "background_scenario": "b",
  "best_fit_raw": 58317985.74990745,
  "best_fit_physical": 1046628340015.2782,
  "levels": [
    0.678,
    0.954
  ],
  "band_raw": {
    "0.678000": [
      44696908.772727065,
      225908943.5012452
    ],
    "0.954000": [
      41424795.906684,
      369121152.8177669
    ]
  },
  "band_physical": {
    "0.678000": [
      802171934285.0914,
      4054370182558.7964
    ],
    "0.954000": [
      743447579983.5588,
      6624588529085.101
    ]
  },
  "n_evaluations": 25
}