{
  "index": 100,
  "background_scenario": "b",
  "best_fit_raw": 17730526.11364406,
  "best_fit_physical": 318208368744.11896,
  "levels": [
    0.678,
    0.954
  ],
  "band_raw": {
    "0.678000": [
      10026010.41111891,
      26937084.90716492
    ],
    "0.954000": [
      7981358.491011829,
      29810784.836191833
    ]
  },
  "band_physical": {
    "0.678000": [
      179936026572.76166,
      483437761073.2443
    ],
    "0.954000": [
      143240818095.77612,
      535011829480.16345
    ]
  },
  "n_evaluations": 18
}