{
  "index": 16,
  "background_scenario": "b",
  "best_fit_raw": 36991620.4142634,
  "best_fit_physical": 663885725317.8917,
  "levels": [
    0.678,
    0.954
  ],
  "band_raw": {
    "0.678000": [
      36528796.66728964,
      67107684.56455372
    ],
    "0.954000": [
      36528796.66728964,
      78127958.56899956
    ]
  },
  "band_physical": {
    "0.678000": [
      655579463642.5977,
      1204376378828.8801
    ],
    "0.954000": [
      655579463642.5977,
      1402156376534.0474
    ]
  },
  "n_evaluations": 15
}