{
  "index": 110,
  "background_scenario": "b",
  "best_fit_raw": 11575028.633221602,
  "best_fit_physical": 207736135743.29025,
  "levels": [
    0.678,
    0.954
  ],
  "band_raw": {
    "0.678000": [
      7815711.655141715,
      24446978.730962105
    ],
    "0.954000": [
      5210474.436761143,
      25717965.066365164
    ]
  },
  "band_physical": {
    "0.678000": [
      140267967256.94556,
      438748019818.50494
    ],
    "0.954000": [
      93511978171.29703,
      461558312411.76575
    ]
  },
  "n_evaluations": 18
}