{
  "index": 2,
  "background_scenario": "b",
  "best_fit_raw": 255056342.87409025,
  "best_fit_physical": 4577476284888.67,
  "levels": [
    0.678,
    0.954
  ],
  "band_raw": {
    "0.678000": [
      44316794.04358409,
      258329403.9546612
    ],
    "0.954000": [
      40942608.74308136,
      368344079.38759404
    ]
  },
  "band_physical": {
    "0.678000": [
      795350044899.4674,
      4636217656722.35
    ],
    "0.954000": [
      734793804580.8495,
      6610642452864.642
    ]
  },
  "n_evaluations": 25
}