{
  "index": 70,
  "background_scenario": "b",
  "best_fit_raw": 27929447.75281069,
  "best_fit_physical": 501247619635.3213,
  "levels": [
    0.678,
    0.954
  ],
  "band_raw": {
    "0.678000": [
      18858571.951761927,
      40334800.55577958
    ],
    "0.954000": [
      15012653.807802577,
      43520815.52481294
    ]
  },
  "band_physical": {
    "0.678000": [
      338453319385.47955,
      723885518467.3434
    ],
    "0.954000": [
      269430926532.11865,
      781064680528.9979
    ]
  },
  "n_evaluations": 21
}