{
  "index": 100,
  "background_scenario": "b",
  "best_fit_raw": 10015345.175947515,
  "best_fit_physical": 179744618429.29147,
  "levels": [
    0.678,
    0.954
  ],
  "band_raw": {
    "0.678000": [
      9890037.348670494,
      26655131.951986343
    ],
    "0.954000": [
      7296750.345956361,
      29874902.967098363
    ]
  },
  "band_physical": {
    "0.678000": [
      177495728630.2456,
      478377573385.9248
    ],
    "0.954000": [
      130954209132.7517,
      536162552572.75055
    ]
  },
  "n_evaluations": 21
}