{
  "index": 120,
  "background_scenario": "b",
  "best_fit_raw": 12203809.391084248,
  "best_fit_physical": 219020814944.27542,
  "levels": [
    0.678,
    0.954
  ],
  "band_raw": {
    "0.678000": [
      5493518.753020322,
      21045192.714432757
    ],
    "0.954000": [
      2915466.2554061217,
      23888089.93664119
    ]
  },
  "band_physical": {
    "0.678000": [
      98591752430.77708,
      377696431602.8926
    ],
    "0.954000": [
      52323645407.645294,
      428717686233.9097
    ]
  },
  "n_evaluations": 22
}