{
  "index": 60,
  "background_scenario": "b",
  "best_fit_raw": 16746938.590933917,
  "best_fit_physical": 300556000218.07654,
  "levels": [
    0.678,
    0.954
  ],
  "band_raw": {
    "0.678000": [
      16537407.870673636,
      43731670.28685283
    ],
    "0.954000": [
      16537407.870673636,
      49954660.234940216
    ]
  },
  "band_physical": {
    "0.678000": [
      296795568730.1188,
      784848874491.4666
    ],
    "0.954000": [
      296795568730.1188,
      896532389543.4039
    ]
  },
  "n_evaluations": 18
}