{
  "index": 90,
  "background_scenario": "b",
  "best_fit_raw": 20724646.42561653,
  "best_fit_physical": 371943612368.0081,
  "levels": [
    0.678,
    0.954
  ],
  "band_raw": {
    "0.678000": [
      13993733.039457714,
      30698022.422569185
    ],
    "0.954000": [
      9329155.359638475,
      33972946.38561238
    ]
  },
  "band_physical": {
    "0.678000": [
      251144435003.53278,
      550935013216.5078
    ],
    "0.954000": [
      167429623335.68848,
      609709818056.567
    ]
  },
  "n_evaluations": 22
}