{
  "index": 25,
  "background_scenario": "b",
  "best_fit_raw": 38194302.78807201,
  "best_fit_physical": 685470172041.8073,
  "levels": [
    0.678,
    0.954
  ],
  "band_raw": {
    "0.678000": [
      36772647.01540463,
      61043435.38720544
    ],
    "0.954000": [
      34080643.144859895,
      67555666.25941506
    ]
  },
  "band_physical": {
    "0.678000": [
      659955826813.8882,
      1095541772003.7101
    ],
    "0.954000": [
      611642643391.784,
      1212416271352.958
    ]
  },
  "n_evaluations": 16
}