{
  "index": 4,
  "background_scenario": "b",
  "best_fit_raw": 58317985.74990745,
  "best_fit_physical": 1046628340015.2782,
  "levels": [
    0.678,
    0.954
  ],
  "band_raw": {
    "0.678000": [
      44696908.772727065,
      128343728.80190727
    ],
    "0.954000": [
      40388216.32220263,
      194970436.3730732
    ]
  },
  "band_physical": {
    "0.678000": [
      802171934285.0914,
      2303374886837.9673
    ],
    "0.954000": [
      724844167059.5934,
      3499119209094.5605
    ]
  },
  "n_evaluations": 21
}