{
  "index": 13,
  "background_scenario": "b",
  "best_fit_raw": 56114917.485839255,
  "best_fit_physical": 1007090045773.5967,
  "levels": [
    0.678,
    0.954
  ],
  "band_raw": {
    "0.678000": [
      41932195.11928466,
      71394930.55556399
    ],
    "0.954000": [
      38862477.796126954,
      83119246.51663473
    ]
  },
  "band_physical": {
    "0.678000": [
      752553834062.4753,
      1281319248118.829
    ],
    "0.954000": [
      697461856777.2725,
      1491734631886.942
    ]
  },
  "n_evaluations": 15
}