{
  "index": 3,
  "background_scenario": "b",
  "best_fit_raw": 58317985.74990745,
  "best_fit_physical": 1046628340015.2782,
  "levels": [
    0.678,
    0.954
  ],
  "band_raw": {
    "0.678000": [
      44696908.772727065,
      166945255.21779212
    ],
    "0.954000": [
      41424795.906684,
      256844957.07171977
    ]
  },
  "band_physical": {
    "0.678000": [
      802171934285.0914,
      2996153469554.6655
    ],
    "0.954000": [
      743447579983.5588,
      4609576404337.595
    ]
  },
  "n_evaluations": 20
}