{
  "index": 110,
  "background_scenario": "b",
  "best_fit_raw": 15438635.793378169,
  "best_fit_physical": 277075991990.16394,
  "levels": [
    0.678,
    0.954
  ],
  "band_raw": {
    "0.678000": [
      7287600.55434312,
      24057118.00194002
    ],
    "0.954000": [
      4983093.141239553,
      27306882.205579393
    ]
  },
  "band_physical": {
    "0.678000": [
      130789998536.57782,
      431751219733.47833
    ],
    "0.954000": [
      89431183801.9088,
      490074484334.59753
    ]
  },
  "n_evaluations": 23
}