{
  "index": 1,
  "background_scenario": "b",
  "best_fit_raw": 58317985.74990745,
  "best_fit_physical": 1046628340015.2782,
  "levels": [
    0.678,
    0.954
  ],
  "band_raw": {
    "0.678000": [
      44696908.772727065,
      351440149.1086358
    ],
    "0.954000": [
      41424795.906684,
      609853372.4748186
    ]
  },
  "band_physical": {
    "0.678000": [
      802171934285.0914,
      6307268935070.809
    ],
    "0.954000": [
      743447579983.5588,
      10944990892231.76
    ]
  },
  "n_evaluations": 25
}