{
  "index": 1,
  "background_scenario": "b",
  "best_fit_raw": 128656117.23089121,
  "best_fit_physical": 2308981297598.9556,
  "levels": [
    0.678,
    0.954
  ],
  "band_raw": {
    "0.678000": [
      44806150.608008444,
      350098780.57822895
    ],
    "0.954000": [
      40744242.26697496,
      611386830.0230567
    ]
  },
  "band_physical": {
    "0.678000": [
      804132488979.3344,
      6283195498715.358
    ],
    "0.954000": [
      731233736911.6357,
      10972511735202.557
    ]
  },
  "n_evaluations": 25
}