{
  "index": 160,
  "background_scenario": "b",
  "best_fit_raw": 1433515.0139969843,
  "best_fit_physical": 25727182106.748657,
  "levels": [
    0.678,
    0.954
  ],
  "band_raw": {
    "0.678000": [
      0.0,
      10250371.483002497
    ],
    "0.954000": [
      0.0,
      11933664.58308528
    ]
  },
  "band_physical": {
    "0.678000": [
      0.0,
      183962617224.1704
    ],
    "0.954000": [
      0.0,
      214172547153.06223
    ]
  },
  "n_evaluations": 42
}