{
  "index": 25,
  "background_scenario": "b",
  "best_fit_raw": 51183305.88225816,
  "best_fit_physical": 918582797111.2172,
  "levels": [
    0.678,
    0.954
  ],
  "band_raw": {
    "0.678000": [
      36356845.53809007,
      60353195.42151238
    ],
    "0.954000": [
      33695281.11852749,
      68506027.94452141
    ]
  },
  "band_physical": {
    "0.678000": [
      652493470143.2736,
      1083154089195.1235
    ],
    "0.954000": [
      604726581172.9196,
      1229472338363.9583
    ]
  },
  "n_evaluations": 19
}