{
  "index": 5,
  "background_scenario": "b",
  "best_fit_raw": 38192089.66118714,
  "best_fit_physical": 685430453226.2828,
  "levels": [
    0.678,
    0.954
  ],
  "band_raw": {
    "0.678000": [
      37714246.14301207,
      112137453.57591733
    ],
    "0.954000": [
      37714246.14301207,
      155892362.20443243
    ]
  },
  "band_physical": {
    "0.678000": [
      676854632889.1508,
      2012522129845.4902
    ],
    "0.954000": [
      676854632889.1508,
      2797788061041.607
    ]
  },
  "n_evaluations": 18
}