{
  "index": 4,
  "background_scenario": "b",
  "best_fit_raw": 119295090.67008956,
  "best_fit_physical": 2140979684302.7297,
  "levels": [
    0.678,
    0.954
  ],
  "band_raw": {
    "0.678000": [
      44827743.31828609,
      130369919.18286827
    ],
    "0.954000": [
      40763877.48684577,
      195554878.77430242
    ]
  },
  "band_physical": {
    "0.678000": [
      804520011665.9243,
      2339738767512.3525
    ],
    "0.954000": [
      731586128670.6266,
      3509608151268.5293
    ]
  },
  "n_evaluations": 23
}