{
  "index": 167,
  "background_scenario": "b",
  "best_fit_raw": 2912415.45960258,
  "best_fit_physical": 52268893013.39629,
  "levels": [
    0.678,
    0.954
  ],
  "band_raw": {
    "0.678000": [
      0.0,
      8051500.018855457
    ],
    "0.954000": [
      0.0,
      9736874.580914356
    ]
  },
  "band_physical": {
    "0.678000": [
      0.0,
      144499642623.2201
    ],
    "0.954000": [
      0.0,
      174746928387.792
    ]
  },
  "n_evaluations": 38
}