{
  "index": 5,
  "background_scenario": "flat",
  "T": 3,
  "threshold": 0.001,
  "energy_MeV": 0.454413407821229,
  "best_fit_raw": 8831206.569214944,
  "best_fit_physical": 1044753498937.4813,
  "lower_raw": 8155120.395760344,
  "upper_raw": 9976124.837549642,
  "lower_physical": 964770838610.8374,
  "upper_physical": 1180200151381.3105
}