{
  "index": 8,
  "background_scenario": "a",
  "best_fit_raw": 12573177.75601153,
  "best_fit_physical": 1044675185971.3029,
  "levels": [
    0.678,
    0.954
  ],
  "band_raw": {
    "0.678000": [
      9883840.588226022,
      16828503.979132965
    ],
    "0.954000": [
      9160277.307393797,
      18623801.08931137
    ]
  },
  "band_physical": {
    "0.678000": [
      821224610435.4099,
      1398240036462.8567
    ],
    "0.954000": [
      761105472725.4541,
      1547406967754.5618
    ]
  },
  "n_evaluations": 15
}