{
  "index": 130,
  "background_scenario": "a",
  "best_fit_raw": 2596712.407247953,
  "best_fit_physical": 215754606321.28018,
  "levels": [
    0.678,
    0.954
  ],
  "band_raw": {
    "0.678000": [
      819783.5452601346,
      3750087.6484936625
    ],
    "0.954000": [
      519513.1326357757,
      4256669.550764835
    ]
  },
  "band_physical": {
    "0.678000": [
      68113848719.85736,
      311585789020.25745
    ],
    "0.954000": [
      43165100262.04989,
      353676464363.7922
    ]
  },
  "n_evaluations": 23
}