{
  "index": 150,
  "background_scenario": "a",
  "best_fit_raw": 1477575.9486850286,
  "best_fit_physical": 122768241961.84067,
  "levels": [
    0.678,
    0.954
  ],
  "band_raw": {
    "0.678000": [
      0.0,
      2548046.236530454
    ],
    "0.954000": [
      0.0,
      3042616.5989518655
    ]
  },
  "band_physical": {
    "0.678000": [
      0.0,
      211711050910.59598
    ],
    "0.954000": [
      0.0,
      252803716214.83484
    ]
  },
  "n_evaluations": 35
}