{
  "index": 0,
  "background_scenario": "a",
  "best_fit_raw": 12573177.756011527,
  "best_fit_physical": 1044675185971.3025,
  "levels": [
    0.678,
    0.954
  ],
  "band_raw": {
    "0.678000": [
      10938267.676189927,
      134435266.49401167
    ],
    "0.954000": [
      10137513.275533857,
      273320946.3595779
    ]
  },
  "band_physical": {
    "0.678000": [
      908834428381.808,
      11169903881982.824
    ],
    "0.954000": [
      842301665650.226,
      22709581937750.4
    ]
  },
  "n_evaluations": 26
}