{
  "index": 20,
  "background_scenario": "a",
  "best_fit_raw": 10998319.184327671,
  "best_fit_physical": 913823964173.717,
  "levels": [
    0.678,
    0.954
  ],
  "band_raw": {
    "0.678000": [
      8867734.864113556,
      13301602.296170335
    ],
    "0.954000": [
      8218557.322797106,
      15098453.897000317
    ]
  },
  "band_physical": {
    "0.678000": [
      736798822706.7534,
      1105198234060.1301
    ],
    "0.954000": [
      682860217696.6633,
      1254494324251.9988
    ]
  },
  "n_evaluations": 15
}