{
  "index": 80,
  "background_scenario": "a",
  "best_fit_raw": 5138330.961413151,
  "best_fit_physical": 426931596519.41406,
  "levels": [
    0.678,
    0.954
  ],
  "band_raw": {
    "0.678000": [
      3469513.074708905,
      7420610.54527401
    ],
    "0.954000": [
      2905551.667486018,
      7611063.456941457
    ]
  },
  "band_physical": {
    "0.678000": [
      288273520575.84863,
      616560733637.784
    ],
    "0.954000": [
      241415319776.96802,
      632385009312.2323
    ]
  },
  "n_evaluations": 16
}