{
  "index": 40,
  "background_scenario": "a",
  "best_fit_raw": 8941172.386566069,
  "best_fit_physical": 742900570324.9058,
  "levels": [
    0.678,
    0.954
  ],
  "band_raw": {
    "0.678000": [
      7028702.230700125,
      11091181.476062592
    ],
    "0.954000": [
      6192223.546117729,
      11967265.396649566
    ]
  },
  "band_physical": {
    "0.678000": [
      583998011678.6978,
      921539669285.8568
    ],
    "0.954000": [
      514497003871.87354,
      994331381168.5648
    ]
  },
  "n_evaluations": 14
}