{
  "index": 160,
  "background_scenario": "a",
  "best_fit_raw": 1477575.9486850312,
  "best_fit_physical": 122768241961.84088,
  "levels": [
    0.678,
    0.954
  ],
  "band_raw": {
    "0.678000": [
      0.0,
      2080471.0401728791
    ],
    "0.954000": [
      0.0,
      2361512.1986573236
    ]
  },
  "band_physical": {
    "0.678000": [
      0.0,
      172861349213.11768
    ],
    "0.954000": [
      0.0,
      196212385061.23108
    ]
  },
  "n_evaluations": 36
}