{
  "index": 70,
  "background_scenario": "a",
  "best_fit_raw": 6399629.215016631,
  "best_fit_physical": 531729843487.5282,
  "levels": [
    0.678,
    0.954
  ],
  "band_raw": {
    "0.678000": [
      4321169.150358276,
      8351213.043426683
    ],
    "0.954000": [
      3528219.836877899,
      9010868.958401365
    ]
  },
  "band_physical": {
    "0.678000": [
      359035581407.066,
      693882263380.5878
    ],
    "0.954000": [
      293151324650.2676,
      748691491328.0538
    ]
  },
  "n_evaluations": 18
}