{
  "index": 30,
  "background_scenario": "a",
  "best_fit_raw": 9821273.280728372,
  "best_fit_physical": 816026042908.2324,
  "levels": [
    0.678,
    0.954
  ],
  "band_raw": {
    "0.678000": [
      7918705.215030171,
      12182912.885812093
    ],
    "0.954000": [
      7155357.8982969895,
      13145231.833365807
    ]
  },
  "band_physical": {
    "0.678000": [
      657946225186.2545,
      1012249013863.8789
    ],
    "0.954000": [
      594521527345.8337,
      1092205787323.0565
    ]
  },
  "n_evaluations": 14
}