{
  "index": 120,
  "background_scenario": "a",
  "best_fit_raw": 2638511.0290226126,
  "best_fit_physical": 219227553560.4862,
  "levels": [
    0.678,
    0.954
  ],
  "band_raw": {
    "0.678000": [
      1318552.374946246,
      4325188.082149178
    ],
    "0.954000": [
      804426.1190737042,
      4786607.449817804
    ]
  },
  "band_physical": {
    "0.678000": [
      109555354600.0952,
      359369504811.1202
    ],
    "0.954000": [
      66837837009.16005,
      397707733466.1244
    ]
  },
  "n_evaluations": 22
}