{
  "index": 2,
  "background_scenario": "a",
  "best_fit_raw": 12573177.756011527,
  "best_fit_physical": 1044675185971.3025,
  "levels": [
    0.678,
    0.954
  ],
  "band_raw": {
    "0.678000": [
      9883840.588226018,
      40274780.94295502
    ],
    "0.954000": [
      9160277.307393793,
      64772421.17278199
    ]
  },
  "band_physical": {
    "0.678000": [
      821224610435.4097,
      3346334959069.3906
    ],
    "0.954000": [
      761105472725.4537,
      5381785134003.599
    ]
  },
  "n_evaluations": 25
}