{
  "index": 140,
  "background_scenario": "a",
  "best_fit_raw": 1477575.9486850286,
  "best_fit_physical": 122768241961.84067,
  "levels": [
    0.678,
    0.954
  ],
  "band_raw": {
    "0.678000": [
      303199.30003219005,
      3251785.952544719
    ],
    "0.954000": [
      58392.55176764174,
      3714513.10573331
    ]
  },
  "band_physical": {
    "0.678000": [
      25192102688.2845,
      270183096161.93173
    ],
    "0.954000": [
      4851697085.729495,
      308629985579.3774
    ]
  },
  "n_evaluations": 30
}