{
  "index": 3,
  "background_scenario": "a",
  "best_fit_raw": 12573177.756011527,
  "best_fit_physical": 1044675185971.3025,
  "levels": [
    0.678,
    0.954
  ],
  "band_raw": {
    "0.678000": [
      9883840.588226018,
      29388064.947954006
    ],
    "0.954000": [
      9160277.307393793,
      45213481.92933677
    ]
  },
  "band_physical": {
    "0.678000": [
      821224610435.4097,
      2441783836243.1265
    ],
    "0.954000": [
      761105472725.4537,
      3756679779728.449
    ]
  },
  "n_evaluations": 20
}