{
  "index": 4,
  "background_scenario": "a",
  "best_fit_raw": 12573177.75601153,
  "best_fit_physical": 1044675185971.3029,
  "levels": [
    0.678,
    0.954
  ],
  "band_raw": {
    "0.678000": [
      9883840.588226022,
      24223519.796804033
    ],
    "0.954000": [
      9160277.307393797,
      34759100.25330445
    ]
  },
  "band_physical": {
    "0.678000": [
      821224610435.4099,
      2012674165566.9775
    ],
    "0.954000": [
      761105472725.4541,
      2888050278614.2812
    ]
  },
  "n_evaluations": 21
}