{
  "index": 5,
  "background_scenario": "a",
  "best_fit_raw": 12573177.75601153,
  "best_fit_physical": 1044675185971.3029,
  "levels": [
    0.678,
    0.954
  ],
  "band_raw": {
    "0.678000": [
      9883840.588226022,
      20610623.94163604
    ],
    "0.954000": [
      9160277.307393797,
      27935701.63396705
    ]
  },
  "band_physical": {
    "0.678000": [
      821224610435.4099,
      1712487313632.2715
    ],
    "0.954000": [
      761105472725.4541,
      2321110451631.8423
    ]
  },
  "n_evaluations": 17
}