{
  "index": 1,
  "background_scenario": "a",
  "best_fit_raw": 12573177.756011527,
  "best_fit_physical": 1044675185971.3025,
  "levels": [
    0.678,
    0.954
  ],
  "band_raw": {
    "0.678000": [
      9883840.588226018,
      62654336.74533445
    ],
    "0.954000": [
      9160277.307393793,
      104668653.35814759
    ]
  },
  "band_physical": {
    "0.678000": [
      821224610435.4097,
      5205798578648.59
    ],
    "0.954000": [
      761105472725.4537,
      8696667384664.022
    ]
  },
  "n_evaluations": 25
}