{
  "index": 16,
  "background_scenario": "a",
  "best_fit_raw": 10998319.184327671,
  "best_fit_physical": 913823964173.717,
  "levels": [
    0.678,
    0.954
  ],
  "band_raw": {
    "0.678000": [
      9328764.014680583,
      13993146.022020876
    ],
    "0.954000": [
      8645836.054003773,
      15883415.049050424
    ]
  },
  "band_physical": {
    "0.678000": [
      775104629158.6287,
      1162656943737.943
    ],
    "0.954000": [
      718361782746.2379,
      1319714863833.261
    ]
  },
  "n_evaluations": 16
}