{
  "index": 90,
  "background_scenario": "a",
  "best_fit_raw": 4487338.85160547,
  "best_fit_physical": 372842223365.19855,
  "levels": [
    0.678,
    0.954
  ],
  "band_raw": {
    "0.678000": [
      3029949.0113055403,
      6480468.901770283
    ],
    "0.954000": [
      2412037.1191612915,
      6992356.171395986
    ]
  },
  "band_physical": {
    "0.678000": [
      251751196737.49704,
      538446619185.1321
    ],
    "0.954000": [
      200410379533.9038,
      580978104778.4934
    ]
  },
  "n_evaluations": 21
}