{
  "index": 110,
  "background_scenario": "a",
  "best_fit_raw": 3319203.808139911,
  "best_fit_physical": 275784684097.64825,
  "levels": [
    0.678,
    0.954
  ],
  "band_raw": {
    "0.678000": [
      1739495.6128627115,
      4916512.968897361
    ],
    "0.954000": [
      1494132.5106596947,
      5580661.84374442
    ]
  },
  "band_physical": {
    "0.678000": [
      144530518706.36035,
      408501271498.9618
    ],
    "0.954000": [
      124143886989.34058,
      463683808706.9283
    ]
  },
  "n_evaluations": 19
}