{
  "index": 13,
  "background_scenario": "a",
  "best_fit_raw": 12573177.75601153,
  "best_fit_physical": 1044675185971.3029,
  "levels": [
    0.678,
    0.954
  ],
  "band_raw": {
    "0.678000": [
      9395379.456230525,
      14825760.882339032
    ],
    "0.954000": [
      8707574.799393782,
      16828503.979132965
    ]
  },
  "band_physical": {
    "0.678000": [
      780639546435.7245,
      1231836915653.1147
    ],
    "0.954000": [
      723491507035.0006,
      1398240036462.8567
    ]
  },
  "n_evaluations": 16
}