{
  "index": 60,
  "background_scenario": "a",
  "best_fit_raw": 7202949.935738537,
  "best_fit_physical": 598475835598.6724,
  "levels": [
    0.678,
    0.954
  ],
  "band_raw": {
    "0.678000": [
      4988414.747556078,
      9399508.539235385
    ],
    "0.954000": [
      4507541.56072857,
      10402266.154440582
    ]
  },
  "band_physical": {
    "0.678000": [
      414475417848.4039,
      780982622039.9751
    ],
    "0.954000": [
      374520818014.84534,
      864299347411.7903
    ]
  },
  "n_evaluations": 18
}