{
  "index": 40,
  "background_scenario": "b2",
  "best_fit_raw": 248255.32997203662,
  "best_fit_physical": 962370511988.0942,
  "levels": [
    0.678,
    0.954
  ],
  "band_raw": {
    "0.678000": [
      167627.41047090356,
      332276.0474199052
    ],
    "0.954000": [
      140379.95866349657,
      358522.2776316316
    ]
  },
  "band_physical": {
    "0.678000": [
      649813548237.989,
      1288079776224.3152
    ],
    "0.954000": [
      544187843649.0126,
      1389824210108.017
    ]
  },
  "n_evaluations": 18
}