{
  "index": 40,
  "background_scenario": "b2",
  "bkg_penalty": true,
  "best_fit_raw": 248255.32997203662,
  "best_fit_physical": 962370511988.0942,
  "levels": [
    0.678,
    0.954
  ],
  "band_raw": {
    "0.678000": [
      167627.41047090356,
      349550.9148176329
    ],
    "0.954000": [
      126847.6119150027,
      396770.1224647057
    ]
  },
  "band_physical": {
    "0.678000": [
      649813548237.989,
      1355046406845.9023
    ],
    "0.954000": [
      491729225861.3688,
      1538093324888.3235
    ]
  },
  "n_evaluations": 21
}