{
  "index": 4,
  "background_scenario": "b",
  "T": 3,
  "threshold": 0.001,
  "energy_MeV": 0.2206703910614525,
  "best_fit_raw": 10383487.467732511,
  "best_fit_physical": 1228392154352.1755,
  "lower_raw": 9023600.305310562,
  "upper_raw": 39782570.90821105,
  "lower_physical": 1067514152012.9331,
  "upper_physical": 4706376170382.879
}