{
  "index": 160,
  "background_scenario": "b",
  "T": 3,
  "threshold": 0.001,
  "energy_MeV": 1.8068156424581006,
  "best_fit_raw": 993319.4043419712,
  "best_fit_physical": 117512133264.5968,
  "lower_raw": 188114.66667619208,
  "upper_raw": 1114550.2249168432,
  "lower_physical": 22254428618.679752,
  "upper_physical": 131854038074.7703
}