{
  "index": 80,
  "background_scenario": "b",
  "T": 3,
  "threshold": 0.001,
  "energy_MeV": 0.9934078212290502,
  "best_fit_raw": 4719609.299429926,
  "best_fit_physical": 558341410151.7976,
  "lower_raw": 4294258.959582591,
  "upper_raw": 5061618.404539997,
  "lower_physical": 508021416802.43427,
  "upper_physical": 598801930062.837
}