{
  "index": 2,
  "background_scenario": "b",
  "T": 3,
  "threshold": 0.001,
  "energy_MeV": 0.20033519553072626,
  "best_fit_raw": 10383487.467732511,
  "best_fit_physical": 1228392154352.1755,
  "lower_raw": 9022163.06494943,
  "upper_raw": 75562957.41181931,
  "lower_physical": 1067344122936.5732,
  "upper_physical": 8939284063545.572
}