{
  "index": 3,
  "background_scenario": "b",
  "T": 3,
  "threshold": 0.001,
  "energy_MeV": 0.2105027932960894,
  "best_fit_raw": 10383487.467732511,
  "best_fit_physical": 1228392154352.1755,
  "lower_raw": 9022815.105506685,
  "upper_raw": 52751629.159774005,
  "lower_physical": 1067421260941.2502,
  "upper_physical": 6240647719808.191
}