{
  "index": 25,
  "background_scenario": "b",
  "bkg_penalty": true,
  "best_fit_raw": 291339.8884473693,
  "best_fit_physical": 1129389317197.059,
  "levels": [
    0.678,
    0.954
  ],
  "band_raw": {
    "0.678000": [
      212257.72996067628,
      361395.95953217195
    ],
    "0.954000": [
      186997.15397917444,
      410215.25918946456
    ]
  },
  "band_physical": {
    "0.678000": [
      822824550347.8037,
      1400964138995.8499
    ],
    "0.954000": [
      724901039730.0444,
      1590213869953.8154
    ]
  },
  "n_evaluations": 18
}