{
  "index": 110,
  "background_scenario": "b",
  "bkg_penalty": true,
  "best_fit_raw": 85257.76555244159,
  "best_fit_physical": 330504724691.7363,
  "levels": [
    0.678,
    0.954
  ],
  "band_raw": {
    "0.678000": [
      39487.10611030653,
      132852.16089860408
    ],
    "0.954000": [
      27000.37222929309,
      150798.54154276958
    ]
  },
  "band_physical": {
    "0.678000": [
      153073154677.4216,
      515006071036.28186
    ],
    "0.954000": [
      104667891920.3901,
      584575846359.1488
    ]
  },
  "n_evaluations": 22
}