{
  "index": 4,
  "background_scenario": "b",
  "bkg_penalty": true,
  "best_fit_raw": 316876.2705045127,
  "best_fit_physical": 1228381999760.712,
  "levels": [
    0.678,
    0.954
  ],
  "band_raw": {
    "0.678000": [
      230862.44116498152,
      3008572.408235953
    ],
    "0.954000": [
      203387.73747619987,
      4484358.25837493
    ]
  },
  "band_physical": {
    "0.678000": [
      894946367225.1881,
      11662836681868.705
    ],
    "0.954000": [
      788439712730.913,
      17383772398910.547
    ]
  },
  "n_evaluations": 29
}