{
  "index": 16,
  "background_scenario": "b",
  "best_fit_raw": 316876.2705045168,
  "best_fit_physical": 1228381999760.7278,
  "levels": [
    0.678,
    0.954
  ],
  "band_raw": {
    "0.678000": [
      236787.61724669224,
      435006.6297478813
    ],
    "0.954000": [
      208607.76439493988,
      546445.9469737585
    ]
  },
  "band_physical": {
    "0.678000": [
      917915520556.2278,
      1686318489257.971
    ],
    "0.954000": [
      808675330548.0422,
      2118316919206.489
    ]
  },
  "n_evaluations": 21
}