{
  "index": 3,
  "background_scenario": "b",
  "best_fit_raw": 316876.2705045127,
  "best_fit_physical": 1228381999760.712,
  "levels": [
    0.678,
    0.954
  ],
  "band_raw": {
    "0.678000": [
      236787.61724668922,
      3475070.1707847584
    ],
    "0.954000": [
      208607.7643949372,
      5768695.9915461
    ]
  },
  "band_physical": {
    "0.678000": [
      917915520556.2161,
      13471231654238.332
    ],
    "0.954000": [
      808675330548.0319,
      22362552761760.32
    ]
  },
  "n_evaluations": 28
}