{
  "index": 90,
  "background_scenario": "b",
  "bkg_penalty": true,
  "best_fit_raw": 122363.71610215293,
  "best_fit_physical": 474347246148.79,
  "levels": [
    0.678,
    0.954
  ],
  "band_raw": {
    "0.678000": [
      70968.37975526741,
      176713.70117755674
    ],
    "0.954000": [
      56495.46101856103,
      195565.85805652745
    ]
  },
  "band_physical": {
    "0.678000": [
      275111418424.47144,
      685036873515.3131
    ],
    "0.954000": [
      219006640266.53592,
      758117922247.433
    ]
  },
  "n_evaluations": 20
}