{
  "index": 1,
  "background_scenario": "b",
  "bkg_penalty": true,
  "best_fit_raw": 316876.2705045127,
  "best_fit_physical": 1228381999760.712,
  "levels": [
    0.678,
    0.954
  ],
  "band_raw": {
    "0.678000": [
      230862.44116498152,
      10414223.071831044
    ],
    "0.954000": [
      203387.73747619987,
      16226568.61623881
    ]
  },
  "band_physical": {
    "0.678000": [
      894946367225.1881,
      40371101763354.59
    ],
    "0.954000": [
      788439712730.913,
      62902863550920.18
    ]
  },
  "n_evaluations": 33
}