{
  "index": 130,
  "background_scenario": "b",
  "best_fit_raw": 54007.19088250559,
  "best_fit_physical": 209360773629.67422,
  "levels": [
    0.678,
    0.954
  ],
  "band_raw": {
    "0.678000": [
      21417.9680140128,
      93134.17668730937
    ],
    "0.954000": [
      12264.582938246502,
      105715.2395357119
    ]
  },
  "band_physical": {
    "0.678000": [
      83027505776.86229,
      361037909285.78
    ],
    "0.954000": [
      47544086819.52659,
      409808841600.24567
    ]
  },
  "n_evaluations": 22
}