{
  "index": 16,
  "background_scenario": "b",
  "best_fit_raw": 320926888.5352678,
  "best_fit_physical": 1244084362922.7234,
  "levels": [
    0.678,
    0.954
  ],
  "band_raw": {
    "0.678000": [
      239814464.88773185,
      440567303.93515176
    ],
    "0.954000": [
      211274389.98500836,
      539582545.9973966
    ]
  },
  "band_physical": {
    "0.678000": [
      929649201820.3735,
      1707874638184.18
    ],
    "0.954000": [
      819012598370.9882,
      2091710704095.8403
    ]
  },
  "n_evaluations": 21
}