{
  "index": 50,
  "background_scenario": "b",
  "best_fit_raw": 222617.1673833738,
  "best_fit_physical": 862983273616.7584,
  "levels": [
    0.678,
    0.954
  ],
  "band_raw": {
    "0.678000": [
      162189.30696682466,
      269237.9603833654
    ],
    "0.954000": [
      142887.3229458817,
      290504.8604347777
    ]
  },
  "band_physical": {
    "0.678000": [
      628732548873.1248,
      1043710416247.479
    ],
    "0.954000": [
      553907729415.2173,
      1126152301757.7825
    ]
  },
  "n_evaluations": 19
}