{
  "index": 150,
  "background_scenario": "b",
  "bkg_penalty": true,
  "best_fit_raw": 30313.900675721987,
  "best_fit_physical": 117512901402.5071,
  "levels": [
    0.678,
    0.954
  ],
  "band_raw": {
    "0.678000": [
      0.0,
      71983.18715714198
    ],
    "0.954000": [
      0.0,
      82226.35068535634
    ]
  },
  "band_physical": {
    "0.678000": [
      0.0,
      279045354984.9527
    ],
    "0.954000": [
      0.0,
      318753338415.30164
    ]
  },
  "n_evaluations": 39
}