{
  "index": 2,
  "background_scenario": "b",
  "bkg_penalty": true,
  "best_fit_raw": 316876.2705045127,
  "best_fit_physical": 1228381999760.712,
  "levels": [
    0.678,
    0.954
  ],
  "band_raw": {
    "0.678000": [
      230862.44116498152,
      6234360.043072646
    ],
    "0.954000": [
      203387.73747619987,
      9561216.000017017
    ]
  },
  "band_physical": {
    "0.678000": [
      894946367225.1881,
      24167715824049.98
    ],
    "0.954000": [
      788439712730.913,
      37064389869098.0
    ]
  },
  "n_evaluations": 31
}