{
  "index": 8,
  "background_scenario": "b",
  "best_fit_raw": 316876.2705045127,
  "best_fit_physical": 1228381999760.712,
  "levels": [
    0.678,
    0.954
  ],
  "band_raw": {
    "0.678000": [
      236787.61724668922,
      1029650.4209732618
    ],
    "0.954000": [
      208607.7643949372,
      1544475.6314598927
    ]
  },
  "band_physical": {
    "0.678000": [
      917915520556.2161,
      3991476045700.247
    ],
    "0.954000": [
      808675330548.0319,
      5987214068550.37
    ]
  },
  "n_evaluations": 23
}