{
  "index": 13,
  "background_scenario": "b",
  "bkg_penalty": true,
  "best_fit_raw": 316876.27050451294,
  "best_fit_physical": 1228381999760.713,
  "levels": [
    0.678,
    0.954
  ],
  "band_raw": {
    "0.678000": [
      230862.44116498166,
      576659.0041738825
    ],
    "0.954000": [
      203387.73747619998,
      781605.3473567672
    ]
  },
  "band_physical": {
    "0.678000": [
      894946367225.1887,
      2235438897331.527
    ],
    "0.954000": [
      788439712730.9135,
      3029920599864.2246
    ]
  },
  "n_evaluations": 25
}