{
  "index": 25,
  "background_scenario": "b",
  "best_fit_raw": 291339.8884473693,
  "best_fit_physical": 1129389317197.059,
  "levels": [
    0.678,
    0.954
  ],
  "band_raw": {
    "0.678000": [
      217705.408753182,
      352352.68809617055
    ],
    "0.954000": [
      196719.04354607553,
      389942.3492738387
    ]
  },
  "band_physical": {
    "0.678000": [
      843942668654.7942,
      1365907579433.1921
    ],
    "0.954000": [
      762588286328.3115,
      1511625222140.3445
    ]
  },
  "n_evaluations": 16
}