{
  "index": 140,
  "background_scenario": "b",
  "bkg_penalty": true,
  "best_fit_raw": 30313.900675721987,
  "best_fit_physical": 117512901402.5071,
  "levels": [
    0.678,
    0.954
  ],
  "band_raw": {
    "0.678000": [
      7328.1603927130855,
      83804.10530284146
    ],
    "0.954000": [
      353.5392711139251,
      99438.3235415315
    ]
  },
  "band_physical": {
    "0.678000": [
      28407871322.88578,
      324869559642.82477
    ],
    "0.954000": [
      1370507410.2059753,
      385476156136.02594
    ]
  },
  "n_evaluations": 39
}