{
  "index": 0,
  "background_scenario": "b",
  "best_fit_raw": 316876.27271084284,
  "best_fit_physical": 1228382008313.6282,
  "levels": [
    0.678,
    0.954
  ],
  "band_raw": {
    "0.678000": [
      282747.5927824543,
      19779474.33923933
    ],
    "0.954000": [
      249098.0901123223,
      33043058.960709225
    ]
  },
  "band_physical": {
    "0.678000": [
      1096080981061.3203,
      76675827458984.42
    ],
    "0.954000": [
      965637501292.1355,
      128092579415122.42
    ]
  },
  "n_evaluations": 33
}