{
  "index": 20,
  "background_scenario": "b",
  "best_fit_raw": 320926888.5352678,
  "best_fit_physical": 1244084362922.7234,
  "levels": [
    0.678,
    0.954
  ],
  "band_raw": {
    "0.678000": [
      233813547.49212345,
      378423450.49659765
    ],
    "0.954000": [
      205987635.6488964,
      440567303.93515176
    ]
  },
  "band_physical": {
    "0.678000": [
      906386434623.9536,
      1466971806179.2805
    ],
    "0.954000": [
      798518309375.1691,
      1707874638184.18
    ]
  },
  "n_evaluations": 19
}