{
  "index": 80,
  "background_scenario": "b",
  "best_fit_raw": 144031.79392226163,
  "best_fit_physical": 558344311379.5132,
  "levels": [
    0.678,
    0.954
  ],
  "band_raw": {
    "0.678000": [
      97253.40697976986,
      192778.60093750316
    ],
    "0.954000": [
      81445.08832625597,
      213344.59216265823
    ]
  },
  "band_physical": {
    "0.678000": [
      377006250291.78625,
      747313022062.6918
    ],
    "0.954000": [
      315724747421.4682,
      827037809873.3885
    ]
  },
  "n_evaluations": 18
}