{
  "index": 20,
  "background_scenario": "b",
  "best_fit_raw": 316876.2705045168,
  "best_fit_physical": 1228381999760.7278,
  "levels": [
    0.678,
    0.954
  ],
  "band_raw": {
    "0.678000": [
      230862.44116498446,
      373647.1325668768
    ],
    "0.954000": [
      208607.76439493988,
      435006.6297478813
    ]
  },
  "band_physical": {
    "0.678000": [
      894946367225.1996,
      1448456241852.984
    ],
    "0.954000": [
      808675330548.0422,
      1686318489257.971
    ]
  },
  "n_evaluations": 19
}