{
  "index": 3,
  "background_scenario": "b",
  "bkg_penalty": true,
  "best_fit_raw": 316876.2705045127,
  "best_fit_physical": 1228381999760.712,
  "levels": [
    0.678,
    0.954
  ],
  "band_raw": {
    "0.678000": [
      230862.44116498152,
      4149573.9098319253
    ],
    "0.954000": [
      203387.73747619987,
      6384111.554091789
    ]
  },
  "band_physical": {
    "0.678000": [
      894946367225.1881,
      16085969105224.068
    ],
    "0.954000": [
      788439712730.913,
      24748232819784.64
    ]
  },
  "n_evaluations": 28
}