{
  "index": 30,
  "background_scenario": "b",
  "bkg_penalty": true,
  "best_fit_raw": 254259.80469592457,
  "best_fit_physical": 985647069292.6182,
  "levels": [
    0.678,
    0.954
  ],
  "band_raw": {
    "0.678000": [
      199874.95813510206,
      340312.7051960382
    ],
    "0.954000": [
      180607.41264231206,
      376617.9178847611
    ]
  },
  "band_physical": {
    "0.678000": [
      774822300152.6039,
      1319234162555.3613
    ],
    "0.954000": [
      700130982859.4813,
      1459972595551.0134
    ]
  },
  "n_evaluations": 15
}