{
  "index": 20,
  "background_scenario": "b",
  "bkg_penalty": true,
  "best_fit_raw": 316876.2705045168,
  "best_fit_physical": 1228381999760.7278,
  "levels": [
    0.678,
    0.954
  ],
  "band_raw": {
    "0.678000": [
      225085.53175366877,
      383236.9343627514
    ],
    "0.954000": [
      198298.3321626166,
      457622.4093214556
    ]
  },
  "band_physical": {
    "0.678000": [
      872551974853.028,
      1485631445564.4194
    ],
    "0.954000": [
      768710454157.09,
      1773989353644.577
    ]
  },
  "n_evaluations": 19
}