{
  "index": 3,
  "background_scenario": "b",
  "best_fit_raw": 320926888.5352678,
  "best_fit_physical": 1244084362922.7234,
  "levels": [
    0.678,
    0.954
  ],
  "band_raw": {
    "0.678000": [
      233813547.49212345,
      994386552.9868654
    ],
    "0.954000": [
      205987635.6488964,
      994386552.9868654
    ]
  },
  "band_physical": {
    "0.678000": [
      906386434623.9536,
      3854774422042.9756
    ],
    "0.954000": [
      798518309375.1691,
      3854774422042.9756
    ]
  },
  "n_evaluations": 20
}