{
  "index": 100,
  "background_scenario": "b",
  "bkg_penalty": true,
  "best_fit_raw": 99352.13632720837,
  "best_fit_physical": 385142048370.5076,
  "levels": [
    0.678,
    0.954
  ],
  "band_raw": {
    "0.678000": [
      55646.947737089824,
      154814.58979644038
    ],
    "0.954000": [
      40282.705007688855,
      171330.50743354252
    ]
  },
  "band_physical": {
    "0.678000": [
      215717348708.4851,
      600144198565.2803
    ],
    "0.954000": [
      156157321765.78677,
      664168733765.2356
    ]
  },
  "n_evaluations": 23
}