{
  "index": 70,
  "background_scenario": "b",
  "bkg_penalty": true,
  "best_fit_raw": 166592.80430881112,
  "best_fit_physical": 645802861087.6624,
  "levels": [
    0.678,
    0.954
  ],
  "band_raw": {
    "0.678000": [
      109672.30968672183,
      222975.26724024277
    ],
    "0.954000": [
      91845.32682991351,
      246762.6967951241
    ]
  },
  "band_physical": {
    "0.678000": [
      425148563118.5276,
      864371460297.9332
    ],
    "0.954000": [
      356041637514.78705,
      956584267016.687
    ]
  },
  "n_evaluations": 16
}