{
  "index": 8,
  "background_scenario": "b",
  "best_fit_raw": 320926888.5352678,
  "best_fit_physical": 1244084362922.7234,
  "levels": [
    0.678,
    0.954
  ],
  "band_raw": {
    "0.678000": [
      239814464.88773185,
      1042812405.4725378
    ],
    "0.954000": [
      211274389.98500836,
      1564218608.2088065
    ]
  },
  "band_physical": {
    "0.678000": [
      929649201820.3735,
      4042498941211.792
    ],
    "0.954000": [
      819012598370.9882,
      6063748411817.6875
    ]
  },
  "n_evaluations": 23
}