{
  "index": 4,
  "background_scenario": "b",
  "best_fit_raw": 316876.2705045127,
  "best_fit_physical": 1228381999760.712,
  "levels": [
    0.678,
    0.954
  ],
  "band_raw": {
    "0.678000": [
      236787.61724668922,
      2519535.851074959
    ],
    "0.954000": [
      208607.7643949372,
      4103744.7342215623
    ]
  },
  "band_physical": {
    "0.678000": [
      917915520556.2161,
      9767069280021.047
    ],
    "0.954000": [
      808675330548.0319,
      15908310695226.969
    ]
  },
  "n_evaluations": 30
}