{
  "index": 160,
  "background_scenario": "b",
  "bkg_penalty": true,
  "best_fit_raw": 30313.90067572204,
  "best_fit_physical": 117512901402.50731,
  "levels": [
    0.678,
    0.954
  ],
  "band_raw": {
    "0.678000": [
      0.0,
      54993.41909561695
    ],
    "0.954000": [
      0.0,
      65667.52493521354
    ]
  },
  "band_physical": {
    "0.678000": [
      0.0,
      213183921960.4512
    ],
    "0.954000": [
      0.0,
      254562468407.06635
    ]
  },
  "n_evaluations": 35
}