{
  "index": 0,
  "background_scenario": "b",
  "bkg_penalty": true,
  "best_fit_raw": 316876.27271084284,
  "best_fit_physical": 1228382008313.6282,
  "levels": [
    0.678,
    0.954
  ],
  "band_raw": {
    "0.678000": [
      275672.35255918856,
      23919798.85320356
    ],
    "0.954000": [
      236787.6188953821,
      37034451.07551737
    ]
  },
  "band_physical": {
    "0.678000": [
      1068653563664.6024,
      92725940956041.8
    ],
    "0.954000": [
      917915526947.432,
      143565351232371.34
    ]
  },
  "n_evaluations": 32
}