{
  "index": 110,
  "background_scenario": "b",
  "best_fit_raw": 85257.76555244159,
  "best_fit_physical": 330504724691.7363,
  "levels": [
    0.678,
    0.954
  ],
  "band_raw": {
    "0.678000": [
      45971.59044025846,
      126286.5838517744
    ],
    "0.954000": [
      33917.28530673479,
      139759.07904947732
    ]
  },
  "band_physical": {
    "0.678000": [
      178210486090.59824,
      489554380855.9885
    ],
    "0.954000": [
      131481548571.64716,
      541780982003.4078
    ]
  },
  "n_evaluations": 24
}