{
  "index": 60,
  "background_scenario": "b",
  "bkg_penalty": true,
  "best_fit_raw": 196741.52617485734,
  "best_fit_physical": 762675441028.974,
  "levels": [
    0.678,
    0.954
  ],
  "band_raw": {
    "0.678000": [
      132844.16720680112,
      250313.9669089641
    ],
    "0.954000": [
      111250.65195953958,
      277017.9414266151
    ]
  },
  "band_physical": {
    "0.678000": [
      514975083209.0559,
      970350890428.3544
    ],
    "0.954000": [
      431267062412.60187,
      1073869786202.1674
    ]
  },
  "n_evaluations": 18
}