{
  "index": 30,
  "background_scenario": "b",
  "best_fit_raw": 254259.80469592457,
  "best_fit_physical": 985647069292.6182,
  "levels": [
    0.678,
    0.954
  ],
  "band_raw": {
    "0.678000": [
      205004.82817935103,
      331797.0035534642
    ],
    "0.954000": [
      185242.77349255356,
      367193.7448433622
    ]
  },
  "band_physical": {
    "0.678000": [
      794708421677.0535,
      1286222745839.2534
    ],
    "0.954000": [
      718100122113.0029,
      1423439457527.6038
    ]
  },
  "n_evaluations": 15
}