{
  "index": 1,
  "background_scenario": "b",
  "best_fit_raw": 316876.2705045127,
  "best_fit_physical": 1228381999760.712,
  "levels": [
    0.678,
    0.954
  ],
  "band_raw": {
    "0.678000": [
      236787.61724668922,
      8749085.54924558
    ],
    "0.954000": [
      208607.7643949372,
      14523682.186892161
    ]
  },
  "band_physical": {
    "0.678000": [
      917915520556.2161,
      33916137632990.656
    ],
    "0.954000": [
      808675330548.0319,
      56301564456747.63
    ]
  },
  "n_evaluations": 33
}