{
  "index": 100,
  "background_scenario": "b",
  "best_fit_raw": 99352.13632720837,
  "best_fit_physical": 385142048370.5076,
  "levels": [
    0.678,
    0.954
  ],
  "band_raw": {
    "0.678000": [
      59101.04311690686,
      147163.62566904744
    ],
    "0.954000": [
      48255.79963421657,
      162863.32376548095
    ]
  },
  "band_physical": {
    "0.678000": [
      229107270848.3427,
      570484967219.4274
    ],
    "0.954000": [
      187065303313.3543,
      631345398682.5709
    ]
  },
  "n_evaluations": 20
}