{
  "index": 50,
  "background_scenario": "b",
  "bkg_penalty": true,
  "best_fit_raw": 222617.1673833738,
  "best_fit_physical": 862983273616.7584,
  "levels": [
    0.678,
    0.954
  ],
  "band_raw": {
    "0.678000": [
      150315.96420929203,
      276148.05938041804
    ],
    "0.954000": [
      132427.01460144974,
      305608.0644766395
    ]
  },
  "band_physical": {
    "0.678000": [
      582705118364.9303,
      1070497657876.6155
    ],
    "0.954000": [
      513357976472.88074,
      1184700403053.5913
    ]
  },
  "n_evaluations": 18
}