{
  "index": 2,
  "background_scenario": "b",
  "best_fit_raw": 316876.2705045127,
  "best_fit_physical": 1228381999760.712,
  "levels": [
    0.678,
    0.954
  ],
  "band_raw": {
    "0.678000": [
      236787.61724668922,
      5254161.041112827
    ],
    "0.954000": [
      208607.7643949372,
      8530754.87416888
    ]
  },
  "band_physical": {
    "0.678000": [
      917915520556.2161,
      20367939942208.72
    ],
    "0.954000": [
      808675330548.0319,
      33069771097456.71
    ]
  },
  "n_evaluations": 31
}