{
  "index": 5,
  "background_scenario": "b",
  "bkg_penalty": true,
  "best_fit_raw": 316876.2705045127,
  "best_fit_physical": 1228381999760.712,
  "levels": [
    0.678,
    0.954
  ],
  "band_raw": {
    "0.678000": [
      230862.44116498152,
      2265828.7182937562
    ],
    "0.954000": [
      203387.73747619987,
      3377278.770864408
    ]
  },
  "band_physical": {
    "0.678000": [
      894946367225.1881,
      8783564662830.432
    ],
    "0.954000": [
      788439712730.913,
      13092139855403.719
    ]
  },
  "n_evaluations": 27
}