{
  "index": 13,
  "background_scenario": "b",
  "best_fit_raw": 316876.27050451294,
  "best_fit_physical": 1228381999760.713,
  "levels": [
    0.678,
    0.954
  ],
  "band_raw": {
    "0.678000": [
      236787.61724668936,
      544698.5815803623
    ],
    "0.954000": [
      208607.76439493737,
      724386.6048647885
    ]
  },
  "band_physical": {
    "0.678000": [
      917915520556.2167,
      2111543195844.8901
    ],
    "0.954000": [
      808675330548.0326,
      2808110133545.04
    ]
  },
  "n_evaluations": 25
}