{
  "index": 70,
  "background_scenario": "b",
  "best_fit_raw": 166592.80430881112,
  "best_fit_physical": 645802861087.6624,
  "levels": [
    0.678,
    0.954
  ],
  "band_raw": {
    "0.678000": [
      115374.11883532535,
      217395.7198989312
    ],
    "0.954000": [
      99100.11877344122,
      234567.64112472077
    ]
  },
  "band_physical": {
    "0.678000": [
      447251826682.7703,
      842742148926.7548
    ],
    "0.954000": [
      384165093465.74805,
      909309705094.6074
    ]
  },
  "n_evaluations": 18
}