{
  "index": 80,
  "background_scenario": "b",
  "bkg_penalty": true,
  "best_fit_raw": 144031.79392226163,
  "best_fit_physical": 558344311379.5132,
  "levels": [
    0.678,
    0.954
  ],
  "band_raw": {
    "0.678000": [
      87878.37340480371,
      202801.06507289218
    ],
    "0.954000": [
      73593.94499578569,
      218820.1657044822
    ]
  },
  "band_physical": {
    "0.678000": [
      340663603137.0927,
      786165456539.9015
    ],
    "0.954000": [
      285289514359.2509,
      848264063156.519
    ]
  },
  "n_evaluations": 20
}