{
  "index": 130,
  "background_scenario": "b",
  "bkg_penalty": true,
  "best_fit_raw": 54007.19088250559,
  "best_fit_physical": 209360773629.67422,
  "levels": [
    0.678,
    0.954
  ],
  "band_raw": {
    "0.678000": [
      15332.723520081992,
      97976.17647923729
    ],
    "0.954000": [
      7168.828548440804,
      114065.60524906025
    ]
  },
  "band_physical": {
    "0.678000": [
      59437841619.977646,
      379808091659.4225
    ],
    "0.954000": [
      27790215828.57839,
      442179327775.70087
    ]
  },
  "n_evaluations": 27
}