{
  "index": 1,
  "background_scenario": "b",
  "best_fit_raw": 320926888.53526765,
  "best_fit_physical": 1244084362922.723,
  "levels": [
    0.678,
    0.954
  ],
  "band_raw": {
    "0.678000": [
      222258441.04696926,
      8186273057.177742
    ],
    "0.954000": [
      216696830.96717715,
      14709337896.754925
    ]
  },
  "band_physical": {
    "0.678000": [
      861592658365.6451,
      31734375226497.188
    ],
    "0.954000": [
      840032881419.1821,
      57021265341213.09
    ]
  },
  "n_evaluations": 29
}