{
  "index": 120,
  "background_scenario": "b",
  "bkg_penalty": true,
  "best_fit_raw": 66902.62862922945,
  "best_fit_physical": 259350391286.71756,
  "levels": [
    0.678,
    0.954
  ],
  "band_raw": {
    "0.678000": [
      27212.946162037773,
      112485.09233501277
    ],
    "0.954000": [
      15982.907460762668,
      130957.1428459314
    ]
  },
  "band_physical": {
    "0.678000": [
      105491942241.94359,
      436052413914.60876
    ],
    "0.954000": [
      61958302517.83542,
      507659966951.4966
    ]
  },
  "n_evaluations": 22
}