{
  "index": 16,
  "background_scenario": "b",
  "bkg_penalty": true,
  "best_fit_raw": 316876.2705045168,
  "best_fit_physical": 1228381999760.7278,
  "levels": [
    0.678,
    0.954
  ],
  "band_raw": {
    "0.678000": [
      230862.44116498446,
      457622.4093214556
    ],
    "0.954000": [
      203387.73747620248,
      589609.2933356273
    ]
  },
  "band_physical": {
    "0.678000": [
      894946367225.1996,
      1773989353644.577
    ],
    "0.954000": [
      788439712730.9231,
      2285641148426.744
    ]
  },
  "n_evaluations": 21
}