{
  "index": 160,
  "background_scenario": "b",
  "best_fit_raw": 30313.90067572204,
  "best_fit_physical": 117512901402.50731,
  "levels": [
    0.678,
    0.954
  ],
  "band_raw": {
    "0.678000": [
      0.0,
      52275.63469754126
    ],
    "0.954000": [
      0.0,
      59337.3071035584
    ]
  },
  "band_physical": {
    "0.678000": [
      0.0,
      202648335220.2029
    ],
    "0.954000": [
      0.0,
      230023156496.49295
    ]
  },
  "n_evaluations": 35
}