{
  "index": 60,
  "background_scenario": "b",
  "best_fit_raw": 196741.52617485734,
  "best_fit_physical": 762675441028.974,
  "levels": [
    0.678,
    0.954
  ],
  "band_raw": {
    "0.678000": [
      139750.66976959037,
      244050.3187212246
    ],
    "0.954000": [
      123119.08507849561,
      263327.66627046827
    ]
  },
  "band_physical": {
    "0.678000": [
      541748383134.3677,
      946069638082.1222
    ],
    "0.954000": [
      477275460534.29663,
      1020798953391.597
    ]
  },
  "n_evaluations": 17
}