{
  "index": 120,
  "background_scenario": "b",
  "best_fit_raw": 66902.62862922945,
  "best_fit_physical": 259350391286.71756,
  "levels": [
    0.678,
    0.954
  ],
  "band_raw": {
    "0.678000": [
      32186.451387977508,
      109670.35908839315
    ],
    "0.954000": [
      22861.0460134688,
      121370.20353016653
    ]
  },
  "band_physical": {
    "0.678000": [
      124771910052.51273,
      425141001555.54944
    ],
    "0.954000": [
      88621648361.15909,
      470495859744.8128
    ]
  },
  "n_evaluations": 22
}