{
  "index": 2,
  "background_scenario": "b",
  "best_fit_raw": 320926888.5352678,
  "best_fit_physical": 1244084362922.7234,
  "levels": [
    0.678,
    0.954
  ],
  "band_raw": {
    "0.678000": [
      233813547.49212345,
      4885123162.166012
    ],
    "0.954000": [
      205987635.6488964,
      8639803208.568434
    ]
  },
  "band_physical": {
    "0.678000": [
      906386434623.9536,
      18937351634013.88
    ],
    "0.954000": [
      798518309375.1691,
      33492500798443.863
    ]
  },
  "n_evaluations": 32
}