{
  "index": 40,
  "background_scenario": "b",
  "bkg_penalty": true,
  "best_fit_raw": 248254.8070457467,
  "best_fit_physical": 962368484845.9523,
  "levels": [
    0.678,
    0.954
  ],
  "band_raw": {
    "0.678000": [
      176341.90520271176,
      307950.56824832794
    ],
    "0.954000": [
      155355.63489858122,
      340803.32604186446
    ]
  },
  "band_physical": {
    "0.678000": [
      683595593351.4312,
      1193781201255.78
    ],
    "0.954000": [
      602241578919.6702,
      1321136071507.9026
    ]
  },
  "n_evaluations": 18
}