{
  "index": 90,
  "background_scenario": "b",
  "best_fit_raw": 122363.71610215293,
  "best_fit_physical": 474347246148.79,
  "levels": [
    0.678,
    0.954
  ],
  "band_raw": {
    "0.678000": [
      76574.11765685046,
      172291.76472791354
    ],
    "0.954000": [
      62522.50525437581,
      181249.1283793294
    ]
  },
  "band_physical": {
    "0.678000": [
      296842258423.0536,
      667895081451.8707
    ],
    "0.954000": [
      242370689077.28772,
      702618616468.209
    ]
  },
  "n_evaluations": 16
}