{
  "index": 150,
  "background_scenario": "b",
  "best_fit_raw": 30313.900675721987,
  "best_fit_physical": 117512901402.5071,
  "levels": [
    0.678,
    0.954
  ],
  "band_raw": {
    "0.678000": [
      0.0,
      67993.63169278819
    ],
    "0.954000": [
      0.0,
      77669.08391729151
    ]
  },
  "band_physical": {
    "0.678000": [
      0.0,
      263579703007.74228
    ],
    "0.954000": [
      0.0,
      301086933616.0859
    ]
  },
  "n_evaluations": 39
}