{
  "index": 140,
  "background_scenario": "b",
  "best_fit_raw": 30313.900675721987,
  "best_fit_physical": 117512901402.5071,
  "levels": [
    0.678,
    0.954
  ],
  "band_raw": {
    "0.678000": [
      10083.125840092456,
      79159.39395494919
    ],
    "0.954000": [
      4023.8189216597298,
      92158.77274546988
    ]
  },
  "band_physical": {
    "0.678000": [
      39087591707.55037,
      306864172856.521
    ],
    "0.954000": [
      15598475473.703793,
      357256721623.0257
    ]
  },
  "n_evaluations": 30
}