{
  "index": 5,
  "background_scenario": "b",
  "best_fit_raw": 316876.2705045127,
  "best_fit_physical": 1228381999760.712,
  "levels": [
    0.678,
    0.954
  ],
  "band_raw": {
    "0.678000": [
      236787.61724668922,
      1946224.1390868523
    ],
    "0.954000": [
      208607.7643949372,
      3071111.0545304473
    ]
  },
  "band_physical": {
    "0.678000": [
      917915520556.2161,
      7544606278493.898
    ],
    "0.954000": [
      808675330548.0319,
      11905269942255.314
    ]
  },
  "n_evaluations": 28
}