{
  "index": 8,
  "background_scenario": "b",
  "bkg_penalty": true,
  "best_fit_raw": 316876.2705045127,
  "best_fit_physical": 1228381999760.712,
  "levels": [
    0.678,
    0.954
  ],
  "band_raw": {
    "0.678000": [
      230862.44116498152,
      1168741.108397719
    ],
    "0.954000": [
      203387.73747619987,
      1584115.2108740546
    ]
  },
  "band_physical": {
    "0.678000": [
      894946367225.1881,
      4530665984077.516
    ],
    "0.954000": [
      788439712730.913,
      6140878291349.118
    ]
  },
  "n_evaluations": 22
}