{
  "index": 90,
  "background_scenario": "a",
  "best_fit_raw": 4528801.076549707,
  "best_fit_physical": 376287220198.53253,
  "levels": [
    0.678,
    0.954
  ],
  "band_raw": {
    "0.678000": [
      3841324.824684676,
      5206543.212151963
    ],
    "0.954000": [
      3651485.8794407547,
      5477228.819161131
    ]
  },
  "band_physical": {
    "0.678000": [
      319166467179.3069,
      432599188842.4462
    ],
    "0.954000": [
      303393204502.5371,
      455089806753.80554
    ]
  },
  "n_evaluations": 15
}