{
  "index": 150,
  "background_scenario": "a",
  "bkg_penalty": true,
  "best_fit_raw": 1477509.3888800992,
  "best_fit_physical": 122762711667.27693,
  "levels": [
    0.678,
    0.954
  ],
  "band_raw": {
    "0.678000": [
      400655.74180775956,
      1977564.7105670536
    ],
    "0.954000": [
      327134.04331509746,
      2133771.0307491915
    ]
  },
  "band_physical": {
    "0.678000": [
      33289524709.325813,
      164311109082.51984
    ],
    "0.954000": [
      27180783105.873577,
      177289917602.7561
    ]
  },
  "n_evaluations": 19
}