{
  "index": 3,
  "background_scenario": "a",
  "best_fit_raw": 12802957.844333893,
  "best_fit_physical": 1063767062437.1306,
  "levels": [
    0.678,
    0.954
  ],
  "band_raw": {
    "0.678000": [
      11424034.624024969,
      17136051.93603746
    ],
    "0.954000": [
      11138169.098209262,
      20462123.21958612
    ]
  },
  "band_physical": {
    "0.678000": [
      949195639080.9609,
      1423793458621.442
    ],
    "0.954000": [
      925443758121.3903,
      1700148744780.797
    ]
  },
  "n_evaluations": 16
}