{
  "index": 40,
  "background_scenario": "a",
  "best_fit_raw": 9060434.301871367,
  "best_fit_physical": 752809756846.2915,
  "levels": [
    0.678,
    0.954
  ],
  "band_raw": {
    "0.678000": [
      8084593.9221060695,
      9901564.943383021
    ],
    "0.954000": [
      7882291.778545596,
      10155692.533293076
    ]
  },
  "band_physical": {
    "0.678000": [
      671729520012.5919,
      822697284597.7557
    ],
    "0.954000": [
      654920720077.7158,
      843812136578.8146
    ]
  },
  "n_evaluations": 13
}