{
  "index": 80,
  "background_scenario": "a",
  "best_fit_raw": 5321641.777323153,
  "best_fit_physical": 442162452585.9937,
  "levels": [
    0.678,
    0.954
  ],
  "band_raw": {
    "0.678000": [
      4513811.563320966,
      6118033.758801166
    ],
    "0.954000": [
      4290738.205737621,
      6436107.308606429
    ]
  },
  "band_physical": {
    "0.678000": [
      375041777493.13794,
      508332752370.2955
    ],
    "0.954000": [
      356507147199.9169,
      534760720799.8751
    ]
  },
  "n_evaluations": 15
}