{
  "index": 60,
  "background_scenario": "a",
  "best_fit_raw": 7157755.208954357,
  "best_fit_physical": 594720714138.9751,
  "levels": [
    0.678,
    0.954
  ],
  "band_raw": {
    "0.678000": [
      6227021.040782757,
      8023010.675735861
    ],
    "0.954000": [
      6071201.2535820715,
      8228924.425583042
    ]
  },
  "band_physical": {
    "0.678000": [
      517388244250.07806,
      666612715764.457
    ],
    "0.954000": [
      504441551828.26324,
      683721595404.1171
    ]
  },
  "n_evaluations": 12
}