{
  "index": 70,
  "background_scenario": "a",
  "bkg_penalty": true,
  "best_fit_raw": 6102942.952900551,
  "best_fit_physical": 507078893499.72125,
  "levels": [
    0.678,
    0.954
  ],
  "band_raw": {
    "0.678000": [
      5309367.681485756,
      7196332.912337828
    ],
    "0.954000": [
      5046977.8012839025,
      7381029.649637416
    ]
  },
  "band_physical": {
    "0.678000": [
      441142627399.3633,
      597926042993.6638
    ],
    "0.954000": [
      419341281533.0965,
      613272051944.7014
    ]
  },
  "n_evaluations": 12
}