{
  "index": 25,
  "background_scenario": "a",
  "best_fit_raw": 10560729.542707825,
  "best_fit_physical": 877465690306.1771,
  "levels": [
    0.678,
    0.954
  ],
  "band_raw": {
    "0.678000": [
      9665154.917275999,
      11541140.957782509
    ],
    "0.954000": [
      9423302.13203436,
      11837348.916138979
    ]
  },
  "band_physical": {
    "0.678000": [
      803054542501.729,
      958925723501.193
    ],
    "0.954000": [
      782959574602.37,
      983536932376.7117
    ]
  },
  "n_evaluations": 15
}