{
  "index": 13,
  "background_scenario": "a",
  "bkg_penalty": true,
  "best_fit_raw": 12574078.527184447,
  "best_fit_physical": 1044750028887.7751,
  "levels": [
    0.678,
    0.954
  ],
  "band_raw": {
    "0.678000": [
      10665321.61108004,
      13062297.944912158
    ],
    "0.954000": [
      10398441.48766609,
      13397547.000430997
    ]
  },
  "band_physical": {
    "0.678000": [
      886155994428.0309,
      1085315009428.6443
    ],
    "0.954000": [
      863981565022.051,
      1113170049436.6006
    ]
  },
  "n_evaluations": 12
}