{
  "index": 1,
  "background_scenario": "a",
  "bkg_penalty": true,
  "best_fit_raw": 12574078.527168503,
  "best_fit_physical": 1044750028886.4503,
  "levels": [
    0.678,
    0.954
  ],
  "band_raw": {
    "0.678000": [
      11507767.187447187,
      28203472.50584007
    ],
    "0.954000": [
      10939051.31865655,
      37507381.85259754
    ]
  },
  "band_physical": {
    "0.678000": [
      956152776963.0796,
      2343358891191.038
    ],
    "0.954000": [
      908899539354.9797,
      3116398405599.9434
    ]
  },
  "n_evaluations": 21
}