{
  "index": 90,
  "background_scenario": "a",
  "bkg_penalty": true,
  "best_fit_raw": 4615744.8981424235,
  "best_fit_physical": 383511173820.5991,
  "levels": [
    0.678,
    0.954
  ],
  "band_raw": {
    "0.678000": [
      3721587.023536995,
      5306498.312078098
    ],
    "0.954000": [
      3537665.5413853982,
      5582380.535305493
    ]
  },
  "band_physical": {
    "0.678000": [
      309217740444.5766,
      440904218376.7809
    ],
    "0.954000": [
      293936145584.52057,
      463826610666.8649
    ]
  },
  "n_evaluations": 13
}