{
  "index": 70,
  "background_scenario": "a",
  "best_fit_raw": 6232487.961298206,
  "best_fit_physical": 517842477564.59845,
  "levels": [
    0.678,
    0.954
  ],
  "band_raw": {
    "0.678000": [
      5422067.748681603,
      6985893.760006847
    ],
    "0.954000": [
      5154108.21143125,
      7349086.922125526
    ]
  },
  "band_physical": {
    "0.678000": [
      450506605698.36633,
      580441158514.7261
    ],
    "0.954000": [
      428242490385.43713,
      610618007322.7712
    ]
  },
  "n_evaluations": 13
}