{
  "index": 50,
  "background_scenario": "a",
  "bkg_penalty": true,
  "best_fit_raw": 8249764.981667776,
  "best_fit_physical": 685453187228.0818,
  "levels": [
    0.678,
    0.954
  ],
  "band_raw": {
    "0.678000": [
      7177035.065140575,
      9015636.669509204
    ],
    "0.954000": [
      6822344.735911057,
      9247026.559029466
    ]
  },
  "band_physical": {
    "0.678000": [
      596322631151.3396,
      749087629009.7833
    ],
    "0.954000": [
      566852262336.033,
      768313259996.4193
    ]
  },
  "n_evaluations": 14
}