{
  "index": 2,
  "background_scenario": "a",
  "bkg_penalty": true,
  "best_fit_raw": 12574078.527168503,
  "best_fit_physical": 1044750028886.4503,
  "levels": [
    0.678,
    0.954
  ],
  "band_raw": {
    "0.678000": [
      11507767.187447187,
      21141118.265991524
    ],
    "0.954000": [
      10939051.31865655,
      25892476.171756163
    ]
  },
  "band_physical": {
    "0.678000": [
      956152776963.0796,
      1756564814778.536
    ],
    "0.954000": [
      908899539354.9797,
      2151343748166.9285
    ]
  },
  "n_evaluations": 17
}