{
  "index": 1,
  "background_scenario": "a",
  "best_fit_raw": 12573089.424414366,
  "best_fit_physical": 1044667846710.7368,
  "levels": [
    0.678,
    0.954
  ],
  "band_raw": {
    "0.678000": [
      11506861.962925604,
      26638243.608839013
    ],
    "0.954000": [
      11218923.834779285,
      35425807.04246087
    ]
  },
  "band_physical": {
    "0.678000": [
      956077564028.5469,
      2213307775968.3623
    ],
    "0.954000": [
      932153475511.9692,
      2943445346787.664
    ]
  },
  "n_evaluations": 21
}