{
  "index": 16,
  "background_scenario": "a",
  "best_fit_raw": 11397255.883352712,
  "best_fit_physical": 946970657740.9419,
  "levels": [
    0.678,
    0.954
  ],
  "band_raw": {
    "0.678000": [
      10430741.86295227,
      12455326.703496166
    ],
    "0.954000": [
      10169731.667742427,
      12774997.60146034
    ]
  },
  "band_physical": {
    "0.678000": [
      866665325739.814,
      1034883224655.5139
    ],
    "0.954000": [
      844978614590.6871,
      1061443912912.7579
    ]
  },
  "n_evaluations": 15
}