{
  "index": 120,
  "background_scenario": "a",
  "best_fit_raw": 2711681.0396418697,
  "best_fit_physical": 225307074261.9769,
  "levels": [
    0.678,
    0.954
  ],
  "band_raw": {
    "0.678000": [
      2131666.603466309,
      3279565.0079677883
    ],
    "0.954000": [
      1975614.3414456202,
      3538615.3333277386
    ]
  },
  "band_physical": {
    "0.678000": [
      177115065786.7896,
      272491191255.57874
    ],
    "0.954000": [
      164149057589.71625,
      294015061519.1596
    ]
  },
  "n_evaluations": 16
}