{
  "index": 4,
  "background_scenario": "a",
  "best_fit_raw": 12786199.572297852,
  "best_fit_physical": 1062374657804.3848,
  "levels": [
    0.678,
    0.954
  ],
  "band_raw": {
    "0.678000": [
      11409081.276344985,
      15463903.050979339
    ],
    "0.954000": [
      11123589.930644965,
      17552849.80593019
    ]
  },
  "band_physical": {
    "0.678000": [
      947953201284.2781,
      1284858618013.26
    ],
    "0.954000": [
      924232410053.1378,
      1458424194040.294
    ]
  },
  "n_evaluations": 14
}