{
  "index": 110,
  "background_scenario": "a",
  "bkg_penalty": true,
  "best_fit_raw": 3320029.3667413797,
  "best_fit_physical": 275853277781.9384,
  "levels": [
    0.678,
    0.954
  ],
  "band_raw": {
    "0.678000": [
      2544584.622047749,
      3914838.5928224875
    ],
    "0.954000": [
      2358303.9975223634,
      4224068.69155158
    ]
  },
  "band_physical": {
    "0.678000": [
      211423433665.08685,
      325274549868.5937
    ],
    "0.954000": [
      195945823323.03442,
      350967737157.1679
    ]
  },
  "n_evaluations": 16
}