{
  "index": 167,
  "background_scenario": "a",
  "best_fit_raw": 426898.5217516525,
  "best_fit_physical": 35469974357.799324,
  "levels": [
    0.678,
    0.954
  ],
  "band_raw": {
    "0.678000": [
      0.0,
      1093782.6004243544
    ],
    "0.954000": [
      0.0,
      1157960.763021322
    ]
  },
  "band_physical": {
    "0.678000": [
      0.0,
      90879773091.90282
    ],
    "0.954000": [
      0.0,
      96212182706.0298
    ]
  },
  "n_evaluations": 37
}