{
  "index": 50,
  "background_scenario": "a",
  "best_fit_raw": 8095979.018123571,
  "best_fit_physical": 672675480336.2418,
  "levels": [
    0.678,
    0.954
  ],
  "band_raw": {
    "0.678000": [
      7224013.836720973,
      9074650.389228355
    ],
    "0.954000": [
      7043246.132324206,
      9307554.889262168
    ]
  },
  "band_physical": {
    "0.678000": [
      600225984614.5475,
      753990937450.8801
    ],
    "0.954000": [
      585206429584.5546,
      773342413792.6542
    ]
  },
  "n_evaluations": 11
}