{
  "index": 20,
  "background_scenario": "a",
  "best_fit_raw": 11068679.565040844,
  "best_fit_physical": 919670039464.5402,
  "levels": [
    0.678,
    0.954
  ],
  "band_raw": {
    "0.678000": [
      10130029.586798465,
      12096246.81325838
    ],
    "0.954000": [
      9876544.165083371,
      12406701.783476476
    ]
  },
  "band_physical": {
    "0.678000": [
      841679863901.0493,
      1005048137743.3481
    ],
    "0.954000": [
      820618368135.2222,
      1030843096666.3807
    ]
  },
  "n_evaluations": 15
}