{
  "index": 150,
  "background_scenario": "a",
  "best_fit_raw": 1189373.2669720438,
  "best_fit_physical": 98822172323.87758,
  "levels": [
    0.678,
    0.954
  ],
  "band_raw": {
    "0.678000": [
      414214.56574388855,
      1949684.1297797845
    ],
    "0.954000": [
      362614.71366096544,
      2103688.1842630813
    ]
  },
  "band_physical": {
    "0.678000": [
      34416094872.56519,
      161994578489.84586
    ],
    "0.954000": [
      30128786912.964756,
      174790406034.77582
    ]
  },
  "n_evaluations": 21
}