{
  "index": 140,
  "background_scenario": "a",
  "bkg_penalty": true,
  "best_fit_raw": 1477509.3888800999,
  "best_fit_physical": 122762711667.277,
  "levels": [
    0.678,
    0.954
  ],
  "band_raw": {
    "0.678000": [
      972682.2712097595,
      2422012.237111992
    ],
    "0.954000": [
      736051.5974589697,
      2749190.607701035
    ]
  },
  "band_physical": {
    "0.678000": [
      80817837167.79204,
      201239188161.4802
    ],
    "0.954000": [
      61156761988.21558,
      228423654314.2375
    ]
  },
  "n_evaluations": 19
}