{
  "index": 40,
  "background_scenario": "a",
  "bkg_penalty": true,
  "best_fit_raw": 8861913.593773259,
  "best_fit_physical": 736315147315.1101,
  "levels": [
    0.678,
    0.954
  ],
  "band_raw": {
    "0.678000": [
      8110402.543778342,
      9933173.920413822
    ],
    "0.954000": [
      7907454.586768616,
      10188112.76725127
    ]
  },
  "band_physical": {
    "0.678000": [
      673873896491.5018,
      825323598692.6333
    ],
    "0.954000": [
      657011437465.9573,
      846505856066.1826
    ]
  },
  "n_evaluations": 13
}