{
  "index": 30,
  "background_scenario": "a",
  "best_fit_raw": 10036479.902337674,
  "best_fit_physical": 833907044975.865,
  "levels": [
    0.678,
    0.954
  ],
  "band_raw": {
    "0.678000": [
      9185362.8755413,
      10968222.299832735
    ],
    "0.954000": [
      8955516.006668666,
      11249726.073689908
    ]
  },
  "band_physical": {
    "0.678000": [
      763189772421.0627,
      911323286221.2502
    ],
    "0.954000": [
      744092347319.4702,
      934712759671.2108
    ]
  },
  "n_evaluations": 15
}