{
  "index": 80,
  "background_scenario": "a",
  "bkg_penalty": true,
  "best_fit_raw": 5407270.137981421,
  "best_fit_physical": 449277107713.83716,
  "levels": [
    0.678,
    0.954
  ],
  "band_raw": {
    "0.678000": [
      4471674.168110527,
      6216476.537014924
    ],
    "0.954000": [
      4250683.247974457,
      6539668.078180417
    ]
  },
  "band_physical": {
    "0.678000": [
      371540682381.6205,
      516512126720.4926
    ],
    "0.954000": [
      353179076821.6627,
      543365336777.90906
    ]
  },
  "n_evaluations": 15
}