{
  "index": 20,
  "background_scenario": "a",
  "bkg_penalty": true,
  "best_fit_raw": 10997780.981740162,
  "best_fit_physical": 913779246211.4718,
  "levels": [
    0.678,
    0.954
  ],
  "band_raw": {
    "0.678000": [
      10065143.369587302,
      12018766.319105849
    ],
    "0.954000": [
      9813281.606519237,
      12327232.721723106
    ]
  },
  "band_physical": {
    "0.678000": [
      836288623727.1294,
      998610469302.747
    ],
    "0.954000": [
      815362033864.3248,
      1024240202912.9321
    ]
  },
  "n_evaluations": 15
}