{
  "index": 13,
  "background_scenario": "a",
  "best_fit_raw": 11765464.554865323,
  "best_fit_physical": 977564233196.0228,
  "levels": [
    0.678,
    0.954
  ],
  "band_raw": {
    "0.678000": [
      10767725.575835165,
      12857718.239291076
    ],
    "0.954000": [
      10498282.980913226,
      13187716.675556162
    ]
  },
  "band_physical": {
    "0.678000": [
      894664494267.9866,
      1068316972324.3431
    ],
    "0.954000": [
      872277155249.8864,
      1095735750970.8662
    ]
  },
  "n_evaluations": 15
}