{
  "index": 100,
  "background_scenario": "a",
  "bkg_penalty": true,
  "best_fit_raw": 3798774.0673648966,
  "best_fit_physical": 315631026801.4751,
  "levels": [
    0.678,
    0.954
  ],
  "band_raw": {
    "0.678000": [
      3141489.038656595,
      4594318.550883384
    ],
    "0.954000": [
      2911511.0159215266,
      4833174.900493002
    ]
  },
  "band_physical": {
    "0.678000": [
      261018790107.87592,
      381730910012.84216
    ],
    "0.954000": [
      241910467746.39493,
      401576911261.7745
    ]
  },
  "n_evaluations": 17
}