{
  "index": 16,
  "background_scenario": "a",
  "bkg_penalty": true,
  "best_fit_raw": 10997780.981740162,
  "best_fit_physical": 913779246211.4718,
  "levels": [
    0.678,
    0.954
  ],
  "band_raw": {
    "0.678000": [
      10323469.264659245,
      12643616.036860108
    ],
    "0.954000": [
      10065143.369587302,
      12968119.455215465
    ]
  },
  "band_physical": {
    "0.678000": [
      857752302815.4534,
      1050527733797.5518
    ],
    "0.954000": [
      836288623727.1294,
      1077489944584.4486
    ]
  },
  "n_evaluations": 12
}