{
  "index": 0,
  "background_scenario": "a",
  "bkg_penalty": true,
  "best_fit_raw": 12574078.427467246,
  "best_fit_physical": 1044750020602.512,
  "levels": [
    0.678,
    0.954
  ],
  "band_raw": {
    "0.678000": [
      12416756.795503851,
      50276403.55385284
    ],
    "0.954000": [
      11803118.501168188,
      72372103.24660182
    ]
  },
  "band_physical": {
    "0.678000": [
      1031678543501.181,
      4177345795296.4395
    ],
    "0.954000": [
      980692809290.2955,
      6013224491487.795
    ]
  },
  "n_evaluations": 24
}