{
  "index": 4,
  "background_scenario": "a",
  "bkg_penalty": true,
  "best_fit_raw": 12574078.527184447,
  "best_fit_physical": 1044750028887.7751,
  "levels": [
    0.678,
    0.954
  ],
  "band_raw": {
    "0.678000": [
      11507767.187461777,
      15997982.41662006
    ],
    "0.954000": [
      10939051.318670418,
      18159075.469569772
    ]
  },
  "band_physical": {
    "0.678000": [
      956152776964.2919,
      1329233991642.0464
    ],
    "0.954000": [
      908899539356.132,
      1508794030544.0735
    ]
  },
  "n_evaluations": 15
}