{
  "index": 5,
  "background_scenario": "a",
  "best_fit_raw": 12754892.881278526,
  "best_fit_physical": 1059773459929.2395,
  "levels": [
    0.678,
    0.954
  ],
  "band_raw": {
    "0.678000": [
      11381146.425155364,
      14663682.469211059
    ],
    "0.954000": [
      11096354.097900815,
      16228032.264902443
    ]
  },
  "band_physical": {
    "0.678000": [
      945632161494.0273,
      1218370209012.827
    ],
    "0.954000": [
      921969450029.0919,
      1348348281815.997
    ]
  },
  "n_evaluations": 14
}