{
  "index": 130,
  "background_scenario": "a",
  "best_fit_raw": 2188954.445919968,
  "best_fit_physical": 181874975225.00275,
  "levels": [
    0.678,
    0.954
  ],
  "band_raw": {
    "0.678000": [
      1404985.269125069,
      2856481.8845033916
    ],
    "0.954000": [
      1335550.6511880546,
      3004988.9651731225
    ]
  },
  "band_physical": {
    "0.678000": [
      116736856488.67926,
      237338229191.1424
    ],
    "0.954000": [
      110967700606.7054,
      249677326365.08713
    ]
  },
  "n_evaluations": 15
}