{
  "index": 60,
  "background_scenario": "a",
  "bkg_penalty": true,
  "best_fit_raw": 7113426.921247989,
  "best_fit_physical": 591037583024.3054,
  "levels": [
    0.678,
    0.954
  ],
  "band_raw": {
    "0.678000": [
      6188456.830050305,
      8177962.340571409
    ],
    "0.954000": [
      5882622.210245476,
      8387852.986329729
    ]
  },
  "band_physical": {
    "0.678000": [
      514184036467.4037,
      679487277980.9376
    ],
    "0.954000": [
      488772971379.39813,
      696926588364.2153
    ]
  },
  "n_evaluations": 13
}