{
  "index": 5,
  "background_scenario": "a",
  "bkg_penalty": true,
  "best_fit_raw": 12574078.52718445,
  "best_fit_physical": 1044750028887.7753,
  "levels": [
    0.678,
    0.954
  ],
  "band_raw": {
    "0.678000": [
      11507767.187461779,
      14826823.033712264
    ],
    "0.954000": [
      10939051.318670422,
      16408576.978005633
    ]
  },
  "band_physical": {
    "0.678000": [
      956152776964.292,
      1231925167263.3992
    ],
    "0.954000": [
      908899539356.1322,
      1363349309034.1982
    ]
  },
  "n_evaluations": 16
}