{
  "index": 30,
  "background_scenario": "a",
  "bkg_penalty": true,
  "best_fit_raw": 9809304.598653207,
  "best_fit_physical": 815031593818.6436,
  "levels": [
    0.678,
    0.954
  ],
  "band_raw": {
    "0.678000": [
      8977452.570234247,
      10995088.993555635
    ],
    "0.954000": [
      8752808.275645144,
      11277282.311758948
    ]
  },
  "band_physical": {
    "0.678000": [
      745915003776.5052,
      913555575369.3127
    ],
    "0.954000": [
      727249848094.9945,
      937002341405.286
    ]
  },
  "n_evaluations": 13
}