{
  "index": 2,
  "background_scenario": "a",
  "best_fit_raw": 12810870.405342164,
  "best_fit_physical": 1064424498154.9126,
  "levels": [
    0.678,
    0.954
  ],
  "band_raw": {
    "0.678000": [
      11431094.974611316,
      20474769.34404441
    ],
    "0.954000": [
      11145052.776464052,
      25076368.74704412
    ]
  },
  "band_physical": {
    "0.678000": [
      949782266678.6093,
      1701199480933.3154
    ],
    "0.954000": [
      926015706438.7161,
      2083535339487.1113
    ]
  },
  "n_evaluations": 15
}