{
  "index": 8,
  "background_scenario": "a",
  "best_fit_raw": 12547276.55625471,
  "best_fit_physical": 1042523117401.3743,
  "levels": [
    0.678,
    0.954
  ],
  "band_raw": {
    "0.678000": [
      11483238.086505571,
      13368989.785326999
    ],
    "0.954000": [
      10915734.450177189,
      14064036.953416266
    ]
  },
  "band_physical": {
    "0.678000": [
      954114712793.054,
      1110797298921.2961
    ],
    "0.954000": [
      906962196672.9915,
      1168547101212.552
    ]
  },
  "n_evaluations": 15
}