{
  "index": 160,
  "background_scenario": "a",
  "bkg_penalty": true,
  "best_fit_raw": 1477509.3888800992,
  "best_fit_physical": 122762711667.27693,
  "levels": [
    0.678,
    0.954
  ],
  "band_raw": {
    "0.678000": [
      108811.48747961043,
      1614674.8247413277
    ],
    "0.954000": [
      38989.14824964441,
      1742216.7510893447
    ]
  },
  "band_physical": {
    "0.678000": [
      9040885536.214308,
      134159458774.32008
    ],
    "0.954000": [
      3239514821.8663754,
      144756611555.60864
    ]
  },
  "n_evaluations": 29
}