{
  "index": 25,
  "background_scenario": "a",
  "bkg_penalty": true,
  "best_fit_raw": 10997780.98174216,
  "best_fit_physical": 913779246211.6378,
  "levels": [
    0.678,
    0.954
  ],
  "band_raw": {
    "0.678000": [
      9567722.222402366,
      11718018.722786635
    ],
    "0.954000": [
      9328307.511752438,
      11718018.722786635
    ]
  },
  "band_physical": {
    "0.678000": [
      794959093553.8184,
      973622072796.1455
    ],
    "0.954000": [
      775066699425.1427,
      973622072796.1455
    ]
  },
  "n_evaluations": 12
}