{
  "index": 8,
  "background_scenario": "a",
  "bkg_penalty": true,
  "best_fit_raw": 12574078.527184447,
  "best_fit_physical": 1044750028887.7751,
  "levels": [
    0.678,
    0.954
  ],
  "band_raw": {
    "0.678000": [
      11219806.407730747,
      13397547.000430997
    ],
    "0.954000": [
      10939051.318670418,
      14094078.844012223
    ]
  },
  "band_physical": {
    "0.678000": [
      932226806381.865,
      1113170049436.6006
    ],
    "0.954000": [
      908899539356.132,
      1171043209853.8423
    ]
  },
  "n_evaluations": 13
}