{
  "index": 130,
  "background_scenario": "a",
  "bkg_penalty": true,
  "best_fit_raw": 2602646.3891832763,
  "best_fit_physical": 216247646649.0422,
  "levels": [
    0.678,
    0.954
  ],
  "band_raw": {
    "0.678000": [
      1363969.2641695268,
      2917263.7448484683
    ],
    "0.954000": [
      1264117.585368427,
      3068930.844381436
    ]
  },
  "band_physical": {
    "0.678000": [
      113328935004.05345,
      242388448196.38275
    ],
    "0.954000": [
      105032498482.96701,
      254990103759.12033
    ]
  },
  "n_evaluations": 15
}