{
  "index": 3,
  "background_scenario": "a",
  "bkg_penalty": true,
  "best_fit_raw": 12574078.527168503,
  "best_fit_physical": 1044750028886.4503,
  "levels": [
    0.678,
    0.954
  ],
  "band_raw": {
    "0.678000": [
      11507767.187447187,
      17704677.89213463
    ],
    "0.954000": [
      10939051.31865655,
      20612100.533785947
    ]
  },
  "band_physical": {
    "0.678000": [
      956152776963.0796,
      1471039225599.4758
    ],
    "0.954000": [
      908899539354.9797,
      1712610000132.7522
    ]
  },
  "n_evaluations": 18
}