{
  "index": 110,
  "background_scenario": "a",
  "best_fit_raw": 3260642.0567654576,
  "best_fit_physical": 270918928622.3738,
  "levels": [
    0.678,
    0.954
  ],
  "band_raw": {
    "0.678000": [
      2628993.463599096,
      3844811.581812689
    ],
    "0.954000": [
      2436533.5469474397,
      4044701.4347250387
    ]
  },
  "band_physical": {
    "0.678000": [
      218436761875.06265,
      319456173466.9161
    ],
    "0.954000": [
      202445728969.80048,
      336064541957.14465
    ]
  },
  "n_evaluations": 15
}