{
  "index": 160,
  "background_scenario": "a",
  "best_fit_raw": 659828.3895381376,
  "best_fit_physical": 54823558445.30438,
  "levels": [
    0.678,
    0.954
  ],
  "band_raw": {
    "0.678000": [
      129930.12558265607,
      1596888.2436774517
    ],
    "0.954000": [
      60748.94602772195,
      1690586.3453954312
    ]
  },
  "band_physical": {
    "0.678000": [
      10795582528.166992,
      132681614410.6059
    ],
    "0.954000": [
      5047484233.548512,
      140466764969.74658
    ]
  },
  "n_evaluations": 31
}