{
  "index": 100,
  "background_scenario": "a",
  "best_fit_raw": 3832329.329816015,
  "best_fit_physical": 318419053084.2243,
  "levels": [
    0.678,
    0.954
  ],
  "band_raw": {
    "0.678000": [
      3250578.142461689,
      4518921.10083795
    ],
    "0.954000": [
      3012614.067225299,
      4753857.574303092
    ]
  },
  "band_physical": {
    "0.678000": [
      270082742118.77792,
      375466316711.4139
    ],
    "0.954000": [
      250310877807.6092,
      394986624852.3923
    ]
  },
  "n_evaluations": 17
}