{
  "index": 140,
  "background_scenario": "a",
  "best_fit_raw": 1732773.777241504,
  "best_fit_physical": 143972017505.31784,
  "levels": [
    0.678,
    0.954
  ],
  "band_raw": {
    "0.678000": [
      1030765.3313394357,
      2378745.7475222605
    ],
    "0.954000": [
      800023.5405110402,
      2566641.0502063455
    ]
  },
  "band_physical": {
    "0.678000": [
      85643819335.56503,
      197644279305.8516
    ],
    "0.954000": [
      66472037314.925606,
      213256049383.6889
    ]
  },
  "n_evaluations": 16
}