{
  "index": 120,
  "background_scenario": "a",
  "bkg_penalty": true,
  "best_fit_raw": 2637605.0503735864,
  "best_fit_physical": 219152277967.31287,
  "levels": [
    0.678,
    0.954
  ],
  "band_raw": {
    "0.678000": [
      2073435.0820839922,
      3355821.1941049006
    ],
    "0.954000": [
      1873560.0945260385,
      3620894.93713809
    ]
  },
  "band_physical": {
    "0.678000": [
      172276748329.58368,
      278827134879.39026
    ],
    "0.954000": [
      155669614966.0008,
      300851476471.70624
    ]
  },
  "n_evaluations": 15
}