{
  "index": 40,
  "background_scenario": "a",
  "bkg_penalty": true,
  "best_fit_raw": 248255.00390094277,
  "best_fit_physical": 962369247962.0386,
  "levels": [
    0.678,
    0.954
  ],
  "band_raw": {
    "0.678000": [
      185509.98075583138,
      292731.8293833677
    ],
    "0.954000": [
      167627.19030059298,
      315854.4921330734
    ]
  },
  "band_physical": {
    "0.678000": [
      719135960460.5485,
      1134785225157.5642
    ],
    "0.954000": [
      649812694740.0417,
      1224421039991.7063
    ]
  },
  "n_evaluations": 16
}