{
  "index": 30,
  "background_scenario": "b",
  "bkg_penalty": true,
  "best_fit_raw": 45452728.456001386,
  "best_fit_physical": 815736571168.2769,
  "levels": [
    0.678,
    0.954
  ],
  "band_raw": {
    "0.678000": [
      33964812.98937808,
      60835966.573251694
    ],
    "0.954000": [
      29173934.634068962,
      67326064.27411078
    ]
  },
  "band_physical": {
    "0.678000": [
      609563848628.955,
      1091818345387.3563
    ],
    "0.954000": [
      523582328592.65533,
      1208295622437.3083
    ]
  },
  "n_evaluations": 18
}