{
  "index": 80,
  "background_scenario": "b",
  "bkg_penalty": true,
  "best_fit_raw": 25035019.76878228,
  "best_fit_physical": 449301546442.5888,
  "levels": [
    0.678,
    0.954
  ],
  "band_raw": {
    "0.678000": [
      13758079.002765797,
      37082688.043430805
    ],
    "0.954000": [
      10746132.422076082,
      41038740.39155217
    ]
  },
  "band_physical": {
    "0.678000": [
      246915170393.8381,
      665520108953.0426
    ],
    "0.954000": [
      192860000116.16827,
      736519071775.3204
    ]
  },
  "n_evaluations": 25
}