{
  "index": 70,
  "background_scenario": "b",
  "bkg_penalty": true,
  "best_fit_raw": 28254142.66118378,
  "best_fit_physical": 507074893821.6983,
  "levels": [
    0.678,
    0.954
  ],
  "band_raw": {
    "0.678000": [
      16807381.95855542,
      41850957.894818984
    ],
    "0.954000": [
      13723169.903506845,
      46315698.42433561
    ]
  },
  "band_physical": {
    "0.678000": [
      301640772620.7092,
      751095875933.4929
    ],
    "0.954000": [
      246288659513.2067,
      831224225857.0726
    ]
  },
  "n_evaluations": 20
}