{
  "index": 8,
  "background_scenario": "b",
  "bkg_penalty": true,
  "best_fit_raw": 58384411.194283225,
  "best_fit_physical": 1047820472282.6707,
  "levels": [
    0.678,
    0.954
  ],
  "band_raw": {
    "0.678000": [
      42536374.44303468,
      86480894.63930565
    ],
    "0.954000": [
      39422427.149775654,
      126475303.16014123
    ]
  },
  "band_physical": {
    "0.678000": [
      763396993244.9586,
      1552065868453.2207
    ],
    "0.954000": [
      707511224137.3737,
      2269842397628.3813
    ]
  },
  "n_evaluations": 17
}