{
  "index": 150,
  "background_scenario": "b",
  "bkg_penalty": true,
  "best_fit_raw": 6839474.773447306,
  "best_fit_physical": 122747520111.6816,
  "levels": [
    0.678,
    0.954
  ],
  "band_raw": {
    "0.678000": [
      0.0,
      14768643.651575316
    ],
    "0.954000": [
      0.0,
      16552602.209631402
    ]
  },
  "band_physical": {
    "0.678000": [
      0.0,
      265051695297.1062
    ],
    "0.954000": [
      0.0,
      297068260345.8614
    ]
  },
  "n_evaluations": 37
}