{
  "index": 140,
  "background_scenario": "b",
  "bkg_penalty": true,
  "best_fit_raw": 6839474.773447306,
  "best_fit_physical": 122747520111.6816,
  "levels": [
    0.678,
    0.954
  ],
  "band_raw": {
    "0.678000": [
      0.0,
      17860079.566397056
    ],
    "0.954000": [
      0.0,
      20401557.9705993
    ]
  },
  "band_physical": {
    "0.678000": [
      0.0,
      320533454452.3189
    ],
    "0.954000": [
      0.0,
      366145169074.66583
    ]
  },
  "n_evaluations": 38
}