{
  "index": 20,
  "background_scenario": "b",
  "bkg_penalty": true,
  "best_fit_raw": 51137537.827993885,
  "best_fit_physical": 917761401412.3708,
  "levels": [
    0.678,
    0.954
  ],
  "band_raw": {
    "0.678000": [
      38212819.51745472,
      66732065.02585761
    ],
    "0.954000": [
      33665150.836239144,
      75746589.38153808
    ]
  },
  "band_physical": {
    "0.678000": [
      685802490339.2781,
      1197635164275.4705
    ],
    "0.954000": [
      604185835347.5942,
      1359418129532.0872
    ]
  },
  "n_evaluations": 18
}