{
  "index": 60,
  "background_scenario": "b",
  "bkg_penalty": true,
  "best_fit_raw": 32984130.401258245,
  "best_fit_physical": 591963614737.3485,
  "levels": [
    0.678,
    0.954
  ],
  "band_raw": {
    "0.678000": [
      20641173.401813745,
      46442640.15408091
    ],
    "0.954000": [
      16853447.50891724,
      51397230.16166951
    ]
  },
  "band_physical": {
    "0.678000": [
      370445528522.77,
      833502439176.2322
    ],
    "0.954000": [
      302467507458.806,
      922422079462.4532
    ]
  },
  "n_evaluations": 20
}