{
  "index": 1,
  "background_scenario": "b",
  "bkg_penalty": true,
  "best_fit_raw": 58384411.19428272,
  "best_fit_physical": 1047820472282.6615,
  "levels": [
    0.678,
    0.954
  ],
  "band_raw": {
    "0.678000": [
      43628087.35735942,
      425489200.4141723
    ],
    "0.954000": [
      39422427.14977531,
      658774727.6892023
    ]
  },
  "band_physical": {
    "0.678000": [
      782989879737.8663,
      7636221481202.648
    ],
    "0.954000": [
      707511224137.3674,
      11822978637194.46
    ]
  },
  "n_evaluations": 24
}