{
  "index": 4,
  "background_scenario": "b",
  "bkg_penalty": true,
  "best_fit_raw": 58384411.194283225,
  "best_fit_physical": 1047820472282.6707,
  "levels": [
    0.678,
    0.954
  ],
  "band_raw": {
    "0.678000": [
      43628087.3573598,
      129721341.95895849
    ],
    "0.954000": [
      39422427.149775654,
      244429728.31432486
    ]
  },
  "band_physical": {
    "0.678000": [
      782989879737.873,
      2328098802679.831
    ],
    "0.954000": [
      707511224137.3737,
      4386761262522.056
    ]
  },
  "n_evaluations": 20
}