{
  "index": 0,
  "background_scenario": "b",
  "bkg_penalty": true,
  "best_fit_raw": 58384411.194153085,
  "best_fit_physical": 1047820472280.3351,
  "levels": [
    0.678,
    0.954
  ],
  "band_raw": {
    "0.678000": [
      47074236.52560438,
      656714293.6657636
    ],
    "0.954000": [
      41471979.64315058,
      1477607160.7479682
    ]
  },
  "band_physical": {
    "0.678000": [
      844837649975.901,
      11786000188540.375
    ],
    "0.954000": [
      744294382820.4319,
      26518500424215.848
    ]
  },
  "n_evaluations": 24
}