{
  "index": 50,
  "background_scenario": "b",
  "bkg_penalty": true,
  "best_fit_raw": 36786642.22516681,
  "best_fit_physical": 660206997751.5193,
  "levels": [
    0.678,
    0.954
  ],
  "band_raw": {
    "0.678000": [
      24217588.71994538,
      50500573.074255556
    ],
    "0.954000": [
      21883061.689941823,
      55888071.155783504
    ]
  },
  "band_physical": {
    "0.678000": [
      434631175188.85474,
      906329844675.958
    ],
    "0.954000": [
      392733600731.9507,
      1003018852387.6833
    ]
  },
  "n_evaluations": 19
}