{
  "index": 100,
  "background_scenario": "b",
  "bkg_penalty": true,
  "best_fit_raw": 17587517.2230683,
  "best_fit_physical": 315641799343.16925,
  "levels": [
    0.678,
    0.954
  ],
  "band_raw": {
    "0.678000": [
      8461248.529899875,
      28830396.784805894
    ],
    "0.954000": [
      6125079.4946929235,
      31906078.859530967
    ]
  },
  "band_physical": {
    "0.678000": [
      151853367180.46497,
      517416881616.339
    ],
    "0.954000": [
      109926323784.29236,
      572615907832.524
    ]
  },
  "n_evaluations": 22
}