{
  "index": 130,
  "background_scenario": "b",
  "bkg_penalty": true,
  "best_fit_raw": 12098983.711819705,
  "best_fit_physical": 217139516657.49777,
  "levels": [
    0.678,
    0.954
  ],
  "band_raw": {
    "0.678000": [
      1896602.9408970042,
      19833299.75916925
    ],
    "0.954000": [
      94145.7094030651,
      23682901.11619219
    ]
  },
  "band_physical": {
    "0.678000": [
      34038184998.5667,
      355946683292.2581
    ],
    "0.954000": [
      1689625700.9742005,
      425035178483.09
    ]
  },
  "n_evaluations": 34
}