{
  "index": 16,
  "background_scenario": "b",
  "bkg_penalty": true,
  "best_fit_raw": 51137537.827993885,
  "best_fit_physical": 917761401412.3708,
  "levels": [
    0.678,
    0.954
  ],
  "band_raw": {
    "0.678000": [
      40199485.10825826,
      72003179.67517564
    ],
    "0.954000": [
      34529180.27955347,
      85978843.91427314
    ]
  },
  "band_physical": {
    "0.678000": [
      721457022688.6139,
      1292235447610.0967
    ],
    "0.954000": [
      619692504351.193,
      1543055603263.376
    ]
  },
  "n_evaluations": 18
}