{
  "index": 13,
  "background_scenario": "b",
  "bkg_penalty": true,
  "best_fit_raw": 55572711.64084592,
  "best_fit_physical": 997359119778.9028,
  "levels": [
    0.678,
    0.954
  ],
  "band_raw": {
    "0.678000": [
      41527028.68038158,
      78248036.78995445
    ],
    "0.954000": [
      37523906.319556296,
      93435814.53085856
    ]
  },
  "band_physical": {
    "0.678000": [
      745282343596.4368,
      1404311410996.468
    ],
    "0.954000": [
      673438618928.7812,
      1676885273091.9827
    ]
  },
  "n_evaluations": 18
}