{
  "index": 40,
  "background_scenario": "b",
  "bkg_penalty": true,
  "best_fit_raw": 40822454.33336915,
  "best_fit_physical": 732637402764.7458,
  "levels": [
    0.678,
    0.954
  ],
  "band_raw": {
    "0.678000": [
      29741486.942971848,
      56040921.74312113
    ],
    "0.954000": [
      25546326.319112293,
      60467551.182012156
    ]
  },
  "band_physical": {
    "0.678000": [
      533768145597.4857,
      1005762049952.5237
    ],
    "0.954000": [
      458477925206.8655,
      1085206423106.2489
    ]
  },
  "n_evaluations": 18
}