{
  "index": 160,
  "background_scenario": "b",
  "bkg_penalty": true,
  "best_fit_raw": 6839474.773447308,
  "best_fit_physical": 122747520111.68163,
  "levels": [
    0.678,
    0.954
  ],
  "band_raw": {
    "0.678000": [
      0.0,
      11499383.016440853
    ],
    "0.954000": [
      0.0,
      13387785.999579776
    ]
  },
  "band_physical": {
    "0.678000": [
      0.0,
      206378529761.14618
    ],
    "0.954000": [
      0.0,
      240269550757.62714
    ]
  },
  "n_evaluations": 35
}