{
  "index": 2,
  "background_scenario": "b",
  "bkg_penalty": true,
  "best_fit_raw": 58384411.19428272,
  "best_fit_physical": 1047820472282.6615,
  "levels": [
    0.678,
    0.954
  ],
  "band_raw": {
    "0.678000": [
      43628087.35735942,
      260816400.56589374
    ],
    "0.954000": [
      39422427.14977531,
      439873233.447791
    ]
  },
  "band_physical": {
    "0.678000": [
      782989879737.8663,
      4680851590857.19
    ],
    "0.954000": [
      707511224137.3674,
      7894370599748.382
    ]
  },
  "n_evaluations": 25
}