{
  "index": 90,
  "background_scenario": "b",
  "bkg_penalty": true,
  "best_fit_raw": 21370023.019581757,
  "best_fit_physical": 383526135744.64264,
  "levels": [
    0.678,
    0.954
  ],
  "band_raw": {
    "0.678000": [
      10884230.719358582,
      31653975.28881725
    ],
    "0.954000": [
      7302270.322845053,
      35929963.617435336
    ]
  },
  "band_physical": {
    "0.678000": [
      195338439482.431,
      568091424719.2087
    ],
    "0.954000": [
      131053275727.27899,
      644832253620.58
    ]
  },
  "n_evaluations": 24
}