{
  "index": 110,
  "background_scenario": "b",
  "bkg_penalty": true,
  "best_fit_raw": 15368807.088615166,
  "best_fit_physical": 275822781674.14,
  "levels": [
    0.678,
    0.954
  ],
  "band_raw": {
    "0.678000": [
      6918235.712083502,
      25193368.73158791
    ],
    "0.954000": [
      3765810.536645514,
      29330567.449121736
    ]
  },
  "band_physical": {
    "0.678000": [
      124161036532.09358,
      452143422922.94476
    ],
    "0.954000": [
      67584707875.264595,
      526393405503.19257
    ]
  },
  "n_evaluations": 22
}