{
  "index": 120,
  "background_scenario": "b",
  "bkg_penalty": true,
  "best_fit_raw": 12206926.239706388,
  "best_fit_physical": 219076752783.30603,
  "levels": [
    0.678,
    0.954
  ],
  "band_raw": {
    "0.678000": [
      3692226.1645335844,
      22144976.252003483
    ],
    "0.954000": [
      1898403.7087831355,
      25781574.76829215
    ]
  },
  "band_physical": {
    "0.678000": [
      66264094890.364006,
      397434160941.4887
    ],
    "0.954000": [
      34070503239.31488,
      462699910769.127
    ]
  },
  "n_evaluations": 27
}