{
  "index": 25,
  "background_scenario": "b",
  "bkg_penalty": true,
  "best_fit_raw": 51137537.827993885,
  "best_fit_physical": 917761401412.3708,
  "levels": [
    0.678,
    0.954
  ],
  "band_raw": {
    "0.678000": [
      36324335.28790629,
      63434154.69110806
    ],
    "0.954000": [
      32001413.18896695,
      72003179.67517564
    ]
  },
  "band_physical": {
    "0.678000": [
      651910011219.8248,
      1138447824815.9004
    ],
    "0.954000": [
      574326865604.4874,
      1292235447610.0967
    ]
  },
  "n_evaluations": 18
}