{
  "index": 3,
  "background_scenario": "b",
  "bkg_penalty": true,
  "best_fit_raw": 58384411.19428272,
  "best_fit_physical": 1047820472282.6615,
  "levels": [
    0.678,
    0.954
  ],
  "band_raw": {
    "0.678000": [
      43628087.35735942,
      184965735.79824287
    ],
    "0.954000": [
      39422427.14977531,
      291873019.40765405
    ]
  },
  "band_physical": {
    "0.678000": [
      782989879737.8663,
      3319565628490.9785
    ],
    "0.954000": [
      707511224137.3674,
      5238222306029.574
    ]
  },
  "n_evaluations": 20
}