{
  "index": 5,
  "background_scenario": "b",
  "bkg_penalty": true,
  "best_fit_raw": 58384411.194283225,
  "best_fit_physical": 1047820472282.6707,
  "levels": [
    0.678,
    0.954
  ],
  "band_raw": {
    "0.678000": [
      43628087.3573598,
      119083593.34814581
    ],
    "0.954000": [
      39422427.149775654,
      195192511.9079135
    ]
  },
  "band_physical": {
    "0.678000": [
      782989879737.873,
      2137183958367.8022
    ],
    "0.954000": [
      707511224137.3737,
      3503104781390.982
    ]
  },
  "n_evaluations": 21
}