{
  "index": 80,
  "background_scenario": "b",
  "best_fit_raw": 144031.77223391802,
  "best_fit_physical": 558344227303.8868,
  "levels": [
    0.678,
    0.954
  ],
  "band_raw": {
    "0.678000": [
      113224.12710812702,
      174195.10382988426
    ],
    "0.954000": [
      104935.36322647225,
      183251.42114002688
    ]
  },
  "band_physical": {
    "0.678000": [
      438917308187.2074,
      675273442376.717
    ],
    "0.954000": [
      406785623677.4124,
      710380574729.0026
    ]
  },
  "n_evaluations": 16
}