{
  "index": 1,
  "background_scenario": "b",
  "bkg_penalty": true,
  "best_fit_raw": 316876.2935549563,
  "best_fit_physical": 1228382089116.5667,
  "levels": [
    0.678,
    0.954
  ],
  "band_raw": {
    "0.678000": [
      255491.3081602971,
      5888830.825439018
    ],
    "0.954000": [
      236787.6344712659,
      8530755.49471924
    ]
  },
  "band_physical": {
    "0.678000": [
      990421035755.5208,
      22828259667687.195
    ],
    "0.954000": [
      917915587327.893,
      33069773503041.996
    ]
  },
  "n_evaluations": 27
}