{
  "index": 90,
  "background_scenario": "b",
  "bkg_penalty": true,
  "best_fit_raw": 122363.67572186704,
  "best_fit_physical": 474347089613.19244,
  "levels": [
    0.678,
    0.954
  ],
  "band_raw": {
    "0.678000": [
      86918.13045305753,
      155683.13243783772
    ],
    "0.954000": [
      82622.62123140859,
      163777.02150931768
    ]
  },
  "band_physical": {
    "0.678000": [
      336941187585.2935,
      603511134641.0503
    ],
    "0.954000": [
      320289495114.6686,
      634887380099.9994
    ]
  },
  "n_evaluations": 13
}