{
  "index": 140,
  "background_scenario": "b",
  "bkg_penalty": true,
  "best_fit_raw": 30313.9220894774,
  "best_fit_physical": 117512984413.68259,
  "levels": [
    0.678,
    0.954
  ],
  "band_raw": {
    "0.678000": [
      20468.62100261126,
      65457.5867081467
    ],
    "0.954000": [
      13645.747335074173,
      74772.16128165243
    ]
  },
  "band_physical": {
    "0.678000": [
      79347328720.76534,
      253748635491.20932
    ],
    "0.954000": [
      52898219147.17689,
      289856911201.80817
    ]
  },
  "n_evaluations": 22
}