{
  "index": 120,
  "background_scenario": "b",
  "bkg_penalty": true,
  "best_fit_raw": 66902.61751537905,
  "best_fit_physical": 259350348203.48587,
  "levels": [
    0.678,
    0.954
  ],
  "band_raw": {
    "0.678000": [
      41867.058866511186,
      94200.88244965018
    ],
    "0.954000": [
      34184.31041800622,
      104250.41342684318
    ]
  },
  "band_physical": {
    "0.678000": [
      162299125184.29507,
      365173031664.66394
    ],
    "0.954000": [
      132516680800.53792,
      404130391705.4366
    ]
  },
  "n_evaluations": 20
}