{
  "index": 120,
  "background_scenario": "b",
  "best_fit_raw": 66902.61751537905,
  "best_fit_physical": 259350348203.48587,
  "levels": [
    0.678,
    0.954
  ],
  "band_raw": {
    "0.678000": [
      45174.10574464413,
      91843.67803982274
    ],
    "0.954000": [
      38802.10995299518,
      99098.33974668541
    ]
  },
  "band_physical": {
    "0.678000": [
      175119008639.10715,
      356035245922.05066
    ],
    "0.954000": [
      150417742998.26105,
      384158197006.00226
    ]
  },
  "n_evaluations": 17
}