{
  "index": 5,
  "background_scenario": "b",
  "bkg_penalty": true,
  "best_fit_raw": 316876.2935549563,
  "best_fit_physical": 1228382089116.5667,
  "levels": [
    0.678,
    0.954
  ],
  "band_raw": {
    "0.678000": [
      255491.3081602971,
      1393314.5652729906
    ],
    "0.954000": [
      236787.6344712659,
      1882530.011261643
    ]
  },
  "band_physical": {
    "0.678000": [
      990421035755.5208,
      5401232882666.703
    ],
    "0.954000": [
      917915587327.893,
      7297693753342.127
    ]
  },
  "n_evaluations": 24
}