{
  "index": 40,
  "background_scenario": "b",
  "best_fit_raw": 248254.94164948608,
  "best_fit_physical": 962369006642.0787,
  "levels": [
    0.678,
    0.954
  ],
  "band_raw": {
    "0.678000": [
      205300.49014606996,
      278264.901357108
    ],
    "0.954000": [
      195154.50398605046,
      285406.68037313095
    ]
  },
  "band_physical": {
    "0.678000": [
      795854565682.577,
      1078703670199.2291
    ],
    "0.954000": [
      756523293735.4977,
      1106389027564.6882
    ]
  },
  "n_evaluations": 14
}