{
  "index": 30,
  "background_scenario": "b",
  "best_fit_raw": 254259.8438203512,
  "best_fit_physical": 985647220959.8331,
  "levels": [
    0.678,
    0.954
  ],
  "band_raw": {
    "0.678000": [
      226875.17170794818,
      315399.5860905113
    ],
    "0.954000": [
      215662.961008582,
      323494.441512873
    ]
  },
  "band_physical": {
    "0.678000": [
      879489577035.701,
      1222657580729.2756
    ],
    "0.954000": [
      836025048187.5879,
      1254037572281.3818
    ]
  },
  "n_evaluations": 12
}