{
  "index": 1,
  "background_scenario": "b",
  "best_fit_raw": 316876.2935549563,
  "best_fit_physical": 1228382089116.5667,
  "levels": [
    0.678,
    0.954
  ],
  "band_raw": {
    "0.678000": [
      262048.5938779586,
      5346389.22561083
    ],
    "0.954000": [
      242864.88298831962,
      7818908.453034377
    ]
  },
  "band_physical": {
    "0.678000": [
      1015840584306.8809,
      20725465740930.03
    ],
    "0.954000": [
      941474254799.3815,
      30310273426887.99
    ]
  },
  "n_evaluations": 25
}