{
  "index": 8,
  "background_scenario": "b",
  "bkg_penalty": true,
  "best_fit_raw": 316876.2935549563,
  "best_fit_physical": 1228382089116.5667,
  "levels": [
    0.678,
    0.954
  ],
  "band_raw": {
    "0.678000": [
      255491.3081602971,
      781605.40421287
    ],
    "0.954000": [
      236787.6344712659,
      1019876.1651533484
    ]
  },
  "band_physical": {
    "0.678000": [
      990421035755.5208,
      3029920820268.906
    ],
    "0.954000": [
      917915587327.893,
      3953585799481.6772
    ]
  },
  "n_evaluations": 20
}