{
  "index": 50,
  "background_scenario": "b",
  "best_fit_raw": 222617.15572025705,
  "best_fit_physical": 862983228404.2764,
  "levels": [
    0.678,
    0.954
  ],
  "band_raw": {
    "0.678000": [
      179491.96418516178,
      249527.9266761195
    ],
    "0.954000": [
      170621.43989580596,
      255932.159843709
    ]
  },
  "band_physical": {
    "0.678000": [
      695806907711.0244,
      967303777839.025
    ],
    "0.954000": [
      661420008533.8275,
      992130012800.7415
    ]
  },
  "n_evaluations": 12
}