{
  "index": 25,
  "background_scenario": "b",
  "bkg_penalty": true,
  "best_fit_raw": 291339.15799728176,
  "best_fit_physical": 1129386485581.6218,
  "levels": [
    0.678,
    0.954
  ],
  "band_raw": {
    "0.678000": [
      234901.2031161482,
      334938.5168094978
    ],
    "0.954000": [
      223292.34453966515,
      352351.80467422225
    ]
  },
  "band_physical": {
    "0.678000": [
      910602769877.9735,
      1298400932390.0396
    ],
    "0.954000": [
      865600621593.3596,
      1365904154816.9602
    ]
  },
  "n_evaluations": 13
}