{
  "index": 30,
  "background_scenario": "b",
  "bkg_penalty": true,
  "best_fit_raw": 254259.8438203512,
  "best_fit_physical": 985647220959.8331,
  "levels": [
    0.678,
    0.954
  ],
  "band_raw": {
    "0.678000": [
      221198.03640599202,
      315399.5860905113
    ],
    "0.954000": [
      210266.39072700756,
      331797.05460898805
    ]
  },
  "band_physical": {
    "0.678000": [
      857481962505.1907,
      1222657580729.2756
    ],
    "0.954000": [
      815105053819.5173,
      1286222943757.7861
    ]
  },
  "n_evaluations": 13
}