{
  "index": 100,
  "background_scenario": "b",
  "best_fit_raw": 99352.31390713064,
  "best_fit_physical": 385142736765.3176,
  "levels": [
    0.678,
    0.954
  ],
  "band_raw": {
    "0.678000": [
      74241.58849306937,
      129650.06438950312
    ],
    "0.954000": [
      67084.84811351508,
      136390.50712627725
    ]
  },
  "band_physical": {
    "0.678000": [
      287800127138.9921,
      502593031375.6796
    ],
    "0.954000": [
      260056771521.96133,
      528722594548.99164
    ]
  },
  "n_evaluations": 15
}