{
  "index": 5,
  "background_scenario": "b",
  "best_fit_raw": 316876.2935549563,
  "best_fit_physical": 1228382089116.5667,
  "levels": [
    0.678,
    0.954
  ],
  "band_raw": {
    "0.678000": [
      262048.5938779586,
      1267003.4232184384
    ],
    "0.954000": [
      242864.88298831962,
      1739198.2286081575
    ]
  },
  "band_physical": {
    "0.678000": [
      1015840584306.8809,
      4911583301074.507
    ],
    "0.954000": [
      941474254799.3815,
      6742063060249.099
    ]
  },
  "n_evaluations": 26
}