{
  "index": 50,
  "background_scenario": "b",
  "bkg_penalty": true,
  "best_fit_raw": 222617.15572025705,
  "best_fit_physical": 862983228404.2764,
  "levels": [
    0.678,
    0.954
  ],
  "band_raw": {
    "0.678000": [
      175000.50679640542,
      249527.9266761195
    ],
    "0.954000": [
      162189.29846957867,
      269237.9462777427
    ]
  },
  "band_physical": {
    "0.678000": [
      678395615283.6794,
      967303777839.025
    ],
    "0.954000": [
      628732515933.2521,
      1043710361566.5367
    ]
  },
  "n_evaluations": 14
}