{
  "index": 40,
  "background_scenario": "b",
  "bkg_penalty": true,
  "best_fit_raw": 248254.94164948608,
  "best_fit_physical": 962369006642.0787,
  "levels": [
    0.678,
    0.954
  ],
  "band_raw": {
    "0.678000": [
      200163.22170306242,
      278264.901357108
    ],
    "0.954000": [
      190271.12024875393,
      292731.7559790757
    ]
  },
  "band_physical": {
    "0.678000": [
      775939764005.3105,
      1078703670199.2291
    ],
    "0.954000": [
      737592685043.1254,
      1134784940603.2463
    ]
  },
  "n_evaluations": 13
}