{
  "index": 3,
  "background_scenario": "b",
  "bkg_penalty": true,
  "best_fit_raw": 316876.2935549563,
  "best_fit_physical": 1228382089116.5667,
  "levels": [
    0.678,
    0.954
  ],
  "band_raw": {
    "0.678000": [
      255491.3081602971,
      2444804.9692604234
    ],
    "0.954000": [
      236787.6344712659,
      3377279.01653687
    ]
  },
  "band_physical": {
    "0.678000": [
      990421035755.5208,
      9477372390124.354
    ],
    "0.954000": [
      917915587327.893,
      13092140807761.652
    ]
  },
  "n_evaluations": 23
}