{
  "index": 20,
  "background_scenario": "b",
  "best_fit_raw": 316876.2935549523,
  "best_fit_physical": 1228382089116.551,
  "levels": [
    0.678,
    0.954
  ],
  "band_raw": {
    "0.678000": [
      255491.30816029385,
      346293.6869378127
    ],
    "0.954000": [
      236787.63447126286,
      364297.3244824748
    ]
  },
  "band_physical": {
    "0.678000": [
      990421035755.508,
      1342419648489.0222
    ],
    "0.954000": [
      917915587327.8812,
      1412211382199.0544
    ]
  },
  "n_evaluations": 14
}