{
  "index": 110,
  "background_scenario": "b",
  "best_fit_raw": 85257.67585376809,
  "best_fit_physical": 330504376971.67584,
  "levels": [
    0.678,
    0.954
  ],
  "band_raw": {
    "0.678000": [
      60560.764853339744,
      108473.22101907429
    ],
    "0.954000": [
      52018.41670004455,
      117041.43757510025
    ]
  },
  "band_physical": {
    "0.678000": [
      234765933464.00256,
      420500253754.4021
    ],
    "0.954000": [
      201651220612.5474,
      453715246378.2317
    ]
  },
  "n_evaluations": 18
}