{
  "index": 0,
  "background_scenario": "b",
  "bkg_penalty": true,
  "best_fit_raw": 316876.2902584192,
  "best_fit_physical": 1228382076337.4246,
  "levels": [
    0.678,
    0.954
  ],
  "band_raw": {
    "0.678000": [
      305081.62523293286,
      13301590.97457904
    ],
    "0.954000": [
      282747.6084400954,
      19177784.586920276
    ]
  },
  "band_physical": {
    "0.678000": [
      1182659642822.769,
      51564084919762.85
    ],
    "0.954000": [
      1096081041758.7164,
      74343355986720.36
    ]
  },
  "n_evaluations": 32
}