{
  "index": 25,
  "background_scenario": "b",
  "best_fit_raw": 291339.15799728176,
  "best_fit_physical": 1129386485581.6218,
  "levels": [
    0.678,
    0.954
  ],
  "band_raw": {
    "0.678000": [
      240930.03562456608,
      326557.29438022384
    ],
    "0.954000": [
      229023.23109019492,
      343534.8466352924
    ]
  },
  "band_physical": {
    "0.678000": [
      933973750990.3231,
      1265910829070.7876
    ],
    "0.954000": [
      887816604728.1437,
      1331724907092.2156
    ]
  },
  "n_evaluations": 15
}