{
  "index": 0,
  "background_scenario": "b",
  "best_fit_raw": 316876.2935549563,
  "best_fit_physical": 1228382089116.5667,
  "levels": [
    0.678,
    0.954
  ],
  "band_raw": {
    "0.678000": [
      305081.6284067674,
      12009750.658304043
    ],
    "0.954000": [
      290004.4409276291,
      17844242.270945124
    ]
  },
  "band_physical": {
    "0.678000": [
      1182659655126.25,
      46556220529820.18
    ],
    "0.954000": [
      1124212407950.235,
      69173832329253.055
    ]
  },
  "n_evaluations": 28
}