{
  "index": 130,
  "background_scenario": "b",
  "bkg_penalty": true,
  "best_fit_raw": 54007.20179316209,
  "best_fit_physical": 209360815925.21762,
  "levels": [
    0.678,
    0.954
  ],
  "band_raw": {
    "0.678000": [
      28303.561942116397,
      79997.22926888909
    ],
    "0.954000": [
      24311.22662941962,
      90803.68297824045
    ]
  },
  "band_physical": {
    "0.678000": [
      109719752644.94595,
      310112070898.14154
    ],
    "0.954000": [
      94243324487.93149,
      352003668513.4497
    ]
  },
  "n_evaluations": 19
}