{
  "index": 2,
  "background_scenario": "b",
  "bkg_penalty": true,
  "best_fit_raw": 316876.2935549563,
  "best_fit_physical": 1228382089116.5667,
  "levels": [
    0.678,
    0.954
  ],
  "band_raw": {
    "0.678000": [
      255491.3081602971,
      3592530.183751192
    ],
    "0.954000": [
      236787.6344712659,
      5010144.902383564
    ]
  },
  "band_physical": {
    "0.678000": [
      990421035755.5208,
      13926569522832.604
    ],
    "0.954000": [
      917915587327.893,
      19422002804066.746
    ]
  },
  "n_evaluations": 25
}