{
  "index": 160,
  "background_scenario": "b",
  "bkg_penalty": true,
  "best_fit_raw": 30313.922089477393,
  "best_fit_physical": 117512984413.68256,
  "levels": [
    0.678,
    0.954
  ],
  "band_raw": {
    "0.678000": [
      0.0,
      44901.97038384981
    ],
    "0.954000": [
      0.0,
      49692.1987827259
    ]
  },
  "band_physical": {
    "0.678000": [
      0.0,
      174064066348.3326
    ],
    "0.954000": [
      0.0,
      192633555097.2169
    ]
  },
  "n_evaluations": 36
}