{
  "index": 8,
  "background_scenario": "b",
  "best_fit_raw": 316876.2935549563,
  "best_fit_physical": 1228382089116.5667,
  "levels": [
    0.678,
    0.954
  ],
  "band_raw": {
    "0.678000": [
      262048.5938779586,
      724386.657558644
    ],
    "0.954000": [
      242864.88298831962,
      945214.4041188766
    ]
  },
  "band_physical": {
    "0.678000": [
      1015840584306.8809,
      2808110337814.623
    ],
    "0.954000": [
      941474254799.3815,
      3664156858718.267
    ]
  },
  "n_evaluations": 22
}