{
  "index": 60,
  "background_scenario": "b",
  "bkg_penalty": true,
  "best_fit_raw": 196741.4894460074,
  "best_fit_physical": 762675298648.2964,
  "levels": [
    0.678,
    0.954
  ],
  "band_raw": {
    "0.678000": [
      154659.5106272755,
      226184.15980508877
    ],
    "0.954000": [
      143337.39935661378,
      237943.3624272435
    ]
  },
  "band_physical": {
    "0.678000": [
      599543028715.4941,
      876810845107.4899
    ],
    "0.954000": [
      555652466440.1133,
      922395807369.2448
    ]
  },
  "n_evaluations": 14
}