{
  "index": 3,
  "background_scenario": "b",
  "best_fit_raw": 316876.2935549563,
  "best_fit_physical": 1228382089116.5667,
  "levels": [
    0.678,
    0.954
  ],
  "band_raw": {
    "0.678000": [
      262048.5938779586,
      2181315.8397293333
    ],
    "0.954000": [
      242864.88298831962,
      3130039.5893447483
    ]
  },
  "band_physical": {
    "0.678000": [
      1015840584306.8809,
      8455947518728.058
    ],
    "0.954000": [
      941474254799.3815,
      12133708478605.512
    ]
  },
  "n_evaluations": 25
}