{
  "index": 70,
  "background_scenario": "b",
  "best_fit_raw": 166592.7619119302,
  "best_fit_physical": 645802696734.6633,
  "levels": [
    0.678,
    0.954
  ],
  "band_raw": {
    "0.678000": [
      134320.56463868666,
      196439.15808426513
    ],
    "0.954000": [
      124487.40033725301,
      206651.93277560046
    ]
  },
  "band_physical": {
    "0.678000": [
      520698389744.23334,
      761503300498.5577
    ],
    "0.954000": [
      482579782726.613,
      801093480534.6782
    ]
  },
  "n_evaluations": 15
}