{
  "index": 100,
  "background_scenario": "b",
  "bkg_penalty": true,
  "best_fit_raw": 99352.31390713064,
  "best_fit_physical": 385142736765.3176,
  "levels": [
    0.678,
    0.954
  ],
  "band_raw": {
    "0.678000": [
      70572.55619405923,
      132977.58469395823
    ],
    "0.954000": [
      62173.78825152487,
      143481.38214784564
    ]
  },
  "band_physical": {
    "0.678000": [
      273576994477.56256,
      515492280787.20264
    ],
    "0.954000": [
      241018875359.48996,
      556210620790.8412
    ]
  },
  "n_evaluations": 18
}