{
  "index": 13,
  "background_scenario": "b",
  "bkg_penalty": true,
  "best_fit_raw": 316876.29355495673,
  "best_fit_physical": 1228382089116.5684,
  "levels": [
    0.678,
    0.954
  ],
  "band_raw": {
    "0.678000": [
      255491.3081602974,
      457622.4426101516
    ],
    "0.954000": [
      236787.63447126618,
      532772.177560349
    ]
  },
  "band_physical": {
    "0.678000": [
      990421035755.5219,
      1773989482689.3772
    ],
    "0.954000": [
      917915587327.894,
      2065310071487.762
    ]
  },
  "n_evaluations": 17
}