{
  "index": 150,
  "background_scenario": "b",
  "best_fit_raw": 30313.9220894774,
  "best_fit_physical": 117512984413.68259,
  "levels": [
    0.678,
    0.954
  ],
  "band_raw": {
    "0.678000": [
      7004.683285193734,
      54993.45794299709
    ],
    "0.954000": [
      4219.630567435632,
      60860.26560731491
    ]
  },
  "band_physical": {
    "0.678000": [
      27153900946.439518,
      213184072553.6857
    ],
    "0.954000": [
      16357546200.684004,
      235926958663.24548
    ]
  },
  "n_evaluations": 27
}