{
  "index": 16,
  "background_scenario": "b",
  "bkg_penalty": true,
  "best_fit_raw": 316876.2935549523,
  "best_fit_physical": 1228382089116.551,
  "levels": [
    0.678,
    0.954
  ],
  "band_raw": {
    "0.678000": [
      255491.30816029385,
      383236.9622404408
    ],
    "0.954000": [
      236787.63447126286,
      435006.66139143816
    ]
  },
  "band_physical": {
    "0.678000": [
      990421035755.508,
      1485631553633.2622
    ],
    "0.954000": [
      917915587327.8812,
      1686318611925.3313
    ]
  },
  "n_evaluations": 15
}