{
  "index": 80,
  "background_scenario": "b",
  "bkg_penalty": true,
  "best_fit_raw": 144031.77223391802,
  "best_fit_physical": 558344227303.8868,
  "levels": [
    0.678,
    0.954
  ],
  "band_raw": {
    "0.678000": [
      107628.57092702876,
      178665.89023218962
    ],
    "0.954000": [
      97253.39233532749,
      187954.64151662285
    ]
  },
  "band_physical": {
    "0.678000": [
      417225937985.93823,
      692604602998.5681
    ],
    "0.954000": [
      377006193522.09064,
      728612773821.4745
    ]
  },
  "n_evaluations": 14
}