{
  "index": 60,
  "background_scenario": "b",
  "best_fit_raw": 196741.4894460074,
  "best_fit_physical": 762675298648.2964,
  "levels": [
    0.678,
    0.954
  ],
  "band_raw": {
    "0.678000": [
      158628.908284829,
      220524.31580935296
    ],
    "0.954000": [
      147016.21053956862,
      231989.2659409133
    ]
  },
  "band_physical": {
    "0.678000": [
      614930538246.1632,
      854870260933.2749
    ],
    "0.954000": [
      569913507288.8499,
      899314543073.2413
    ]
  },
  "n_evaluations": 13
}