{
  "index": 90,
  "background_scenario": "b",
  "best_fit_raw": 122363.67572186704,
  "best_fit_physical": 474347089613.19244,
  "levels": [
    0.678,
    0.954
  ],
  "band_raw": {
    "0.678000": [
      91436.96107504782,
      151787.44742114624
    ],
    "0.954000": [
      82622.62123140859,
      159678.80175499094
    ]
  },
  "band_physical": {
    "0.678000": [
      354458593313.34827,
      588409374753.4377
    ],
    "0.954000": [
      320289495114.6686,
      619000487183.5194
    ]
  },
  "n_evaluations": 14
}