{
  "index": 13,
  "background_scenario": "b",
  "best_fit_raw": 316876.29355495673,
  "best_fit_physical": 1228382089116.5684,
  "levels": [
    0.678,
    0.954
  ],
  "band_raw": {
    "0.678000": [
      262048.59387795892,
      446171.27982159477
    ],
    "0.954000": [
      242864.8829883199,
      519440.5304067263
    ]
  },
  "band_physical": {
    "0.678000": [
      1015840584306.8821,
      1729598647669.143
    ],
    "0.954000": [
      941474254799.3827,
      2013629472733.5615
    ]
  },
  "n_evaluations": 19
}