{
  "index": 140,
  "background_scenario": "b",
  "best_fit_raw": 30313.9220894774,
  "best_fit_physical": 117512984413.68259,
  "levels": [
    0.678,
    0.954
  ],
  "band_raw": {
    "0.678000": [
      22652.25278478815,
      63016.087305127316
    ],
    "0.954000": [
      15489.087888911725,
      70628.03129236003
    ]
  },
  "band_physical": {
    "0.678000": [
      87812254071.78905,
      244284077244.79803
    ],
    "0.954000": [
      60043993591.435074,
      273792045645.89133
    ]
  },
  "n_evaluations": 23
}