{
  "index": 150,
  "background_scenario": "b",
  "bkg_penalty": true,
  "best_fit_raw": 30313.9220894774,
  "best_fit_physical": 117512984413.68259,
  "levels": [
    0.678,
    0.954
  ],
  "band_raw": {
    "0.678000": [
      5810.7810554841,
      56404.88684416418
    ],
    "0.954000": [
      1794.0932130415047,
      64024.36072136396
    ]
  },
  "band_physical": {
    "0.678000": [
      22525696991.266396,
      218655526296.1047
    ],
    "0.954000": [
      6954865396.78161,
      248192684580.30597
    ]
  },
  "n_evaluations": 28
}