{
  "index": 20,
  "background_scenario": "b",
  "bkg_penalty": true,
  "best_fit_raw": 316876.2935549523,
  "best_fit_physical": 1228382089116.551,
  "levels": [
    0.678,
    0.954
  ],
  "band_raw": {
    "0.678000": [
      249098.10649798543,
      346293.6869378127
    ],
    "0.954000": [
      236787.63447126286,
      373647.1597469781
    ]
  },
  "band_physical": {
    "0.678000": [
      965637564811.7345,
      1342419648489.0222
    ],
    "0.954000": [
      917915587327.8812,
      1448456347217.6016
    ]
  },
  "n_evaluations": 14
}