{
  "index": 4,
  "background_scenario": "b",
  "bkg_penalty": true,
  "best_fit_raw": 316876.2935549563,
  "best_fit_physical": 1228382089116.5667,
  "levels": [
    0.678,
    0.954
  ],
  "band_raw": {
    "0.678000": [
      255491.3081602971,
      1795172.6128162062
    ],
    "0.954000": [
      236787.6344712659,
      2387373.564240369
    ]
  },
  "band_physical": {
    "0.678000": [
      990421035755.5208,
      6959049727945.5625
    ],
    "0.954000": [
      917915587327.893,
      9254737530040.701
    ]
  },
  "n_evaluations": 23
}