{
  "index": 2,
  "background_scenario": "b",
  "best_fit_raw": 316876.2935549563,
  "best_fit_physical": 1228382089116.5667,
  "levels": [
    0.678,
    0.954
  ],
  "band_raw": {
    "0.678000": [
      262048.5938779586,
      3215514.497834341
    ],
    "0.954000": [
      242864.88298831962,
      4687705.442225868
    ]
  },
  "band_physical": {
    "0.678000": [
      1015840584306.8809,
      12465054965524.969
    ],
    "0.954000": [
      941474254799.3815,
      18172054904087.805
    ]
  },
  "n_evaluations": 27
}