{
  "index": 4,
  "background_scenario": "b",
  "best_fit_raw": 316876.2935549563,
  "best_fit_physical": 1228382089116.5667,
  "levels": [
    0.678,
    0.954
  ],
  "band_raw": {
    "0.678000": [
      262048.5938779586,
      1632430.9688533857
    ],
    "0.954000": [
      242864.88298831962,
      2276589.2779650716
    ]
  },
  "band_physical": {
    "0.678000": [
      1015840584306.8809,
      6328176025294.6455
    ],
    "0.954000": [
      941474254799.3815,
      8825278350594.271
    ]
  },
  "n_evaluations": 25
}