{
  "index": 110,
  "background_scenario": "b",
  "bkg_penalty": true,
  "best_fit_raw": 85257.67585376809,
  "best_fit_physical": 330504376971.67584,
  "levels": [
    0.678,
    0.954
  ],
  "band_raw": {
    "0.678000": [
      54722.82846162246,
      111257.2292425198
    ],
    "0.954000": [
      48210.32045292191,
      120045.35247346641
    ]
  },
  "band_physical": {
    "0.678000": [
      212134967857.40823,
      431292559481.2443
    ],
    "0.954000": [
      186889001668.62317,
      465360028059.3941
    ]
  },
  "n_evaluations": 16
}