{
  "index": 160,
  "background_scenario": "b",
  "best_fit_raw": 30313.922089477393,
  "best_fit_physical": 117512984413.68256,
  "levels": [
    0.678,
    0.954
  ],
  "band_raw": {
    "0.678000": [
      0.0,
      41614.845635452686
    ],
    "0.954000": [
      0.0,
      47236.40162046995
    ]
  },
  "band_physical": {
    "0.678000": [
      0.0,
      161321411729.63818
    ],
    "0.954000": [
      0.0,
      183113571084.60626
    ]
  },
  "n_evaluations": 36
}