{
  "index": 130,
  "background_scenario": "b",
  "best_fit_raw": 54007.20179316209,
  "best_fit_physical": 209360815925.21762,
  "levels": [
    0.678,
    0.954
  ],
  "band_raw": {
    "0.678000": [
      31323.040264458337,
      77995.44524412276
    ],
    "0.954000": [
      26231.551780148424,
      86316.14907064708
    ]
  },
  "band_physical": {
    "0.678000": [
      121424866486.15323,
      302352084770.0655
    ],
    "0.954000": [
      101687532427.79187,
      334607585598.73035
    ]
  },
  "n_evaluations": 20
}