{
  "index": 70,
  "background_scenario": "b",
  "bkg_penalty": true,
  "best_fit_raw": 166592.7619119302,
  "best_fit_physical": 645802696734.6633,
  "levels": [
    0.678,
    0.954
  ],
  "band_raw": {
    "0.678000": [
      130959.43872284342,
      201480.84695803002
    ],
    "0.954000": [
      121372.33133352295,
      211955.7365608408
    ]
  },
  "band_physical": {
    "0.678000": [
      507668866999.0385,
      781047584616.3501
    ],
    "0.954000": [
      470504108249.3092,
      821653862319.275
    ]
  },
  "n_evaluations": 16
}