{
  "index": 16,
  "background_scenario": "b",
  "best_fit_raw": 316876.2935549523,
  "best_fit_physical": 1228382089116.551,
  "levels": [
    0.678,
    0.954
  ],
  "band_raw": {
    "0.678000": [
      262048.59387795525,
      373647.1597469781
    ],
    "0.954000": [
      242864.88298831653,
      424121.4170723706
    ]
  },
  "band_physical": {
    "0.678000": [
      1015840584306.8679,
      1448456347217.6016
    ],
    "0.954000": [
      941474254799.3696,
      1644121579742.2295
    ]
  },
  "n_evaluations": 17
}