{
  "index": 140,
  "background_scenario": "flat",
  "best_fit_raw": 0.8184757282206042,
  "best_fit_physical": 117512960264.98123,
  "levels": [
    0.678,
    0.954
  ],
  "band_raw": {
    "0.678000": [
      0.7490670675062174,
      1.4476680840046807
    ],
    "0.954000": [
      0.7120480419089716,
      1.5620182759549883
    ]
  },
  "band_physical": {
    "0.678000": [
      107547585718.92395,
      207849489199.1117
    ],
    "0.954000": [
      102232565206.93518,
      224267360981.53262
    ]
  },
  "n_evaluations": 17
}