{
  "index": 2,
  "background_scenario": "flat",
  "best_fit_raw": 348.5630337601173,
  "best_fit_physical": 1351216851205.7004,
  "levels": [
    0.678,
    0.954
  ],
  "band_raw": {
    "0.678000": [
      274.00721818207353,
      2399.441302961308
    ],
    "0.954000": [
      267.1506898117734,
      2793.4721920881993
    ]
  },
  "band_physical": {
    "0.678000": [
      1062198611727.765,
      9301518543333.412
    ],
    "0.954000": [
      1035619038516.0646,
      10828993133912.73
    ]
  },
  "n_evaluations": 22
}