{
  "index": 3,
  "background_scenario": "flat",
  "best_fit_raw": 342.8527025017356,
  "best_fit_physical": 1329080551383.3787,
  "levels": [
    0.678,
    0.954
  ],
  "band_raw": {
    "0.678000": [
      276.43559095489644,
      1657.8238890934197
    ],
    "0.954000": [
      269.5182970072477,
      1911.8132920480975
    ]
  },
  "band_physical": {
    "0.678000": [
      1071612284130.8622,
      6426612573082.066
    ],
    "0.954000": [
      1044797151022.8613,
      7411211420521.017
    ]
  },
  "n_evaluations": 21
}