{
  "index": 0,
  "background_scenario": "flat",
  "best_fit_raw": 8.555659760300717,
  "best_fit_physical": 1228382065328.5527,
  "levels": [
    0.678,
    0.954
  ],
  "band_raw": {
    "0.678000": [
      8.448614908960055,
      230.33039389699732
    ],
    "0.954000": [
      8.448614908960055,
      273.3000745847881
    ]
  },
  "band_physical": {
    "0.678000": [
      1213013060569.5312,
      33069772862635.2
    ],
    "0.954000": [
      1213013060569.5312,
      39239160915523.55
    ]
  },
  "n_evaluations": 25
}