{
  "index": 50,
  "background_scenario": "flat",
  "best_fit_raw": 213.70827416314216,
  "best_fit_physical": 828447635930.4806,
  "levels": [
    0.678,
    0.954
  ],
  "band_raw": {
    "0.678000": [
      195.58531146332626,
      233.54800499216708
    ],
    "0.954000": [
      190.6911475585959,
      239.54210713423538
    ]
  },
  "band_physical": {
    "0.678000": [
      758193334062.6112,
      905357049789.9346
    ],
    "0.954000": [
      739220935672.2946,
      928593397416.4728
    ]
  },
  "n_evaluations": 15
}