{
  "index": 130,
  "background_scenario": "flat",
  "best_fit_raw": 54.94169269683317,
  "best_fit_physical": 212983402757.55453,
  "levels": [
    0.678,
    0.954
  ],
  "band_raw": {
    "0.678000": [
      43.18995108481332,
      68.15306292698294
    ],
    "0.954000": [
      39.026526336048505,
      69.90223830740568
    ]
  },
  "band_physical": {
    "0.678000": [
      167427363363.8173,
      264197743790.57736
    ],
    "0.954000": [
      151287700994.6588,
      270978483630.49948
    ]
  },
  "n_evaluations": 13
}