{
  "index": 60,
  "background_scenario": "flat",
  "best_fit_raw": 5.312027192586894,
  "best_fit_physical": 762676300451.8978,
  "levels": [
    0.678,
    0.954
  ],
  "band_raw": {
    "0.678000": [
      4.621295941508032,
      5.659908503544727
    ],
    "0.954000": [
      4.505656481567062,
      5.805172299251936
    ]
  },
  "band_physical": {
    "0.678000": [
      663504301499.3116,
      812623490407.5405
    ],
    "0.954000": [
      646901322580.6204,
      833479794466.7863
    ]
  },
  "n_evaluations": 12
}