{
  "index": 130,
  "background_scenario": "flat",
  "best_fit_raw": 1.4581935914763284,
  "best_fit_physical": 209360692889.87173,
  "levels": [
    0.678,
    0.954
  ],
  "band_raw": {
    "0.678000": [
      1.1462935850114606,
      1.808833232495906
    ],
    "0.954000": [
      1.0623772227670254,
      1.9028735778009707
    ]
  },
  "band_physical": {
    "0.678000": [
      164579532248.69208,
      259703911120.71826
    ],
    "0.954000": [
      152531209003.419,
      273205789038.5453
    ]
  },
  "n_evaluations": 14
}