{
  "index": 4,
  "background_scenario": "flat",
  "best_fit_raw": 8.555659760310666,
  "best_fit_physical": 1228382065329.9812,
  "levels": [
    0.678,
    0.954
  ],
  "band_raw": {
    "0.678000": [
      7.443153864578133,
      34.04859677262137
    ],
    "0.954000": [
      7.2569025826754885,
      38.64806338233302
    ]
  },
  "band_physical": {
    "0.678000": [
      1068653613267.0292,
      4888540077197.0
    ],
    "0.954000": [
      1041912515474.0497,
      5548910224180.115
    ]
  },
  "n_evaluations": 18
}