{
  "index": 16,
  "background_scenario": "flat",
  "best_fit_raw": 316.96045966961833,
  "best_fit_physical": 1228708362018.2136,
  "levels": [
    0.678,
    0.954
  ],
  "band_raw": {
    "0.678000": [
      275.7455925552978,
      355.2757921274295
    ],
    "0.954000": [
      268.84556455280807,
      364.3940861873058
    ]
  },
  "band_physical": {
    "0.678000": [
      1068937481083.6626,
      1377239094947.7793
    ],
    "0.954000": [
      1042189280018.9114,
      1412586482348.6846
    ]
  },
  "n_evaluations": 12
}