{
  "index": 40,
  "background_scenario": "flat",
  "best_fit_raw": 237.25845873789692,
  "best_fit_physical": 919740754145.3995,
  "levels": [
    0.678,
    0.954
  ],
  "band_raw": {
    "0.678000": [
      217.13838517144114,
      259.2844845279691
    ],
    "0.954000": [
      211.70489510469466,
      265.939123620974
    ]
  },
  "band_physical": {
    "0.678000": [
      841744581811.1774,
      1005125417262.3701
    ],
    "0.954000": [
      820681466598.2792,
      1030922359594.8972
    ]
  },
  "n_evaluations": 15
}