{
  "index": 90,
  "background_scenario": "flat",
  "best_fit_raw": 120.14722270737177,
  "best_fit_physical": 465754931601.52905,
  "levels": [
    0.678,
    0.954
  ],
  "band_raw": {
    "0.678000": [
      104.52429036054045,
      138.1274417384119
    ],
    "0.954000": [
      99.35868163437831,
      141.6725372935223
    ]
  },
  "band_physical": {
    "0.678000": [
      405192085264.77985,
      535455882620.42255
    ],
    "0.954000": [
      385167421483.79767,
      549198570138.15924
    ]
  },
  "n_evaluations": 13
}