{
  "index": 20,
  "background_scenario": "flat",
  "best_fit_raw": 8.555659760305533,
  "best_fit_physical": 1228382065329.2441,
  "levels": [
    0.678,
    0.954
  ],
  "band_raw": {
    "0.678000": [
      7.2569025826711355,
      8.88785422031485
    ],
    "0.954000": [
      7.075311897693173,
      9.115964522615085
    ]
  },
  "band_physical": {
    "0.678000": [
      1041912515473.4247,
      1276077009764.7864
    ],
    "0.954000": [
      1015840564635.3732,
      1308828032142.0994
    ]
  },
  "n_evaluations": 12
}