{
  "index": 5,
  "background_scenario": "flat",
  "best_fit_raw": 332.34732659286675,
  "best_fit_physical": 1288356092443.5269,
  "levels": [
    0.678,
    0.954
  ],
  "band_raw": {
    "0.678000": [
      274.8427426858142,
      991.3631491385031
    ],
    "0.954000": [
      267.9653068463533,
      1111.1135348727014
    ]
  },
  "band_physical": {
    "0.678000": [
      1065437551832.4309,
      3843054090762.1816
    ],
    "0.954000": [
      1038776930081.7006,
      4307270669889.7
    ]
  },
  "n_evaluations": 20
}