{
  "index": 40,
  "background_scenario": "flat",
  "best_fit_raw": 6.702894972427049,
  "best_fit_physical": 962370664634.8579,
  "levels": [
    0.678,
    0.954
  ],
  "band_raw": {
    "0.678000": [
      5.831306996255556,
      6.963151298443577
    ],
    "0.954000": [
      5.685389227661636,
      7.141863337173885
    ]
  },
  "band_physical": {
    "0.678000": [
      837232093410.5809,
      999737064447.8126
    ],
    "0.954000": [
      816281894948.3606,
      1025395712569.053
    ]
  },
  "n_evaluations": 13
}