{
  "index": 1,
  "background_scenario": "flat",
  "best_fit_raw": 353.25580282680426,
  "best_fit_physical": 1369408535427.981,
  "levels": [
    0.678,
    0.954
  ],
  "band_raw": {
    "0.678000": [
      277.6962284126268,
      3917.1480844691873
    ],
    "0.954000": [
      270.7473893233904,
      4574.882298304073
    ]
  },
  "band_physical": {
    "0.678000": [
      1076499189542.9795,
      15184962224208.506
    ],
    "0.954000": [
      1049561770584.9069,
      17734692021315.64
    ]
  },
  "n_evaluations": 25
}