{
  "index": 2,
  "background_scenario": "flat",
  "best_fit_raw": 8.555659760310666,
  "best_fit_physical": 1228382065329.9812,
  "levels": [
    0.678,
    0.954
  ],
  "band_raw": {
    "0.678000": [
      7.443153864578133,
      64.76698755740445
    ],
    "0.954000": [
      7.2569025826754885,
      75.4028775297152
    ]
  },
  "band_physical": {
    "0.678000": [
      1068653613267.0292,
      9298944578188.416
    ],
    "0.954000": [
      1041912515474.0497,
      10825996477963.25
    ]
  },
  "n_evaluations": 23
}