{
  "index": 140,
  "background_scenario": "flat",
  "best_fit_raw": 43.60159832985733,
  "best_fit_physical": 169023128377.2658,
  "levels": [
    0.678,
    0.954
  ],
  "band_raw": {
    "0.678000": [
      27.985782654335566,
      54.08611072630973
    ],
    "0.954000": [
      25.93703606304083,
      56.89802087785634
    ]
  },
  "band_physical": {
    "0.678000": [
      108487870066.97552,
      209666709177.95172
    ],
    "0.954000": [
      100545831899.17358,
      220567177709.7381
    ]
  },
  "n_evaluations": 15
}