{
  "index": 13,
  "background_scenario": "flat",
  "best_fit_raw": 8.555659760305533,
  "best_fit_physical": 1228382065329.2441,
  "levels": [
    0.678,
    0.954
  ],
  "band_raw": {
    "0.678000": [
      7.443153864573668,
      10.885353874006702
    ],
    "0.954000": [
      7.2569025826711355,
      11.451278039202915
    ]
  },
  "band_physical": {
    "0.678000": [
      1068653613266.3881,
      1562868773210.1367
    ],
    "0.954000": [
      1041912515473.4247,
      1644121547904.2332
    ]
  },
  "n_evaluations": 13
}