{
  "index": 80,
  "background_scenario": "flat",
  "best_fit_raw": 142.7899368381496,
  "best_fit_physical": 553530208745.795,
  "levels": [
    0.678,
    0.954
  ],
  "band_raw": {
    "0.678000": [
      124.22273675842726,
      160.0509034182911
    ],
    "0.954000": [
      121.11429047561982,
      164.15867330933224
    ]
  },
  "band_physical": {
    "0.678000": [
      481553805061.24786,
      620442952359.4418
    ],
    "0.954000": [
      469503803794.3673,
      636366866716.5508
    ]
  },
  "n_evaluations": 12
}