{
  "index": 3,
  "background_scenario": "flat",
  "best_fit_raw": 8.555659760310666,
  "best_fit_physical": 1228382065329.9812,
  "levels": [
    0.678,
    0.954
  ],
  "band_raw": {
    "0.678000": [
      7.443153864578133,
      44.77928406253943
    ],
    "0.954000": [
      7.2569025826754885,
      51.63976164318395
    ]
  },
  "band_physical": {
    "0.678000": [
      1068653613267.0292,
      6429202537472.43
    ],
    "0.954000": [
      1041912515474.0497,
      7414198184302.143
    ]
  },
  "n_evaluations": 23
}