{
  "index": 160,
  "background_scenario": "flat",
  "best_fit_raw": 0.8184757282206038,
  "best_fit_physical": 117512960264.98117,
  "levels": [
    0.678,
    0.954
  ],
  "band_raw": {
    "0.678000": [
      0.1491329835303847,
      0.9174160492565765
    ],
    "0.954000": [
      0.11574884589484097,
      0.9898820395549737
    ]
  },
  "band_physical": {
    "0.678000": [
      21411824155.011055,
      131718354039.79935
    ],
    "0.954000": [
      16618684048.125774,
      142122685829.8348
    ]
  },
  "n_evaluations": 23
}