{
  "index": 150,
  "background_scenario": "flat",
  "best_fit_raw": 0.8184757282206041,
  "best_fit_physical": 117512960264.98122,
  "levels": [
    0.678,
    0.954
  ],
  "band_raw": {
    "0.678000": [
      0.2796782677621694,
      1.3081157812686546
    ],
    "0.954000": [
      0.2543239922171083,
      1.3761240738848652
    ]
  },
  "band_physical": {
    "0.678000": [
      40154912397.91078,
      187813214889.60013
    ],
    "0.954000": [
      36514662758.31352,
      197577531059.6991
    ]
  },
  "n_evaluations": 20
}