{
  "index": 25,
  "background_scenario": "flat",
  "best_fit_raw": 7.866164040534956,
  "best_fit_physical": 1129387458248.5613,
  "levels": [
    0.678,
    0.954
  ],
  "band_raw": {
    "0.678000": [
      6.843314357744786,
      8.596423913870662
    ],
    "0.954000": [
      6.672072959974088,
      8.596423913870662
    ]
  },
  "band_physical": {
    "0.678000": [
      982531430651.891,
      1234234793996.6526
    ],
    "0.954000": [
      957945382613.9165,
      1234234793996.6526
    ]
  },
  "n_evaluations": 12
}