{
  "index": 80,
  "background_scenario": "flat",
  "best_fit_raw": 3.8888579944214983,
  "best_fit_physical": 558344247993.9186,
  "levels": [
    0.678,
    0.954
  ],
  "band_raw": {
    "0.678000": [
      3.3831836726666307,
      4.358957284070399
    ],
    "0.954000": [
      3.2159861433511523,
      4.470831650946309
    ]
  },
  "band_physical": {
    "0.678000": [
      485741867213.99066,
      625838930170.0253
    ],
    "0.954000": [
      461736419109.1726,
      641901334436.9668
    ]
  },
  "n_evaluations": 12
}