{
  "index": 4,
  "background_scenario": "flat",
  "best_fit_raw": 337.0946762936655,
  "best_fit_physical": 1306759360412.2703,
  "levels": [
    0.678,
    0.954
  ],
  "band_raw": {
    "0.678000": [
      271.7930043106987,
      1243.3130602653255
    ],
    "0.954000": [
      264.9918825837991,
      1411.266440085874
    ]
  },
  "band_physical": {
    "0.678000": [
      1053615133833.1064,
      4819746776449.077
    ],
    "0.954000": [
      1027250346421.9078,
      5470823956327.706
    ]
  },
  "n_evaluations": 17
}