{
  "index": 110,
  "background_scenario": "flat",
  "best_fit_raw": 2.301959871710198,
  "best_fit_physical": 330504753664.4251,
  "levels": [
    0.678,
    0.954
  ],
  "band_raw": {
    "0.678000": [
      1.9036619646667416,
      2.580229148203082
    ],
    "0.954000": [
      1.7643011681773062,
      2.7143739857171503
    ]
  },
  "band_physical": {
    "0.678000": [
      273318981979.0766,
      370457369611.345
    ],
    "0.954000": [
      253310203250.8879,
      389717265069.47186
    ]
  },
  "n_evaluations": 15
}