{
  "index": 25,
  "background_scenario": "flat",
  "best_fit_raw": 281.0665798318992,
  "best_fit_physical": 1089564475276.4635,
  "levels": [
    0.678,
    0.954
  ],
  "band_raw": {
    "0.678000": [
      250.79472874129044,
      323.128631320109
    ],
    "0.954000": [
      250.79472874129044,
      323.128631320109
    ]
  },
  "band_physical": {
    "0.678000": [
      972214580568.5513,
      1252619496212.117
    ],
    "0.954000": [
      972214580568.5513,
      1252619496212.117
    ]
  },
  "n_evaluations": 11
}