{
  "index": 120,
  "background_scenario": "flat",
  "best_fit_raw": 67.9071801242716,
  "best_fit_physical": 263244570463.90182,
  "levels": [
    0.678,
    0.954
  ],
  "band_raw": {
    "0.678000": [
      54.75226337945692,
      82.12839506918539
    ],
    "0.954000": [
      52.04639693908717,
      86.3982097170509
    ]
  },
  "band_physical": {
    "0.678000": [
      212249073350.93323,
      318373610026.39984
    ],
    "0.954000": [
      201759686992.60867,
      334925696578.6743
    ]
  },
  "n_evaluations": 15
}