{
  "index": 120,
  "background_scenario": "flat",
  "best_fit_raw": 1.8063705103266756,
  "best_fit_physical": 259350324859.7724,
  "levels": [
    0.678,
    0.954
  ],
  "band_raw": {
    "0.678000": [
      1.4938222324656825,
      2.2407333486985235
    ],
    "0.954000": [
      1.384464447315792,
      2.298242658468428
    ]
  },
  "band_physical": {
    "0.678000": [
      214476088409.27164,
      321714132613.9074
    ],
    "0.954000": [
      198775003309.38254,
      329971053376.2978
    ]
  },
  "n_evaluations": 14
}