{
  "index": 16,
  "background_scenario": "flat",
  "best_fit_raw": 8.555659760305533,
  "best_fit_physical": 1228382065329.2441,
  "levels": [
    0.678,
    0.954
  ],
  "band_raw": {
    "0.678000": [
      7.443153864573668,
      9.589899010380186
    ],
    "0.954000": [
      7.2569025826711355,
      9.836027570554641
    ]
  },
  "band_physical": {
    "0.678000": [
      1068653613266.3881,
      1376873354329.0188
    ],
    "0.954000": [
      1041912515473.4247,
      1412211354851.9397
    ]
  },
  "n_evaluations": 12
}