{
  "index": 100,
  "background_scenario": "flat",
  "best_fit_raw": 99.90835977963943,
  "best_fit_physical": 387298268133.2662,
  "levels": [
    0.678,
    0.954
  ],
  "band_raw": {
    "0.678000": [
      84.74217704157638,
      114.8598014475429
    ],
    "0.954000": [
      80.55420381841446,
      120.8313057276217
    ]
  },
  "band_physical": {
    "0.678000": [
      328506027708.1411,
      445258057252.4812
    ],
    "0.954000": [
      312271202315.1848,
      468406803472.7772
    ]
  },
  "n_evaluations": 15
}