{
  "index": 70,
  "background_scenario": "flat",
  "best_fit_raw": 4.498005280660372,
  "best_fit_physical": 645802798535.0975,
  "levels": [
    0.678,
    0.954
  ],
  "band_raw": {
    "0.678000": [
      4.013554421570831,
      4.915580193869911
    ],
    "0.954000": [
      3.815203859500718,
      5.171138777437292
    ]
  },
  "band_physical": {
    "0.678000": [
      576247584383.1866,
      705756273625.0997
    ],
    "0.954000": [
      547769327893.216,
      742448193300.4921
    ]
  },
  "n_evaluations": 14
}