{
  "index": 70,
  "background_scenario": "flat",
  "best_fit_raw": 165.7045493168378,
  "best_fit_physical": 642359509392.0608,
  "levels": [
    0.678,
    0.954
  ],
  "band_raw": {
    "0.678000": [
      147.85759132931815,
      185.73551754380298
    ],
    "0.954000": [
      144.15772613437989,
      190.50249323946272
    ]
  },
  "band_physical": {
    "0.678000": [
      573175149492.0581,
      720010261745.9905
    ],
    "0.954000": [
      558832492025.8892,
      738489610573.6012
    ]
  },
  "n_evaluations": 11
}