{
  "index": 8,
  "background_scenario": "flat",
  "best_fit_raw": 324.4621843469443,
  "best_fit_physical": 1257789061390.61,
  "levels": [
    0.678,
    0.954
  ],
  "band_raw": {
    "0.678000": [
      275.208520386787,
      619.2191708702708
    ],
    "0.954000": [
      268.3219316308424,
      668.1308183885681
    ]
  },
  "band_physical": {
    "0.678000": [
      1066855501946.125,
      2400424879378.7817
    ],
    "0.954000": [
      1040159398592.9509,
      2590032600065.653
    ]
  },
  "n_evaluations": 14
}