{
  "index": 160,
  "background_scenario": "flat",
  "best_fit_raw": 17.032599260127025,
  "best_fit_physical": 66027469671.25672,
  "levels": [
    0.678,
    0.954
  ],
  "band_raw": {
    "0.678000": [
      5.5152090166748655,
      34.195790036490024
    ],
    "0.954000": [
      4.2806028782953405,
      36.89688927171528
    ]
  },
  "band_physical": {
    "0.678000": [
      21379901594.445515,
      132561181945.06088
    ],
    "0.954000": [
      16593907506.706171,
      143032088065.09134
    ]
  },
  "n_evaluations": 21
}