{
  "index": 150,
  "background_scenario": "flat",
  "best_fit_raw": 31.59874340708768,
  "best_fit_physical": 122493639408.60695,
  "levels": [
    0.678,
    0.954
  ],
  "band_raw": {
    "0.678000": [
      10.199054090723713,
      49.238463101991265
    ],
    "0.954000": [
      9.452415071873057,
      50.50218777890168
    ]
  },
  "band_physical": {
    "0.678000": [
      39536991645.61596,
      190874632783.54474
    ],
    "0.954000": [
      36642619247.15616,
      195773505909.31912
    ]
  },
  "n_evaluations": 19
}