{
  "index": 30,
  "background_scenario": "flat",
  "best_fit_raw": 6.865015105790025,
  "best_fit_physical": 985647123707.6943,
  "levels": [
    0.678,
    0.954
  ],
  "band_raw": {
    "0.678000": [
      6.609487772073566,
      7.6948830848446175
    ],
    "0.954000": [
      6.444097455997071,
      7.892375309979999
    ]
  },
  "band_physical": {
    "0.678000": [
      948959690741.3921,
      1104795730667.4084
    ],
    "0.954000": [
      925213713956.5175,
      1133150751109.4094
    ]
  },
  "n_evaluations": 12
}