{
  "index": 8,
  "background_scenario": "flat",
  "best_fit_raw": 8.555659760310666,
  "best_fit_physical": 1228382065329.9812,
  "levels": [
    0.678,
    0.954
  ],
  "band_raw": {
    "0.678000": [
      7.443153864578133,
      16.32803081101985
    ],
    "0.954000": [
      7.2569025826754885,
      18.069936482865444
    ]
  },
  "band_physical": {
    "0.678000": [
      1068653613267.0292,
      2344303159816.612
    ],
    "0.954000": [
      1041912515474.0497,
      2594397921265.3774
    ]
  },
  "n_evaluations": 15
}