{
  "index": 110,
  "background_scenario": "flat",
  "best_fit_raw": 83.08416814459085,
  "best_fit_physical": 322078697945.4628,
  "levels": [
    0.678,
    0.954
  ],
  "band_raw": {
    "0.678000": [
      70.47191347941502,
      95.51784332732856
    ],
    "0.954000": [
      65.31289776396201,
      100.4837687691685
    ]
  },
  "band_physical": {
    "0.678000": [
      273186849456.98663,
      370278276793.7912
    ],
    "0.954000": [
      253187743713.74084,
      389528861304.89325
    ]
  },
  "n_evaluations": 15
}