{
  "index": 60,
  "background_scenario": "flat",
  "best_fit_raw": 189.05282204428974,
  "best_fit_physical": 732869909234.3785,
  "levels": [
    0.678,
    0.954
  ],
  "band_raw": {
    "0.678000": [
      173.0206994902136,
      206.60364976265396
    ],
    "0.954000": [
      164.46998623485024,
      211.90621434522444
    ]
  },
  "band_physical": {
    "0.678000": [
      670720822677.566,
      800906309738.0033
    ],
    "0.954000": [
      637573682213.9381,
      821461887709.8965
    ]
  },
  "n_evaluations": 15
}