{
  "index": 90,
  "background_scenario": "flat",
  "best_fit_raw": 3.3038195730288242,
  "best_fit_physical": 474347136783.2187,
  "levels": [
    0.678,
    0.954
  ],
  "band_raw": {
    "0.678000": [
      2.802296662547054,
      3.703197291792768
    ],
    "0.954000": [
      2.6638066709535515,
      3.8957246877940244
    ]
  },
  "band_physical": {
    "0.678000": [
      402340796436.9389,
      531687942842.1328
    ],
    "0.954000": [
      382457043848.935,
      559330136075.4036
    ]
  },
  "n_evaluations": 15
}