{
  "index": 20,
  "background_scenario": "flat",
  "best_fit_raw": 310.8852919226466,
  "best_fit_physical": 1205157760725.08,
  "levels": [
    0.678,
    0.954
  ],
  "band_raw": {
    "0.678000": [
      270.4603884260266,
      331.24497363935313
    ],
    "0.954000": [
      263.69261296891,
      331.24497363935313
    ]
  },
  "band_physical": {
    "0.678000": [
      1048449201519.1465,
      1284082782475.1812
    ],
    "0.954000": [
      1022213682094.7723,
      1284082782475.1812
    ]
  },
  "n_evaluations": 12
}