{
  "index": 100,
  "background_scenario": "flat",
  "best_fit_raw": 2.682510004740466,
  "best_fit_physical": 385142382026.16187,
  "levels": [
    0.678,
    0.954
  ],
  "band_raw": {
    "0.678000": [
      2.27530246957215,
      3.1631026512568954
    ],
    "0.954000": [
      2.162856623243618,
      3.2442849348654272
    ]
  },
  "band_physical": {
    "0.678000": [
      326677407134.5208,
      454143651857.95996
    ],
    "0.954000": [
      310532952490.40533,
      465799428735.608
    ]
  },
  "n_evaluations": 14
}