{
  "index": 167,
  "background_scenario": "flat",
  "best_fit_raw": 10.185274378989378,
  "best_fit_physical": 39483574108.76665,
  "levels": [
    0.678,
    0.954
  ],
  "band_raw": {
    "0.678000": [
      0.0,
      26.597043901756727
    ],
    "0.954000": [
      0.0,
      29.248578166733022
    ]
  },
  "band_physical": {
    "0.678000": [
      0.0,
      103104375483.04234
    ],
    "0.954000": [
      0.0,
      113383141253.85838
    ]
  },
  "n_evaluations": 37
}