{
  "index": 5,
  "background_scenario": "flat",
  "best_fit_raw": 8.555659760310666,
  "best_fit_physical": 1228382065329.9812,
  "levels": [
    0.678,
    0.954
  ],
  "band_raw": {
    "0.678000": [
      7.443153864578133,
      27.10490472429817
    ],
    "0.954000": [
      7.2569025826754885,
      29.99650799358061
    ]
  },
  "band_physical": {
    "0.678000": [
      1068653613267.0292,
      3891596881898.0664
    ],
    "0.954000": [
      1041912515474.0497,
      4306759907958.7373
    ]
  },
  "n_evaluations": 19
}