{
  "index": 1,
  "background_scenario": "flat",
  "best_fit_raw": 8.555659760310666,
  "best_fit_physical": 1228382065329.9812,
  "levels": [
    0.678,
    0.954
  ],
  "band_raw": {
    "0.678000": [
      7.443153864578133,
      105.99469862119969
    ],
    "0.954000": [
      7.2569025826754885,
      123.79242754666299
    ]
  },
  "band_physical": {
    "0.678000": [
      1068653613267.0292,
      15218228687674.04
    ],
    "0.954000": [
      1041912515474.0497,
      17773544306588.965
    ]
  },
  "n_evaluations": 24
}