{
  "index": 13,
  "background_scenario": "flat",
  "best_fit_raw": 319.031678873411,
  "best_fit_physical": 1236737516058.2017,
  "levels": [
    0.678,
    0.954
  ],
  "band_raw": {
    "0.678000": [
      277.54748786822427,
      405.90355610769757
    ],
    "0.954000": [
      270.6023707384651,
      416.32123180233646
    ]
  },
  "band_physical": {
    "0.678000": [
      1075922591594.8663,
      1573499401415.2822
    ],
    "0.954000": [
      1048999600943.5216,
      1613883887392.2996
    ]
  },
  "n_evaluations": 13
}