{
  "index": 0,
  "background_scenario": "flat",
  "best_fit_raw": 316.8762874247274,
  "best_fit_physical": 1228382065352.5188,
  "levels": [
    0.678,
    0.954
  ],
  "band_raw": {
    "0.678000": [
      312.9116633009219,
      8530.755329684856
    ],
    "0.954000": [
      312.9116633009219,
      10122.22498481927
    ]
  },
  "band_physical": {
    "0.678000": [
      1213013060593.1975,
      33069772863280.4
    ],
    "0.954000": [
      1213013060593.1975,
      39239160916289.125
    ]
  },
  "n_evaluations": 25
}