{
  "index": 30,
  "background_scenario": "flat",
  "best_fit_raw": 259.8012308838779,
  "best_fit_physical": 1007128602672.9712,
  "levels": [
    0.678,
    0.954
  ],
  "band_raw": {
    "0.678000": [
      243.87192529142152,
      283.9200279214259
    ],
    "0.954000": [
      237.76947738667604,
      291.2069480027899
    ]
  },
  "band_physical": {
    "0.678000": [
      945378089681.553,
      1100625967084.7505
    ],
    "0.954000": [
      921721735898.0024,
      1128873968891.2312
    ]
  },
  "n_evaluations": 13
}