{
  "index": 50,
  "background_scenario": "flat",
  "best_fit_raw": 6.010661963257457,
  "best_fit_physical": 862983050200.0297,
  "levels": [
    0.678,
    0.954
  ],
  "band_raw": {
    "0.678000": [
      5.2290861340736665,
      6.2440406460384965
    ],
    "0.954000": [
      5.098237838664183,
      6.404296424771594
    ]
  },
  "band_physical": {
    "0.678000": [
      750768006806.3551,
      896490482284.7477
    ],
    "0.954000": [
      731981413619.7448,
      919499265940.9691
    ]
  },
  "n_evaluations": 13
}