{
  "index": 50,
  "background_scenario": "a",
  "bkg_penalty": true,
  "best_fit_raw": 8249670.582939081,
  "best_fit_physical": 685445343864.1074,
  "levels": [
    0.678,
    0.954
  ],
  "band_raw": {
    "0.678000": [
      5713322.842107656,
      10496044.274213653
    ],
    "0.954000": [
      5033386.117133504,
      11325118.763550382
    ]
  },
  "band_physical": {
    "0.678000": [
      474706292905.08496,
      872091146479.2242
    ],
    "0.954000": [
      418211981093.4609,
      940976957460.2869
    ]
  },
  "n_evaluations": 18
}