{
  "index": 8,
  "background_scenario": "a",
  "bkg_penalty": true,
  "best_fit_raw": 12574166.738476288,
  "best_fit_physical": 1044757358152.4603,
  "levels": [
    0.678,
    0.954
  ],
  "band_raw": {
    "0.678000": [
      9637273.58508135,
      17261771.87734388
    ],
    "0.954000": [
      8708259.72081574,
      22811199.014747806
    ]
  },
  "band_physical": {
    "0.678000": [
      800737949476.418,
      1434239227035.2217
    ],
    "0.954000": [
      723548415513.3301,
      1895327818901.3308
    ]
  },
  "n_evaluations": 18
}