{
  "index": 40,
  "background_scenario": "a",
  "bkg_penalty": true,
  "best_fit_raw": 8862147.17569974,
  "best_fit_physical": 736334555077.1908,
  "levels": [
    0.678,
    0.954
  ],
  "band_raw": {
    "0.678000": [
      6792254.203384601,
      11564682.358910426
    ],
    "0.954000": [
      5834178.454316609,
      12478167.751174878
    ]
  },
  "band_physical": {
    "0.678000": [
      564352112153.3934,
      960881722062.4615
    ],
    "0.954000": [
      484747895880.0924,
      1036781032528.3192
    ]
  },
  "n_evaluations": 18
}