{
  "index": 5,
  "background_scenario": "a",
  "bkg_penalty": true,
  "best_fit_raw": 12574166.738476286,
  "best_fit_physical": 1044757358152.4602,
  "levels": [
    0.678,
    0.954
  ],
  "band_raw": {
    "0.678000": [
      9884618.032497939,
      22029265.600458585
    ],
    "0.954000": [
      8931760.65908314,
      33465254.338441145
    ]
  },
  "band_physical": {
    "0.678000": [
      821289206415.4484,
      1830358846789.312
    ],
    "0.954000": [
      742118572460.1385,
      2780547724529.9106
    ]
  },
  "n_evaluations": 22
}