{
  "index": 70,
  "background_scenario": "a",
  "bkg_penalty": true,
  "best_fit_raw": 6103106.737404545,
  "best_fit_physical": 507092501961.3599,
  "levels": [
    0.678,
    0.954
  ],
  "band_raw": {
    "0.678000": [
      3917292.604208381,
      8593356.458971966
    ],
    "0.954000": [
      3280545.6596076554,
      9510112.222684253
    ]
  },
  "band_physical": {
    "0.678000": [
      325478447789.2851,
      714001379054.8689
    ],
    "0.954000": [
      272572671248.47565,
      790172416841.1193
    ]
  },
  "n_evaluations": 20
}