{
  "index": 30,
  "background_scenario": "a",
  "bkg_penalty": true,
  "best_fit_raw": 9810134.771983301,
  "best_fit_physical": 815100570929.668,
  "levels": [
    0.678,
    0.954
  ],
  "band_raw": {
    "0.678000": [
      7711798.092485909,
      12481420.66613958
    ],
    "0.954000": [
      6968396.2078048475,
      13467318.514379345
    ]
  },
  "band_physical": {
    "0.678000": [
      640754808591.5621,
      1037051309431.3936
    ],
    "0.954000": [
      578987328865.9783,
      1118967197200.1912
    ]
  },
  "n_evaluations": 15
}