{
  "index": 90,
  "background_scenario": "a",
  "bkg_penalty": true,
  "best_fit_raw": 4615849.702328248,
  "best_fit_physical": 383519881749.0514,
  "levels": [
    0.678,
    0.954
  ],
  "band_raw": {
    "0.678000": [
      2585328.8781006224,
      6837147.170150891
    ],
    "0.954000": [
      2058090.4813746018,
      7377208.18271151
    ]
  },
  "band_physical": {
    "0.678000": [
      214808776185.11502,
      568082161096.9037
    ],
    "0.954000": [
      171001802257.01477,
      612954535422.7072
    ]
  },
  "n_evaluations": 25
}