{
  "index": 60,
  "background_scenario": "a",
  "bkg_penalty": true,
  "best_fit_raw": 7113322.710006019,
  "best_fit_physical": 591028924362.136,
  "levels": [
    0.678,
    0.954
  ],
  "band_raw": {
    "0.678000": [
      4682882.519386883,
      9765144.399932835
    ],
    "0.954000": [
      4022342.4331039917,
      10536485.668620486
    ]
  },
  "band_physical": {
    "0.678000": [
      389089477756.1887,
      811362428814.6989
    ],
    "0.954000": [
      334206786135.19806,
      875451324951.4246
    ]
  },
  "n_evaluations": 15
}