{
  "index": 4,
  "background_scenario": "a",
  "bkg_penalty": true,
  "best_fit_raw": 12574166.738476288,
  "best_fit_physical": 1044757358152.4603,
  "levels": [
    0.678,
    0.954
  ],
  "band_raw": {
    "0.678000": [
      9884618.032497939,
      26138972.932707362
    ],
    "0.954000": [
      8931760.659083141,
      41246887.81497398
    ]
  },
  "band_physical": {
    "0.678000": [
      821289206415.4484,
      2171824572870.524
    ],
    "0.954000": [
      742118572460.1387,
      3427104987698.3774
    ]
  },
  "n_evaluations": 21
}