{
  "index": 3,
  "background_scenario": "a",
  "bkg_penalty": true,
  "best_fit_raw": 12574166.738488708,
  "best_fit_physical": 1044757358153.4923,
  "levels": [
    0.678,
    0.954
  ],
  "band_raw": {
    "0.678000": [
      9884618.032507703,
      27937899.003632843
    ],
    "0.954000": [
      8931760.659091963,
      55379335.802332714
    ]
  },
  "band_physical": {
    "0.678000": [
      821289206416.2596,
      2321293025807.5044
    ],
    "0.954000": [
      742118572460.8716,
      4601336197653.619
    ]
  },
  "n_evaluations": 20
}