{
  "index": 16,
  "background_scenario": "a",
  "bkg_penalty": true,
  "best_fit_raw": 10998229.01248289,
  "best_fit_physical": 913816472011.39,
  "levels": [
    0.678,
    0.954
  ],
  "band_raw": {
    "0.678000": [
      9095254.225349832,
      14352167.992501765
    ],
    "0.954000": [
      8218489.941367017,
      16290935.62804688
    ]
  },
  "band_physical": {
    "0.678000": [
      755702860780.8143,
      1192487218236.415
    ],
    "0.954000": [
      682854619135.2356,
      1353574771400.9165
    ]
  },
  "n_evaluations": 16
}