{
  "index": 13,
  "background_scenario": "a",
  "bkg_penalty": true,
  "best_fit_raw": 12574166.738476288,
  "best_fit_physical": 1044757358152.4603,
  "levels": [
    0.678,
    0.954
  ],
  "band_raw": {
    "0.678000": [
      9396118.479070436,
      15597771.654224
    ],
    "0.954000": [
      8490351.483843533,
      17704802.096289024
    ]
  },
  "band_physical": {
    "0.678000": [
      780700950071.1223,
      1295981439204.8616
    ],
    "0.954000": [
      705442942704.3755,
      1471049545424.7903
    ]
  },
  "n_evaluations": 15
}