{
  "index": 0,
  "background_scenario": "a",
  "bkg_penalty": true,
  "best_fit_raw": 12574166.738484068,
  "best_fit_physical": 1044757358153.1068,
  "levels": [
    0.678,
    0.954
  ],
  "band_raw": {
    "0.678000": [
      10665396.431821628,
      141435613.70583904
    ],
    "0.954000": [
      9637273.585087314,
      294933555.43573767
    ]
  },
  "band_physical": {
    "0.678000": [
      886162211104.0096,
      11751545943146.152
    ],
    "0.954000": [
      800737949476.9136,
      24505321793187.273
    ]
  },
  "n_evaluations": 26
}