{
  "index": 140,
  "background_scenario": "a",
  "bkg_penalty": true,
  "best_fit_raw": 1477501.2636170406,
  "best_fit_physical": 122762036558.65591,
  "levels": [
    0.678,
    0.954
  ],
  "band_raw": {
    "0.678000": [
      0.0,
      3508464.6849502204
    ],
    "0.954000": [
      0.0,
      4084616.9157112194
    ]
  },
  "band_physical": {
    "0.678000": [
      0.0,
      291509916454.6289
    ],
    "0.954000": [
      0.0,
      339381023544.50116
    ]
  },
  "n_evaluations": 39
}