{
  "index": 160,
  "background_scenario": "a",
  "bkg_penalty": true,
  "best_fit_raw": 1477501.26361704,
  "best_fit_physical": 122762036558.65585,
  "levels": [
    0.678,
    0.954
  ],
  "band_raw": {
    "0.678000": [
      0.0,
      2302303.3072712347
    ],
    "0.954000": [
      0.0,
      2680382.411804553
    ]
  },
  "band_physical": {
    "0.678000": [
      0.0,
      191292860274.40118
    ],
    "0.954000": [
      0.0,
      222706546337.2872
    ]
  },
  "n_evaluations": 34
}