{
  "index": 20,
  "background_scenario": "a",
  "bkg_penalty": true,
  "best_fit_raw": 10998229.01248289,
  "best_fit_physical": 913816472011.39,
  "levels": [
    0.678,
    0.954
  ],
  "band_raw": {
    "0.678000": [
      8645765.169446453,
      13642881.33802475
    ],
    "0.954000": [
      7812330.7298520245,
      15485834.737647977
    ]
  },
  "band_physical": {
    "0.678000": [
      718355893118.37,
      1133554291171.2217
    ],
    "0.954000": [
      649107824326.6986,
      1286680869260.6243
    ]
  },
  "n_evaluations": 15
}