{
  "index": 110,
  "background_scenario": "a",
  "bkg_penalty": true,
  "best_fit_raw": 3319880.6274198084,
  "best_fit_physical": 275840919388.4249,
  "levels": [
    0.678,
    0.954
  ],
  "band_raw": {
    "0.678000": [
      1567105.0359977197,
      5173174.694648143
    ],
    "0.954000": [
      1113066.4857718484,
      5725058.902018332
    ]
  },
  "band_physical": {
    "0.678000": [
      130206999112.43518,
      429826678749.5047
    ],
    "0.954000": [
      92482024877.6147,
      475681413976.9153
    ]
  },
  "n_evaluations": 22
}