{
  "index": 80,
  "background_scenario": "a",
  "bkg_penalty": true,
  "best_fit_raw": 5407387.421756887,
  "best_fit_physical": 449286852541.4633,
  "levels": [
    0.678,
    0.954
  ],
  "band_raw": {
    "0.678000": [
      3216661.955919648,
      7809173.13921633
    ],
    "0.954000": [
      2693800.919180949,
      8426013.737768674
    ]
  },
  "band_physical": {
    "0.678000": [
      267264727518.9045,
      648845467693.5088
    ],
    "0.954000": [
      223821457934.09427,
      700097273681.7935
    ]
  },
  "n_evaluations": 21
}