{
  "index": 130,
  "background_scenario": "a",
  "bkg_penalty": true,
  "best_fit_raw": 2603195.5990851023,
  "best_fit_physical": 216293279182.63565,
  "levels": [
    0.678,
    0.954
  ],
  "band_raw": {
    "0.678000": [
      585552.1859033345,
      3855938.2500379905
    ],
    "0.954000": [
      239670.48319809182,
      4604367.674298588
    ]
  },
  "band_physical": {
    "0.678000": [
      48652126819.09274,
      320380661645.08966
    ],
    "0.954000": [
      19913645656.292984,
      382565867576.9796
    ]
  },
  "n_evaluations": 28
}