{
  "index": 150,
  "background_scenario": "a",
  "bkg_penalty": true,
  "best_fit_raw": 1477501.2636170401,
  "best_fit_physical": 122762036558.65587,
  "levels": [
    0.678,
    0.954
  ],
  "band_raw": {
    "0.678000": [
      0.0,
      2966330.7530268403
    ],
    "0.954000": [
      0.0,
      3282784.6122258445
    ]
  },
  "band_physical": {
    "0.678000": [
      0.0,
      246465308230.3776
    ],
    "0.954000": [
      0.0,
      272758700451.92578
    ]
  },
  "n_evaluations": 34
}