{
  "index": 100,
  "background_scenario": "a",
  "bkg_penalty": true,
  "best_fit_raw": 3799188.648531107,
  "best_fit_physical": 315665473356.3012,
  "levels": [
    0.678,
    0.954
  ],
  "band_raw": {
    "0.678000": [
      2087856.8523472918,
      5920052.189361541
    ],
    "0.954000": [
      1630778.9924125706,
      6551614.721648723
    ]
  },
  "band_physical": {
    "0.678000": [
      173475018633.5762,
      491882938577.2516
    ],
    "0.954000": [
      135497515444.10867,
      544357954732.5083
    ]
  },
  "n_evaluations": 23
}