{
  "index": 1,
  "background_scenario": "a",
  "bkg_penalty": true,
  "best_fit_raw": 12574166.738488708,
  "best_fit_physical": 1044757358153.4923,
  "levels": [
    0.678,
    0.954
  ],
  "band_raw": {
    "0.678000": [
      9884618.032507703,
      71575640.12500337
    ],
    "0.954000": [
      8931760.659091963,
      131492847.23950188
    ]
  },
  "band_physical": {
    "0.678000": [
      821289206416.2596,
      5947048280841.498
    ],
    "0.954000": [
      742118572460.8716,
      10925425322818.188
    ]
  },
  "n_evaluations": 26
}