{
  "index": 25,
  "background_scenario": "a",
  "bkg_penalty": true,
  "best_fit_raw": 10998229.0127579,
  "best_fit_physical": 913816472034.2397,
  "levels": [
    0.678,
    0.954
  ],
  "band_raw": {
    "0.678000": [
      8012837.29556093,
      13301493.240746554
    ],
    "0.954000": [
      7426243.977852283,
      14352167.992860638
    ]
  },
  "band_physical": {
    "0.678000": [
      665767434004.1542,
      1105189172906.5117
    ],
    "0.954000": [
      617028802040.265,
      1192487218266.233
    ]
  },
  "n_evaluations": 15
}