{
  "index": 120,
  "background_scenario": "a",
  "bkg_penalty": true,
  "best_fit_raw": 2637549.9626430273,
  "best_fit_physical": 219147700859.89554,
  "levels": [
    0.678,
    0.954
  ],
  "band_raw": {
    "0.678000": [
      1100370.09662047,
      4548395.134581486
    ],
    "0.954000": [
      630105.5405414057,
      5162816.682963898
    ]
  },
  "band_physical": {
    "0.678000": [
      91427112352.2956,
      377915243488.70624
    ],
    "0.954000": [
      52353958205.34819,
      428966056399.8877
    ]
  },
  "n_evaluations": 22
}