{
  "index": 60,
  "background_scenario": "flat",
  "best_fit_raw": 5014974.717130043,
  "best_fit_physical": 593283866903.1812,
  "levels": [
    0.678,
    0.954
  ],
  "band_raw": {
    "0.678000": [
      3473128.9347754354,
      6544304.499997914
    ],
    "0.954000": [
      3059795.4021559106,
      7242463.467161144
    ]
  },
  "band_physical": {
    "0.678000": [
      410879711444.7077,
      774207348780.5326
    ],
    "0.954000": [
      361981336002.1292,
      856801274994.5363
    ]
  },
  "n_evaluations": 18
}