{
  "index": 100,
  "background_scenario": "flat",
  "best_fit_raw": 2667630.6540572103,
  "best_fit_physical": 315587279932.33954,
  "levels": [
    0.678,
    0.954
  ],
  "band_raw": {
    "0.678000": [
      1627606.2134577576,
      3951381.555641908
    ],
    "0.954000": [
      1231647.9789024317,
      4372922.52546623
    ]
  },
  "band_physical": {
    "0.678000": [
      192549825788.24896,
      467458175000.07733
    ],
    "0.954000": [
      145706990922.75687,
      517327510488.6944
    ]
  },
  "n_evaluations": 21
}