{
  "index": 120,
  "background_scenario": "flat",
  "best_fit_raw": 1852433.14485729,
  "best_fit_physical": 219147405789.81372,
  "levels": [
    0.678,
    0.954
  ],
  "band_raw": {
    "0.678000": [
      908294.6094228274,
      3036607.265607229
    ],
    "0.954000": [
      586649.0180329913,
      3360558.358078153
    ]
  },
  "band_physical": {
    "0.678000": [
      107453490508.1389,
      359238122308.3713
    ],
    "0.954000": [
      69402024449.83571,
      397562334825.76733
    ]
  },
  "n_evaluations": 22
}