{
  "index": 160,
  "background_scenario": "flat",
  "best_fit_raw": 1037697.6711857164,
  "best_fit_physical": 122762191588.83614,
  "levels": [
    0.678,
    0.954
  ],
  "band_raw": {
    "0.678000": [
      0.0,
      1498609.2447982854
    ],
    "0.954000": [
      0.0,
      1789486.1161446925
    ]
  },
  "band_physical": {
    "0.678000": [
      0.0,
      177289166522.37784
    ],
    "0.954000": [
      0.0,
      211700617179.47205
    ]
  },
  "n_evaluations": 36
}