{
  "index": 150,
  "background_scenario": "flat",
  "best_fit_raw": 1037697.6711857173,
  "best_fit_physical": 122762191588.83624,
  "levels": [
    0.678,
    0.954
  ],
  "band_raw": {
    "0.678000": [
      0.0,
      1930836.2523634154
    ],
    "0.954000": [
      0.0,
      2247913.8671974307
    ]
  },
  "band_physical": {
    "0.678000": [
      0.0,
      228422686608.1943
    ],
    "0.954000": [
      0.0,
      265933749783.56705
    ]
  },
  "n_evaluations": 34
}