{
  "index": 140,
  "background_scenario": "flat",
  "best_fit_raw": 1037697.6711857173,
  "best_fit_physical": 122762191588.83624,
  "levels": [
    0.678,
    0.954
  ],
  "band_raw": {
    "0.678000": [
      212936.06452416067,
      2327540.5569819575
    ],
    "0.954000": [
      41008.93428713349,
      2658748.15538505
    ]
  },
  "band_physical": {
    "0.678000": [
      25190861148.814728,
      275353783400.6257
    ],
    "0.954000": [
      4851457980.105727,
      314536458451.23
    ]
  },
  "n_evaluations": 30
}