{
  "index": 70,
  "background_scenario": "flat",
  "best_fit_raw": 4494193.298274781,
  "best_fit_physical": 531674141746.56213,
  "levels": [
    0.678,
    0.954
  ],
  "band_raw": {
    "0.678000": [
      2958642.5490906546,
      5864709.412252346
    ],
    "0.954000": [
      2541313.693078174,
      6327958.31193705
    ]
  },
  "band_physical": {
    "0.678000": [
      350014704224.3347,
      693809575246.6243
    ],
    "0.954000": [
      300643672179.12067,
      748613061614.1226
    ]
  },
  "n_evaluations": 16
}