{
  "index": 130,
  "background_scenario": "flat",
  "best_fit_raw": 1828254.9457690157,
  "best_fit_physical": 216287065257.9166,
  "levels": [
    0.678,
    0.954
  ],
  "band_raw": {
    "0.678000": [
      570789.3506047991,
      2574237.535546188
    ],
    "0.954000": [
      322736.08669603243,
      2996973.0713991523
    ]
  },
  "band_physical": {
    "0.678000": [
      67525786711.795616,
      304538643873.79614
    ],
    "0.954000": [
      38180474340.21737,
      354549299467.24316
    ]
  },
  "n_evaluations": 28
}