{
  "index": 110,
  "background_scenario": "flat",
  "best_fit_raw": 2331688.9515279,
  "best_fit_physical": 275844548697.8564,
  "levels": [
    0.678,
    0.954
  ],
  "band_raw": {
    "0.678000": [
      1187581.3372289792,
      3453773.745832721
    ],
    "0.954000": [
      927593.6203944802,
      3920327.980873324
    ]
  },
  "band_physical": {
    "0.678000": [
      140493798624.0678,
      408589944897.85925
    ],
    "0.954000": [
      109736611062.57742,
      463784460582.9454
    ]
  },
  "n_evaluations": 24
}