{
  "index": 40,
  "background_scenario": "b",
  "best_fit_raw": 248254.8070457467,
  "best_fit_physical": 962368484845.9523,
  "levels": [
    0.678,
    0.954
  ],
  "band_raw": {
    "0.678000": [
      185509.83365465293,
      300244.66976195434
    ],
    "0.954000": [
      163432.4975349399,
      323960.76601266454
    ]
  },
  "band_physical": {
    "0.678000": [
      719135390217.6602,
      1163909014936.578
    ],
    "0.954000": [
      633551820804.4489,
      1255845295594.5833
    ]
  },
  "n_evaluations": 19
}