{
  "index": 40,
  "background_scenario": "b",
  "bkg_penalty": true,
  "best_fit_raw": 248254.7649622078,
  "best_fit_physical": 962368321707.6345,
  "levels": [
    0.678,
    0.954
  ],
  "band_raw": {
    "0.678000": [
      176341.87530966953,
      307950.5160453117
    ],
    "0.954000": [
      155355.60856307947,
      340803.2682697302
    ]
  },
  "band_physical": {
    "0.678000": [
      683595477470.0022,
      1193780998888.9526
    ],
    "0.954000": [
      602241476829.172,
      1321135847552.1936
    ]
  },
  "n_evaluations": 18
}