{
  "index": 2,
  "background_scenario": "b",
  "best_fit_raw": 628030889.3587335,
  "best_fit_physical": 2434583815801.988,
  "levels": [
    0.678,
    0.954
  ],
  "band_raw": {
    "0.678000": [
      259523505.3718856,
      3441584800.7155576
    ],
    "0.954000": [
      240524647.86060065,
      5129774899.463236
    ]
  },
  "band_physical": {
    "0.678000": [
      1006051989964.6023,
      13341424440265.373
    ],
    "0.954000": [
      932402251075.2756,
      19885752692343.73
    ]
  },
  "n_evaluations": 31
}