{
  "index": 160,
  "background_scenario": "b",
  "best_fit_raw": 30313.913989661818,
  "best_fit_physical": 117512953014.4628,
  "levels": [
    0.678,
    0.954
  ],
  "band_raw": {
    "0.678000": [
      0.0,
      43778.36918436807
    ],
    "0.954000": [
      0.0,
      48448.72965030586
    ]
  },
  "band_physical": {
    "0.678000": [
      0.0,
      169708386807.68597
    ],
    "0.954000": [
      0.0,
      187813203301.57465
    ]
  },
  "n_evaluations": 36
}