{
  "index": 80,
  "background_scenario": "b",
  "best_fit_raw": 142803236.86048743,
  "best_fit_physical": 553581766749.8392,
  "levels": [
    0.678,
    0.954
  ],
  "band_raw": {
    "0.678000": [
      109449309.13382019,
      177141939.21241575
    ],
    "0.954000": [
      101436887.19168308,
      191134245.16652286
    ]
  },
  "band_physical": {
    "0.678000": [
      424284093637.47455,
      686696953308.5906
    ],
    "0.954000": [
      393223658368.7225,
      740938619122.8347
    ]
  },
  "n_evaluations": 14
}