{
  "index": 90,
  "background_scenario": "b",
  "best_fit_raw": 120151038.7043092,
  "best_fit_physical": 465769724447.7766,
  "levels": [
    0.678,
    0.954
  ],
  "band_raw": {
    "0.678000": [
      87536886.43085054,
      156791415.23609093
    ],
    "0.954000": [
      81128600.48427272,
      164942923.38221577
    ]
  },
  "band_physical": {
    "0.678000": [
      339339816880.4286,
      607807431860.9435
    ],
    "0.954000": [
      314497871178.5221,
      639407039687.8728
    ]
  },
  "n_evaluations": 14
}