{
  "index": 1,
  "background_scenario": "b",
  "best_fit_raw": 321093958.24751836,
  "best_fit_physical": 1244732014534.209,
  "levels": [
    0.678,
    0.954
  ],
  "band_raw": {
    "0.678000": [
      258891930.71111998,
      5799493229.331002
    ],
    "0.954000": [
      239939308.6919552,
      8644300960.19824
    ]
  },
  "band_physical": {
    "0.678000": [
      1003603668594.3898,
      22481939336454.258
    ],
    "0.954000": [
      930133163215.2911,
      33509936490717.863
    ]
  },
  "n_evaluations": 27
}