{
  "index": 5,
  "background_scenario": "b",
  "best_fit_raw": 316876.28452627384,
  "best_fit_physical": 1228382054116.5618,
  "levels": [
    0.678,
    0.954
  ],
  "band_raw": {
    "0.678000": [
      255491.3008806427,
      1349870.2784742871
    ],
    "0.954000": [
      236787.62772453093,
      1912583.7471031386
    ]
  },
  "band_physical": {
    "0.678000": [
      990421007535.6846,
      5232819577968.934
    ],
    "0.954000": [
      917915561173.9377,
      7414198116620.824
    ]
  },
  "n_evaluations": 24
}