{
  "index": 60,
  "background_scenario": "b",
  "best_fit_raw": 189171474.89561662,
  "best_fit_physical": 733329871182.8014,
  "levels": [
    0.678,
    0.954
  ],
  "band_raw": {
    "0.678000": [
      152525350.02058035,
      223063024.08083457
    ],
    "0.954000": [
      141359473.58966732,
      240682601.31852478
    ]
  },
  "band_physical": {
    "0.678000": [
      591269880114.973,
      864711652774.8491
    ],
    "0.954000": [
      547984967687.01447,
      933014563206.4587
    ]
  },
  "n_evaluations": 15
}