{
  "index": 4,
  "background_scenario": "b",
  "best_fit_raw": 507239329.16968304,
  "best_fit_physical": 1966331087306.4055,
  "levels": [
    0.678,
    0.954
  ],
  "band_raw": {
    "0.678000": [
      259177104.4021078,
      1690513746.6050873
    ],
    "0.954000": [
      240203605.76017514,
      2535770619.907631
    ]
  },
  "band_physical": {
    "0.678000": [
      1004709154430.4135,
      6553335954666.119
    ],
    "0.954000": [
      931157720089.411,
      9830003931999.178
    ]
  },
  "n_evaluations": 21
}