{
  "index": 8,
  "background_scenario": "b",
  "best_fit_raw": 361332856.6868561,
  "best_fit_physical": 1400719518598.1272,
  "levels": [
    0.678,
    0.954
  ],
  "band_raw": {
    "0.678000": [
      256664211.73772904,
      765545550.134391
    ],
    "0.954000": [
      237874673.656915,
      1018087729.0376831
    ]
  },
  "band_physical": {
    "0.678000": [
      994967837697.1062,
      2967664231483.0737
    ],
    "0.954000": [
      922129532936.8838,
      3946652864021.7026
    ]
  },
  "n_evaluations": 24
}