{
  "index": 20,
  "background_scenario": "b",
  "best_fit_raw": 316876.28452619864,
  "best_fit_physical": 1228382054116.2703,
  "levels": [
    0.678,
    0.954
  ],
  "band_raw": {
    "0.678000": [
      255491.30088058207,
      346293.6770708695
    ],
    "0.954000": [
      236787.6277244747,
      373647.14910065266
    ]
  },
  "band_physical": {
    "0.678000": [
      990421007535.4496,
      1342419610239.47
    ],
    "0.954000": [
      917915561173.7198,
      1448456305946.7468
    ]
  },
  "n_evaluations": 14
}