{
  "index": 13,
  "background_scenario": "b",
  "best_fit_raw": 316876.28452627314,
  "best_fit_physical": 1228382054116.559,
  "levels": [
    0.678,
    0.954
  ],
  "band_raw": {
    "0.678000": [
      255491.30088064214,
      457622.4295712203
    ],
    "0.954000": [
      236787.6277245304,
      546445.9711539596
    ]
  },
  "band_physical": {
    "0.678000": [
      990421007535.6824,
      1773989432143.5017
    ],
    "0.954000": [
      917915561173.9358,
      2118317012941.8884
    ]
  },
  "n_evaluations": 17
}