{
  "index": 20,
  "background_scenario": "b",
  "best_fit_raw": 283290864.2166619,
  "best_fit_physical": 1098186991870.215,
  "levels": [
    0.678,
    0.954
  ],
  "band_raw": {
    "0.678000": [
      252779449.9388575,
      351411453.6320137
    ],
    "0.954000": [
      234274302.4213425,
      369681161.3364159
    ]
  },
  "band_physical": {
    "0.678000": [
      979908422047.2875,
      1362258850951.6182
    ],
    "0.954000": [
      908172567301.0789,
      1433082014987.3665
    ]
  },
  "n_evaluations": 13
}