{
  "index": 140,
  "background_scenario": "b",
  "best_fit_raw": 30313.91398966182,
  "best_fit_physical": 117512953014.4628,
  "levels": [
    0.678,
    0.954
  ],
  "band_raw": {
    "0.678000": [
      20993.95066622391,
      64225.2193025834
    ],
    "0.954000": [
      13645.743688959476,
      74772.1413026898
    ]
  },
  "band_physical": {
    "0.678000": [
      81383787625.35516,
      248971319929.9161
    ],
    "0.954000": [
      52898205012.88512,
      289856833752.6573
    ]
  },
  "n_evaluations": 23
}