{
  "index": 16,
  "background_scenario": "b",
  "best_fit_raw": 288122900.2986317,
  "best_fit_physical": 1116918549572.0137,
  "levels": [
    0.678,
    0.954
  ],
  "band_raw": {
    "0.678000": [
      257091058.87923932,
      385636588.318859
    ],
    "0.954000": [
      238270272.7308985,
      426777039.8673975
    ]
  },
  "band_physical": {
    "0.678000": [
      996622525643.4323,
      1494933788465.1482
    ],
    "0.954000": [
      923663086651.1763,
      1654416194843.4849
    ]
  },
  "n_evaluations": 14
}