{
  "index": 40,
  "background_scenario": "b",
  "best_fit_raw": 248255.40324444248,
  "best_fit_physical": 962370796031.1509,
  "levels": [
    0.678,
    0.954
  ],
  "band_raw": {
    "0.678000": [
      200163.59387826658,
      278265.4187513406
    ],
    "0.954000": [
      190271.47403099437,
      292732.3002723785
    ]
  },
  "band_physical": {
    "0.678000": [
      775941206755.5702,
      1078705675896.1564
    ],
    "0.954000": [
      737594056492.4147,
      1134787050575.365
    ]
  },
  "n_evaluations": 13
}