{
  "index": 0,
  "background_scenario": "b",
  "best_fit_raw": 316876.28278324567,
  "best_fit_physical": 1228382047359.6519,
  "levels": [
    0.678,
    0.954
  ],
  "band_raw": {
    "0.678000": [
      305081.6180359978,
      12846083.371690596
    ],
    "0.954000": [
      282747.60177002416,
      19514833.36228404
    ]
  },
  "band_physical": {
    "0.678000": [
      1182659614923.5972,
      49798293687584.27
    ],
    "0.954000": [
      1096081015901.9509,
      75649937410564.6
    ]
  },
  "n_evaluations": 32
}