{
  "index": 1,
  "background_scenario": "b",
  "best_fit_raw": 316876.28452627384,
  "best_fit_physical": 1228382054116.5618,
  "levels": [
    0.678,
    0.954
  ],
  "band_raw": {
    "0.678000": [
      255491.3008806427,
      5723314.996880331
    ],
    "0.954000": [
      236787.62772453093,
      8530755.251654409
    ]
  },
  "band_physical": {
    "0.678000": [
      990421007535.6846,
      22186631740947.01
    ],
    "0.954000": [
      917915561173.9377,
      33069772560792.63
    ]
  },
  "n_evaluations": 27
}