{
  "index": 30,
  "background_scenario": "b",
  "best_fit_raw": 271084417.08062273,
  "best_fit_physical": 1050868270531.226,
  "levels": [
    0.678,
    0.954
  ],
  "band_raw": {
    "0.678000": [
      224179882.69571555,
      311652622.3639262
    ],
    "0.954000": [
      213100873.6511331,
      327855288.0910989
    ]
  },
  "band_physical": {
    "0.678000": [
      869041194449.3114,
      1208132344149.8203
    ],
    "0.954000": [
      826093026497.5638,
      1270942547311.1687
    ]
  },
  "n_evaluations": 15
}