{
  "index": 50,
  "background_scenario": "b",
  "best_fit_raw": 213363899.81877682,
  "best_fit_physical": 827112656680.9323,
  "levels": [
    0.678,
    0.954
  ],
  "band_raw": {
    "0.678000": [
      176446490.53600228,
      251589711.13122827
    ],
    "0.954000": [
      167726474.0874855,
      264669735.80400342
    ]
  },
  "band_physical": {
    "0.678000": [
      684001022071.7593,
      975296357744.1395
    ],
    "0.954000": [
      650197571829.4263,
      1026001533107.6389
    ]
  },
  "n_evaluations": 17
}