{
  "index": 4,
  "background_scenario": "b",
  "best_fit_raw": 316876.28452627384,
  "best_fit_physical": 1228382054116.5618,
  "levels": [
    0.678,
    0.954
  ],
  "band_raw": {
    "0.678000": [
      255491.3008806427,
      1736469.6912382483
    ],
    "0.954000": [
      236787.62772453093,
      2491715.679260548
    ]
  },
  "band_physical": {
    "0.678000": [
      990421007535.6846,
      6731485789235.606
    ],
    "0.954000": [
      917915561173.9377,
      9659223406195.71
    ]
  },
  "n_evaluations": 24
}