{
  "index": 100,
  "background_scenario": "b",
  "best_fit_raw": 99352.21797849094,
  "best_fit_physical": 385142364894.5743,
  "levels": [
    0.678,
    0.954
  ],
  "band_raw": {
    "0.678000": [
      72383.75893894248,
      129649.93920717144
    ],
    "0.954000": [
      63769.44160480999,
      139890.88849554287
    ]
  },
  "band_physical": {
    "0.678000": [
      280598185575.872,
      502592546101.9711
    ],
    "0.954000": [
      247204481665.423,
      542291945953.7457
    ]
  },
  "n_evaluations": 18
}