{
  "index": 70,
  "background_scenario": "b",
  "best_fit_raw": 166592.67753989235,
  "best_fit_physical": 645802369663.4933,
  "levels": [
    0.678,
    0.954
  ],
  "band_raw": {
    "0.678000": [
      130959.37239754456,
      201480.74491668408
    ],
    "0.954000": [
      121372.26986367986,
      211955.62921441573
    ]
  },
  "band_physical": {
    "0.678000": [
      507668609886.68634,
      781047189049.4862
    ],
    "0.954000": [
      470503869959.302,
      821653446187.0854
    ]
  },
  "n_evaluations": 16
}