{
  "index": 5,
  "background_scenario": "b",
  "best_fit_raw": 460236113.42266047,
  "best_fit_physical": 1784121469455.9282,
  "levels": [
    0.678,
    0.954
  ],
  "band_raw": {
    "0.678000": [
      260247893.10666078,
      1351319245.9679098
    ],
    "0.954000": [
      241196005.56506628,
      1926805218.4340062
    ]
  },
  "band_physical": {
    "0.678000": [
      1008860104478.2848,
      5238436551384.363
    ],
    "0.954000": [
      935004792812.6333,
      7469328150072.482
    ]
  },
  "n_evaluations": 22
}