{
  "index": 150,
  "background_scenario": "b",
  "best_fit_raw": 30313.913989661825,
  "best_fit_physical": 117512953014.46281,
  "levels": [
    0.678,
    0.954
  ],
  "band_raw": {
    "0.678000": [
      6200.53881333993,
      56404.87177289827
    ],
    "0.954000": [
      2686.836309039183,
      62422.25177408154
    ]
  },
  "band_physical": {
    "0.678000": [
      24036606638.287056,
      218655467871.81268
    ],
    "0.954000": [
      10415615385.375597,
      241982052937.34967
    ]
  },
  "n_evaluations": 26
}