{
  "index": 25,
  "background_scenario": "b",
  "best_fit_raw": 281472436.908493,
  "best_fit_physical": 1091137794498.4094,
  "levels": [
    0.678,
    0.954
  ],
  "band_raw": {
    "0.678000": [
      238744656.9379515,
      331900425.2985565
    ],
    "0.954000": [
      221266950.19903767,
      349155764.28793705
    ]
  },
  "band_physical": {
    "0.678000": [
      925502053702.8488,
      1286623663869.035
    ],
    "0.954000": [
      857749109246.0233,
      1353514591929.3057
    ]
  },
  "n_evaluations": 17
}