{
  "index": 90,
  "background_scenario": "b",
  "best_fit_raw": 122363.70924932286,
  "best_fit_physical": 474347219583.5533,
  "levels": [
    0.678,
    0.954
  ],
  "band_raw": {
    "0.678000": [
      89148.94315792067,
      155683.17509477254
    ],
    "0.954000": [
      82622.64386987762,
      163777.06638396543
    ]
  },
  "band_physical": {
    "0.678000": [
      345589011441.36346,
      603511300002.1573
    ],
    "0.954000": [
      320289582873.4895,
      634887554058.1486
    ]
  },
  "n_evaluations": 13
}