{
  "index": 80,
  "background_scenario": "b",
  "best_fit_raw": 144031.72065428083,
  "best_fit_physical": 558344027353.6105,
  "levels": [
    0.678,
    0.954
  ],
  "band_raw": {
    "0.678000": [
      110390.86133857968,
      174195.0414483686
    ],
    "0.954000": [
      99749.40348575715,
      187954.5742076391
    ]
  },
  "band_physical": {
    "0.678000": [
      427934053851.662,
      675273200552.5791
    ],
    "0.954000": [
      386682068473.245,
      728612512895.8333
    ]
  },
  "n_evaluations": 16
}