{
  "index": 16,
  "background_scenario": "b",
  "best_fit_raw": 316876.28452619864,
  "best_fit_physical": 1228382054116.2703,
  "levels": [
    0.678,
    0.954
  ],
  "band_raw": {
    "0.678000": [
      255491.30088058207,
      383236.9513208731
    ],
    "0.954000": [
      236787.6277244747,
      435006.6489967969
    ]
  },
  "band_physical": {
    "0.678000": [
      990421007535.4496,
      1485631511303.1743
    ],
    "0.954000": [
      917915561173.7198,
      1686318563877.0688
    ]
  },
  "n_evaluations": 15
}