{
  "index": 3,
  "background_scenario": "b",
  "best_fit_raw": 562362680.2100223,
  "best_fit_physical": 2180018695017.2498,
  "levels": [
    0.678,
    0.954
  ],
  "band_raw": {
    "0.678000": [
      260458090.61546063,
      2357980586.7814693
    ],
    "0.954000": [
      236846223.1284219,
      3448464667.2858286
    ]
  },
  "band_physical": {
    "0.678000": [
      1009674942508.8927,
      9140794619855.602
    ],
    "0.954000": [
      918142708316.555,
      13368094484829.52
    ]
  },
  "n_evaluations": 29
}