{
  "index": 3,
  "background_scenario": "b",
  "best_fit_raw": 316876.28452627384,
  "best_fit_physical": 1228382054116.5618,
  "levels": [
    0.678,
    0.954
  ],
  "band_raw": {
    "0.678000": [
      255491.3008806427,
      2353616.2383159744
    ],
    "0.954000": [
      236787.62772453093,
      3442081.959318108
    ]
  },
  "band_physical": {
    "0.678000": [
      990421007535.6846,
      9123876069636.736
    ],
    "0.954000": [
      917915561173.9377,
      13343351693061.637
    ]
  },
  "n_evaluations": 23
}