{
  "index": 50,
  "background_scenario": "b",
  "best_fit_raw": 222617.1126444109,
  "best_fit_physical": 862983061419.2448,
  "levels": [
    0.678,
    0.954
  ],
  "band_raw": {
    "0.678000": [
      179491.92945392907,
      249527.87839310846
    ],
    "0.954000": [
      166351.91892873897,
      262500.70940138726
    ]
  },
  "band_physical": {
    "0.678000": [
      695806773074.1802,
      967303590668.2357
    ],
    "0.954000": [
      644869060445.4905,
      1017593226023.8132
    ]
  },
  "n_evaluations": 13
}