{
  "index": 60,
  "background_scenario": "b",
  "best_fit_raw": 196741.98972328025,
  "best_fit_physical": 762677237990.7275,
  "levels": [
    0.678,
    0.954
  ],
  "band_raw": {
    "0.678000": [
      154659.90389784804,
      226184.73494963476
    ],
    "0.954000": [
      143337.76383714835,
      237943.96747327002
    ]
  },
  "band_physical": {
    "0.678000": [
      599544553242.6907,
      876813074675.5369
    ],
    "0.954000": [
      555653879361.7158,
      922398152851.432
    ]
  },
  "n_evaluations": 14
}