{
  "index": 40,
  "background_scenario": "b",
  "best_fit_raw": 238213862.97776178,
  "best_fit_physical": 923444412260.526,
  "levels": [
    0.678,
    0.954
  ],
  "band_raw": {
    "0.678000": [
      202052775.11054897,
      280891739.534819
    ],
    "0.954000": [
      187261159.68987936,
      288100937.39412606
    ]
  },
  "band_physical": {
    "0.678000": [
      783264684200.9675,
      1088886700719.7754
    ],
    "0.954000": [
      725924467146.5171,
      1116833409600.7742
    ]
  },
  "n_evaluations": 14
}