{
  "index": 130,
  "background_scenario": "b",
  "best_fit_raw": 54007.166227241316,
  "best_fit_physical": 209360678052.67572,
  "levels": [
    0.678,
    0.954
  ],
  "band_raw": {
    "0.678000": [
      29775.030523548816,
      79997.17658748692
    ],
    "0.954000": [
      24311.21061949629,
      88531.42895644566
    ]
  },
  "band_physical": {
    "0.678000": [
      115423952318.10915,
      310111866676.8345
    ],
    "0.954000": [
      94243262424.901,
      343195195935.7694
    ]
  },
  "n_evaluations": 20
}