{
  "index": 70,
  "background_scenario": "b",
  "best_fit_raw": 165706762.88920277,
  "best_fit_physical": 642368090383.1332,
  "levels": [
    0.678,
    0.954
  ],
  "band_raw": {
    "0.678000": [
      130262950.27164221,
      200409300.80287662
    ],
    "0.954000": [
      120726830.4983516,
      216239477.8086728
    ]
  },
  "band_physical": {
    "0.678000": [
      504968905038.6978,
      776893698284.6044
    ],
    "0.954000": [
      468001801574.5539,
      838259935825.7932
    ]
  },
  "n_evaluations": 16
}