{
  "index": 30,
  "background_scenario": "b",
  "best_fit_raw": 254259.81082585393,
  "best_fit_physical": 985647093055.5048,
  "levels": [
    0.678,
    0.954
  ],
  "band_raw": {
    "0.678000": [
      221198.0077018211,
      315399.5451621027
    ],
    "0.954000": [
      210266.36344140177,
      331797.0115527317
    ]
  },
  "band_physical": {
    "0.678000": [
      857481851232.4633,
      1222657422068.8613
    ],
    "0.954000": [
      815104948045.9075,
      1286222776848.695
    ]
  },
  "n_evaluations": 13
}