{
  "index": 13,
  "background_scenario": "b",
  "best_fit_raw": 299692988.88020563,
  "best_fit_physical": 1161770404608.7256,
  "levels": [
    0.678,
    0.954
  ],
  "band_raw": {
    "0.678000": [
      260723438.1524396,
      443915032.5459722
    ],
    "0.954000": [
      235590221.10259187,
      543682659.4443098
    ]
  },
  "band_physical": {
    "0.678000": [
      1010703571562.0775,
      1720852225805.5833
    ],
    "0.954000": [
      913273772319.1194,
      2107604937978.189
    ]
  },
  "n_evaluations": 19
}