{
  "index": 8,
  "background_scenario": "b",
  "best_fit_raw": 316876.28452627384,
  "best_fit_physical": 1228382054116.5618,
  "levels": [
    0.678,
    0.954
  ],
  "band_raw": {
    "0.678000": [
      255491.3008806427,
      766890.3331279755
    ],
    "0.954000": [
      236787.62772453093,
      1019876.1360942542
    ]
  },
  "band_physical": {
    "0.678000": [
      990421007535.6846,
      2972877330022.3667
    ],
    "0.954000": [
      917915561173.9377,
      3953585686833.0776
    ]
  },
  "n_evaluations": 20
}