{
  "index": 25,
  "background_scenario": "b",
  "best_fit_raw": 291339.51164155273,
  "best_fit_physical": 1129387856496.0676,
  "levels": [
    0.678,
    0.954
  ],
  "band_raw": {
    "0.678000": [
      234901.4882527748,
      334938.9233771848
    ],
    "0.954000": [
      223292.61558478983,
      343535.2636377003
    ]
  },
  "band_physical": {
    "0.678000": [
      910603875220.1283,
      1298402508463.9678
    ],
    "0.954000": [
      865601672309.3118,
      1331726523616.706
    ]
  },
  "n_evaluations": 13
}