{
  "index": 120,
  "background_scenario": "b",
  "best_fit_raw": 66902.63558952307,
  "best_fit_physical": 259350418268.54037,
  "levels": [
    0.678,
    0.954
  ],
  "band_raw": {
    "0.678000": [
      42941.60513213311,
      94200.90789858444
    ],
    "0.954000": [
      35961.54552801728,
      104250.4415907186
    ]
  },
  "band_physical": {
    "0.678000": [
      166464641549.71588,
      365173130318.35205
    ],
    "0.954000": [
      139406195168.4156,
      404130500883.6895
    ]
  },
  "n_evaluations": 20
}