{
  "index": 110,
  "background_scenario": "b",
  "best_fit_raw": 85257.77593552085,
  "best_fit_physical": 330504764942.10803,
  "levels": [
    0.678,
    0.954
  ],
  "band_raw": {
    "0.678000": [
      57567.908830757704,
      111257.35984446734
    ],
    "0.954000": [
      49447.71548642992,
      120045.49339156164
    ]
  },
  "band_physical": {
    "0.678000": [
      223164021903.5001,
      431293065764.28424
    ],
    "0.954000": [
      191685807006.3485,
      465360574333.3431
    ]
  },
  "n_evaluations": 18
}