{
  "index": 2,
  "background_scenario": "b",
  "best_fit_raw": 316876.28452627384,
  "best_fit_physical": 1228382054116.5618,
  "levels": [
    0.678,
    0.954
  ],
  "band_raw": {
    "0.678000": [
      255491.3008806427,
      3436690.574822371
    ],
    "0.954000": [
      236787.62772453093,
      5122479.92386538
    ]
  },
  "band_physical": {
    "0.678000": [
      990421007535.6846,
      13322451801574.627
    ],
    "0.954000": [
      917915561173.9377,
      19857473463044.445
    ]
  },
  "n_evaluations": 25
}