{
  "index": 140,
  "background_scenario": "b",
  "best_fit_raw": 6838821.809753052,
  "best_fit_physical": 122735801423.20805,
  "levels": [
    0.678,
    0.954
  ],
  "band_raw": {
    "0.678000": [
      0.0,
      16551021.935027525
    ],
    "0.954000": [
      0.0,
      19268993.77329206
    ]
  },
  "band_physical": {
    "0.678000": [
      0.0,
      297039899280.84595
    ],
    "0.954000": [
      0.0,
      345819127793.4768
    ]
  },
  "n_evaluations": 39
}