{
  "index": 1,
  "background_scenario": "b",
  "bkg_penalty": true,
  "best_fit_raw": 8831344.898898592,
  "best_fit_physical": 1044769863679.928,
  "levels": [
    0.678,
    0.954
  ],
  "band_raw": {
    "0.678000": [
      6599273.313727418,
      64360362.68499881
    ],
    "0.954000": [
      5963116.588653075,
      99647606.47395308
    ]
  },
  "band_physical": {
    "0.678000": [
      780710294898.511,
      7613989502004.733
    ],
    "0.954000": [
      705451386709.1273,
      11788557396824.926
    ]
  },
  "n_evaluations": 24
}