{
  "index": 0,
  "background_scenario": "b",
  "bkg_penalty": true,
  "best_fit_raw": 8831344.898898592,
  "best_fit_physical": 1044769863679.928,
  "levels": [
    0.678,
    0.954
  ],
  "band_raw": {
    "0.678000": [
      7120544.852759864,
      99335941.02906258
    ],
    "0.954000": [
      6273136.071387541,
      223505867.31539083
    ]
  },
  "band_physical": {
    "0.678000": [
      842378002479.8418,
      11751686606690.504
    ],
    "0.954000": [
      742127455464.5221,
      26441294865053.633
    ]
  },
  "n_evaluations": 24
}