{
  "index": 70,
  "background_scenario": "b",
  "bkg_penalty": true,
  "best_fit_raw": 4286414.058212669,
  "best_fit_physical": 507093345639.01965,
  "levels": [
    0.678,
    0.954
  ],
  "band_raw": {
    "0.678000": [
      2549834.874582015,
      6349176.346322821
    ],
    "0.954000": [
      2081931.4570264928,
      7026518.667464415
    ]
  },
  "band_physical": {
    "0.678000": [
      301651748948.8628,
      751123207367.2958
    ],
    "0.954000": [
      246297621647.6153,
      831254473060.7018
    ]
  },
  "n_evaluations": 20
}