{
  "index": 50,
  "background_scenario": "b",
  "bkg_penalty": true,
  "best_fit_raw": 5793831.145816389,
  "best_fit_physical": 685424501669.5068,
  "levels": [
    0.678,
    0.954
  ],
  "band_raw": {
    "0.678000": [
      3814227.4291671887,
      7754722.981242973
    ],
    "0.954000": [
      3276214.761812355,
      8582011.715626175
    ]
  },
  "band_physical": {
    "0.678000": [
      451232503863.8494,
      917402837816.8381
    ],
    "0.954000": [
      387584279548.60535,
      1015273133693.6613
    ]
  },
  "n_evaluations": 16
}