{
  "index": 90,
  "background_scenario": "b",
  "bkg_penalty": true,
  "best_fit_raw": 3241865.6399536585,
  "best_fit_physical": 383520693789.8483,
  "levels": [
    0.678,
    0.954
  ],
  "band_raw": {
    "0.678000": [
      1651154.683085,
      4801957.151039476
    ],
    "0.954000": [
      1241576.81520636,
      5450631.213144495
    ]
  },
  "band_physical": {
    "0.678000": [
      195335667773.13095,
      568083363918.225
    ],
    "0.954000": [
      146881596724.0827,
      644823103923.4746
    ]
  },
  "n_evaluations": 24
}