{
  "index": 100,
  "background_scenario": "b",
  "bkg_penalty": true,
  "best_fit_raw": 2668186.1907083597,
  "best_fit_physical": 315653001287.1202,
  "levels": [
    0.678,
    0.954
  ],
  "band_raw": {
    "0.678000": [
      1283648.294258309,
      4264386.032578794
    ],
    "0.954000": [
      947060.2390065526,
      4840442.112033396
    ]
  },
  "band_physical": {
    "0.678000": [
      151858756368.1817,
      504487375925.2209
    ],
    "0.954000": [
      112039560013.89519,
      572636229638.1857
    ]
  },
  "n_evaluations": 22
}