{
  "index": 8,
  "background_scenario": "b",
  "best_fit_raw": 58317985.74990744,
  "best_fit_physical": 1046628340015.2781,
  "levels": [
    0.678,
    0.954
  ],
  "band_raw": {
    "0.678000": [
      44696908.77272706,
      82113464.67968279
    ],
    "0.954000": [
      40388216.32220262,
      117083104.32238631
    ]
  },
  "band_physical": {
    "0.678000": [
      802171934285.0913,
      1473683943734.9045
    ],
    "0.954000": [
      724844167059.5933,
      2101281337909.88
    ]
  },
  "n_evaluations": 18
}