{
  "index": 160,
  "background_scenario": "b",
  "bkg_penalty": true,
  "best_fit_raw": 1037694.1220572913,
  "best_fit_physical": 122761771718.19771,
  "levels": [
    0.678,
    0.954
  ],
  "band_raw": {
    "0.678000": [
      0.0,
      1744701.53903815
    ],
    "0.954000": [
      0.0,
      2031212.5271751853
    ]
  },
  "band_physical": {
    "0.678000": [
      0.0,
      206402491349.9168
    ],
    "0.954000": [
      0.0,
      240297447264.96252
    ]
  },
  "n_evaluations": 35
}