{
  "index": 40,
  "background_scenario": "b",
  "bkg_penalty": true,
  "best_fit_raw": 6224389.8244762635,
  "best_fit_physical": 736360654334.747,
  "levels": [
    0.678,
    0.954
  ],
  "band_raw": {
    "0.678000": [
      4534823.094683565,
      8331001.991822746
    ],
    "0.954000": [
      3895167.407008507,
      9219769.2773376
    ]
  },
  "band_physical": {
    "0.678000": [
      536480746781.3902,
      985578064831.256
    ],
    "0.954000": [
      460807902694.222,
      1090721424801.9824
    ]
  },
  "n_evaluations": 18
}