{
  "index": 4,
  "background_scenario": "b",
  "bkg_penalty": true,
  "best_fit_raw": 8831344.898898438,
  "best_fit_physical": 1044769863679.9097,
  "levels": [
    0.678,
    0.954
  ],
  "band_raw": {
    "0.678000": [
      6599273.313727302,
      19621914.277345352
    ],
    "0.954000": [
      5963116.58865297,
      36972938.3260306
    ]
  },
  "band_physical": {
    "0.678000": [
      780710294898.4973,
      2321320811198.0835
    ],
    "0.954000": [
      705451386709.115,
      4373989712433.371
    ]
  },
  "n_evaluations": 20
}