{
  "index": 3,
  "background_scenario": "b",
  "bkg_penalty": true,
  "best_fit_raw": 8831344.898898438,
  "best_fit_physical": 1044769863679.9097,
  "levels": [
    0.678,
    0.954
  ],
  "band_raw": {
    "0.678000": [
      6599273.313727302,
      28696367.760303296
    ],
    "0.954000": [
      5963116.58865297,
      44149307.12402704
    ]
  },
  "band_physical": {
    "0.678000": [
      780710294898.4973,
      3394851019438.7573
    ],
    "0.954000": [
      705451386709.115,
      5222971825195.6875
    ]
  },
  "n_evaluations": 20
}