{
  "index": 13,
  "background_scenario": "b",
  "best_fit_raw": 56114917.485839255,
  "best_fit_physical": 1007090045773.5967,
  "levels": [
    0.678,
    0.954
  ],
  "band_raw": {
    "0.678000": [
      41932195.11928466,
      73227309.75396596
    ],
    "0.954000": [
      37890015.52554457,
      83119246.51663473
    ]
  },
  "band_physical": {
    "0.678000": [
      752553834062.4753,
      1314204814621.87
    ],
    "0.954000": [
      680009152283.1234,
      1491734631886.942
    ]
  },
  "n_evaluations": 15
}