{
  "index": 80,
  "background_scenario": "b",
  "bkg_penalty": true,
  "best_fit_raw": 3797787.6021310394,
  "best_fit_physical": 449287631814.5626,
  "levels": [
    0.678,
    0.954
  ],
  "band_raw": {
    "0.678000": [
      2087086.9026034246,
      5625406.898246067
    ],
    "0.954000": [
      1630177.6016294337,
      6225536.105246388
    ]
  },
  "band_physical": {
    "0.678000": [
      246907523563.38037,
      665499498152.0488
    ],
    "0.954000": [
      192854027345.35556,
      736496262174.51
    ]
  },
  "n_evaluations": 25
}