{
  "index": 60,
  "background_scenario": "b",
  "bkg_penalty": true,
  "best_fit_raw": 4995942.237863585,
  "best_fit_physical": 591032277706.2529,
  "levels": [
    0.678,
    0.954
  ],
  "band_raw": {
    "0.678000": [
      3126415.9091868573,
      7034435.795670429
    ],
    "0.954000": [
      2552707.9004091164,
      7784882.910361209
    ]
  },
  "band_physical": {
    "0.678000": [
      369862706149.69196,
      832191088836.8069
    ],
    "0.954000": [
      301991634983.89966,
      920970831751.4182
    ]
  },
  "n_evaluations": 20
}