{
  "index": 130,
  "background_scenario": "b",
  "best_fit_raw": 12203809.391084248,
  "best_fit_physical": 219020814944.27542,
  "levels": [
    0.678,
    0.954
  ],
  "band_raw": {
    "0.678000": [
      2693394.3408201453,
      18076680.616620935
    ],
    "0.954000": [
      1235590.4836867568,
      21585325.92916115
    ]
  },
  "band_physical": {
    "0.678000": [
      48338138083.646126,
      324420776600.4736
    ],
    "0.954000": [
      22175046004.256023,
      387390160263.9376
    ]
  },
  "n_evaluations": 28
}