{
  "index": 60,
  "background_scenario": "b",
  "best_fit_raw": 33421917.900391534,
  "best_fit_physical": 599820552826.0931,
  "levels": [
    0.678,
    0.954
  ],
  "band_raw": {
    "0.678000": [
      22002504.522952344,
      44733391.13559243
    ],
    "0.954000": [
      18898959.60678958,
      49505635.176642776
    ]
  },
  "band_physical": {
    "0.678000": [
      394877231936.5096,
      802826680404.9138
    ],
    "0.954000": [
      339178153479.02966,
      888473771857.1465
    ]
  },
  "n_evaluations": 16
}