{
  "index": 16,
  "background_scenario": "b",
  "bkg_penalty": true,
  "best_fit_raw": 7724833.0540498225,
  "best_fit_physical": 913866785775.3324,
  "levels": [
    0.678,
    0.954
  ],
  "band_raw": {
    "0.678000": [
      6072531.539640598,
      10876795.520002557
    ],
    "0.954000": [
      5215975.670356279,
      12987958.427955132
    ]
  },
  "band_physical": {
    "0.678000": [
      718395445030.5317,
      1286751712542.0796
    ],
    "0.954000": [
      617062774975.0311,
      1536507486866.1936
    ]
  },
  "n_evaluations": 19
}