{
  "index": 13,
  "background_scenario": "b",
  "bkg_penalty": true,
  "best_fit_raw": 8831344.898898438,
  "best_fit_physical": 1044769863679.9097,
  "levels": [
    0.678,
    0.954
  ],
  "band_raw": {
    "0.678000": [
      6273136.071387431,
      11820267.370446587
    ],
    "0.954000": [
      5388284.097265926,
      14114556.160621718
    ]
  },
  "band_physical": {
    "0.678000": [
      742127455464.5092,
      1398366757346.5457
    ],
    "0.954000": [
      637447286479.6997,
      1669786774795.1455
    ]
  },
  "n_evaluations": 21
}