{
  "index": 140,
  "background_scenario": "b",
  "bkg_penalty": true,
  "best_fit_raw": 1037694.1220572913,
  "best_fit_physical": 122761771718.19771,
  "levels": [
    0.678,
    0.954
  ],
  "band_raw": {
    "0.678000": [
      0.0,
      2709754.7983475355
    ],
    "0.954000": [
      0.0,
      3037076.0051416336
    ]
  },
  "band_physical": {
    "0.678000": [
      0.0,
      320570670003.9158
    ],
    "0.954000": [
      0.0,
      359293575350.35614
    ]
  },
  "n_evaluations": 38
}