{
  "index": 5,
  "background_scenario": "b",
  "bkg_penalty": true,
  "best_fit_raw": 8831344.898898438,
  "best_fit_physical": 1044769863679.9097,
  "levels": [
    0.678,
    0.954
  ],
  "band_raw": {
    "0.678000": [
      6599273.313727302,
      18012826.765659306
    ],
    "0.954000": [
      5963116.58865297,
      29525216.733022623
    ]
  },
  "band_physical": {
    "0.678000": [
      780710294898.4973,
      2130961793463.0874
    ],
    "0.954000": [
      705451386709.115,
      3492905895355.4727
    ]
  },
  "n_evaluations": 21
}