{
  "index": 80,
  "background_scenario": "b",
  "best_fit_raw": 24133022.540602446,
  "best_fit_physical": 433113472566.4306,
  "levels": [
    0.678,
    0.954
  ],
  "band_raw": {
    "0.678000": [
      15102229.372445494,
      35746620.321593374
    ],
    "0.954000": [
      12330918.646988025,
      38570218.4519337
    ]
  },
  "band_physical": {
    "0.678000": [
      271038532201.66626,
      641541805795.394
    ],
    "0.954000": [
      221302034842.3299,
      692216701130.4585
    ]
  },
  "n_evaluations": 20
}