{
  "index": 3,
  "background_scenario": "b",
  "best_fit_raw": 58317985.74990745,
  "best_fit_physical": 1046628340015.2782,
  "levels": [
    0.678,
    0.954
  ],
  "band_raw": {
    "0.678000": [
      45844072.65720307,
      158694791.4818532
    ],
    "0.954000": [
      40388216.32220263,
      291540947.97593594
    ]
  },
  "band_physical": {
    "0.678000": [
      822759995012.7633,
      2848083040625.015
    ],
    "0.954000": [
      724844167059.5934,
      5232262645954.274
    ]
  },
  "n_evaluations": 20
}