{
  "index": 40,
  "background_scenario": "b",
  "best_fit_raw": 42572439.61788764,
  "best_fit_physical": 764044252124.0734,
  "levels": [
    0.678,
    0.954
  ],
  "band_raw": {
    "0.678000": [
      31016451.061122753,
      54164855.02036145
    ],
    "0.954000": [
      27325214.851015456,
      58443295.38730325
    ]
  },
  "band_physical": {
    "0.678000": [
      556649827147.3572,
      972092426858.5371
    ],
    "0.954000": [
      490403498891.84094,
      1048877262300.3846
    ]
  },
  "n_evaluations": 18
}