{
  "index": 8,
  "background_scenario": "b",
  "bkg_penalty": true,
  "best_fit_raw": 8831344.898898438,
  "best_fit_physical": 1044769863679.9097,
  "levels": [
    0.678,
    0.954
  ],
  "band_raw": {
    "0.678000": [
      6434138.595747467,
      13081276.184896901
    ],
    "0.954000": [
      5963116.58865297,
      19130911.840202197
    ]
  },
  "band_physical": {
    "0.678000": [
      761174450837.6304,
      1547547207465.389
    ],
    "0.954000": [
      705451386709.115,
      2263234012959.1714
    ]
  },
  "n_evaluations": 17
}