{
  "index": 2,
  "background_scenario": "b",
  "bkg_penalty": true,
  "best_fit_raw": 8831344.898898592,
  "best_fit_physical": 1044769863679.928,
  "levels": [
    0.678,
    0.954
  ],
  "band_raw": {
    "0.678000": [
      6599273.313727418,
      39451619.7315398
    ],
    "0.954000": [
      5963116.588653075,
      66536120.80533552
    ]
  },
  "band_physical": {
    "0.678000": [
      780710294898.511,
      4667223830655.024
    ],
    "0.954000": [
      705451386709.1273,
      7871387049128.975
    ]
  },
  "n_evaluations": 25
}