{
  "index": 20,
  "background_scenario": "b",
  "best_fit_raw": 51183305.88225816,
  "best_fit_physical": 918582797111.2172,
  "levels": [
    0.678,
    0.954
  ],
  "band_raw": {
    "0.678000": [
      39228644.89038887,
      65120448.051806636
    ],
    "0.954000": [
      35447082.121854484,
      73917266.56459162
    ]
  },
  "band_physical": {
    "0.678000": [
      704033429047.945,
      1168711600187.9695
    ],
    "0.954000": [
      636166017096.0326,
      1326587415668.5552
    ]
  },
  "n_evaluations": 15
}