{
  "index": 110,
  "background_scenario": "b",
  "best_fit_raw": 15438635.793378169,
  "best_fit_physical": 277075991990.16394,
  "levels": [
    0.678,
    0.954
  ],
  "band_raw": {
    "0.678000": [
      7015780.689027827,
      24057118.00194002
    ],
    "0.954000": [
      4889277.949435547,
      26623577.53284415
    ]
  },
  "band_physical": {
    "0.678000": [
      125911668622.40425,
      431751219733.47833
    ],
    "0.954000": [
      87747489874.49641,
      477811268687.60126
    ]
  },
  "n_evaluations": 23
}