{
  "index": 100,
  "background_scenario": "b",
  "best_fit_raw": 17730526.11364406,
  "best_fit_physical": 318208368744.11896,
  "levels": [
    0.678,
    0.954
  ],
  "band_raw": {
    "0.678000": [
      9530523.221589807,
      26937084.90716492
    ],
    "0.954000": [
      7981358.491011829,
      30575890.44798821
    ]
  },
  "band_physical": {
    "0.678000": [
      171043556642.4794,
      483437761073.2443
    ],
    "0.954000": [
      143240818095.77612,
      548743120198.0032
    ]
  },
  "n_evaluations": 17
}