{
  "index": 2,
  "background_scenario": "b",
  "best_fit_raw": 58317985.74990745,
  "best_fit_physical": 1046628340015.2782,
  "levels": [
    0.678,
    0.954
  ],
  "band_raw": {
    "0.678000": [
      45844072.65720307,
      222359075.50727326
    ],
    "0.954000": [
      40388216.32220263,
      425672914.3401538
    ]
  },
  "band_physical": {
    "0.678000": [
      822759995012.7633,
      3990660978648.0605
    ],
    "0.954000": [
      724844167059.5934,
      7639518580698.03
    ]
  },
  "n_evaluations": 25
}