{
  "index": 110,
  "background_scenario": "b",
  "bkg_penalty": true,
  "best_fit_raw": 2331680.462986212,
  "best_fit_physical": 275843544482.45734,
  "levels": [
    0.678,
    0.954
  ],
  "band_raw": {
    "0.678000": [
      1049600.9843306667,
      3822215.0443782024
    ],
    "0.954000": [
      571330.4100295769,
      4338540.301162099
    ]
  },
  "band_physical": {
    "0.678000": [
      124170382865.94731,
      452177458426.3396
    ],
    "0.954000": [
      67589795375.0218,
      513260008629.07166
    ]
  },
  "n_evaluations": 22
}