{
  "index": 50,
  "background_scenario": "b",
  "best_fit_raw": 36826196.67092298,
  "best_fit_physical": 660916878303.2849,
  "levels": [
    0.678,
    0.954
  ],
  "band_raw": {
    "0.678000": [
      26829985.245455347,
      49289830.243325174
    ],
    "0.954000": [
      22468832.568125896,
      53183196.141073376
    ]
  },
  "band_physical": {
    "0.678000": [
      481515651800.9524,
      884600737556.9921
    ],
    "0.954000": [
      403246384978.1737,
      954474671545.5089
    ]
  },
  "n_evaluations": 18
}