{
  "index": 30,
  "background_scenario": "b",
  "best_fit_raw": 45790298.33367212,
  "best_fit_physical": 821794911424.0742,
  "levels": [
    0.678,
    0.954
  ],
  "band_raw": {
    "0.678000": [
      35095258.53778903,
      59754170.72746268
    ],
    "0.954000": [
      30918607.60946472,
      64474106.85647851
    ]
  },
  "band_physical": {
    "0.678000": [
      629851866683.7091,
      1072403439749.6838
    ],
    "0.954000": [
      554893838354.648,
      1157111765185.9377
    ]
  },
  "n_evaluations": 15
}