{
  "index": 25,
  "background_scenario": "b",
  "bkg_penalty": true,
  "best_fit_raw": 7724833.054049888,
  "best_fit_physical": 913866785775.3402,
  "levels": [
    0.678,
    0.954
  ],
  "band_raw": {
    "0.678000": [
      5487151.666203266,
      9828294.22472898
    ],
    "0.954000": [
      4834131.342223398,
      10876795.520002648
    ]
  },
  "band_physical": {
    "0.678000": [
      649143563513.78,
      1162711425601.4324
    ],
    "0.954000": [
      571889650018.7068,
      1286751712542.0906
    ]
  },
  "n_evaluations": 18
}