{
  "index": 150,
  "background_scenario": "b",
  "best_fit_raw": 6838821.809753052,
  "best_fit_physical": 122735801423.20805,
  "levels": [
    0.678,
    0.954
  ],
  "band_raw": {
    "0.678000": [
      0.0,
      13730077.90130677
    ],
    "0.954000": [
      0.0,
      15194828.969453141
    ]
  },
  "band_physical": {
    "0.678000": [
      0.0,
      246412636810.7281
    ],
    "0.954000": [
      0.0,
      272700409944.11472
    ]
  },
  "n_evaluations": 34
}