{
  "index": 130,
  "background_scenario": "b",
  "bkg_penalty": true,
  "best_fit_raw": 1828434.8703581756,
  "best_fit_physical": 216308350780.18317,
  "levels": [
    0.678,
    0.954
  ],
  "band_raw": {
    "0.678000": [
      292120.0057683485,
      2997268.013387327
    ],
    "0.954000": [
      14227.583247261171,
      3402155.011814735
    ]
  },
  "band_physical": {
    "0.678000": [
      34558516522.53331,
      354584191831.2383
    ],
    "0.954000": [
      1683158157.6651733,
      402483321464.9971
    ]
  },
  "n_evaluations": 34
}