{
  "index": 30,
  "background_scenario": "b",
  "bkg_penalty": true,
  "best_fit_raw": 6890612.2203537095,
  "best_fit_physical": 815176405467.7598,
  "levels": [
    0.678,
    0.954
  ],
  "band_raw": {
    "0.678000": [
      5149049.647771708,
      9222703.871616073
    ],
    "0.954000": [
      4422754.746173511,
      10206599.625467662
    ]
  },
  "band_physical": {
    "0.678000": [
      609145261584.6252,
      1091068594536.5332
    ],
    "0.954000": [
      523222784994.58624,
      1207465886726.422
    ]
  },
  "n_evaluations": 18
}