{
  "index": 160,
  "background_scenario": "b",
  "best_fit_raw": 6838821.809753052,
  "best_fit_physical": 122735801423.20805,
  "levels": [
    0.678,
    0.954
  ],
  "band_raw": {
    "0.678000": [
      0.0,
      10129885.979635427
    ],
    "0.954000": [
      0.0,
      12724944.307369009
    ]
  },
  "band_physical": {
    "0.678000": [
      0.0,
      181800273296.07648
    ],
    "0.954000": [
      0.0,
      228373582625.4875
    ]
  },
  "n_evaluations": 36
}