{
  "index": 4,
  "background_scenario": "b",
  "best_fit_raw": 58317985.74990745,
  "best_fit_physical": 1046628340015.2782,
  "levels": [
    0.678,
    0.954
  ],
  "band_raw": {
    "0.678000": [
      45844072.65720307,
      132899316.4408613
    ],
    "0.954000": [
      40388216.32220263,
      220615905.96844935
    ]
  },
  "band_physical": {
    "0.678000": [
      822759995012.7633,
      2385133662746.3096
    ],
    "0.954000": [
      724844167059.5934,
      3959376450944.918
    ]
  },
  "n_evaluations": 20
}