{
  "index": 5,
  "background_scenario": "b",
  "best_fit_raw": 58317985.74990745,
  "best_fit_physical": 1046628340015.2782,
  "levels": [
    0.678,
    0.954
  ],
  "band_raw": {
    "0.678000": [
      45844072.65720307,
      108164850.13428566
    ],
    "0.954000": [
      40388216.32220263,
      173957475.7442429
    ]
  },
  "band_physical": {
    "0.678000": [
      822759995012.7633,
      1941226125839.3755
    ],
    "0.954000": [
      724844167059.5934,
      3122001244217.0796
    ]
  },
  "n_evaluations": 21
}