{
  "index": 150,
  "background_scenario": "b",
  "bkg_penalty": true,
  "best_fit_raw": 1037694.1220572914,
  "best_fit_physical": 122761771718.19772,
  "levels": [
    0.678,
    0.954
  ],
  "band_raw": {
    "0.678000": [
      0.0,
      2240718.0690972847
    ],
    "0.954000": [
      0.0,
      2511382.6114793215
    ]
  },
  "band_physical": {
    "0.678000": [
      0.0,
      265082469136.48288
    ],
    "0.954000": [
      0.0,
      297102751470.0081
    ]
  },
  "n_evaluations": 37
}