{
  "index": 120,
  "background_scenario": "b",
  "bkg_penalty": true,
  "best_fit_raw": 1852425.6212161186,
  "best_fit_physical": 219146515724.52344,
  "levels": [
    0.678,
    0.954
  ],
  "band_raw": {
    "0.678000": [
      560302.7504384299,
      3360544.709199492
    ],
    "0.954000": [
      288086.5830189671,
      3912405.8520756764
    ]
  },
  "band_physical": {
    "0.678000": [
      66285196071.10511,
      397560720129.78827
    ],
    "0.954000": [
      34081352672.1485,
      462847253224.52765
    ]
  },
  "n_evaluations": 27
}