{
  "index": 20,
  "background_scenario": "b",
  "bkg_penalty": true,
  "best_fit_raw": 7724833.0540498225,
  "best_fit_physical": 913866785775.3324,
  "levels": [
    0.678,
    0.954
  ],
  "band_raw": {
    "0.678000": [
      5772425.967980059,
      10339262.381466012
    ],
    "0.954000": [
      5085455.440269389,
      11442274.740606125
    ]
  },
  "band_physical": {
    "0.678000": [
      682892216384.975,
      1223160217667.691
    ],
    "0.954000": [
      601621910128.6859,
      1353649297789.5435
    ]
  },
  "n_evaluations": 18
}