{
  "index": 5,
  "background_scenario": "b",
  "T": 3,
  "threshold": 0.001,
  "energy_MeV": 0.454413407821229,
  "best_fit_raw": 8831344.898898438,
  "best_fit_physical": 1044769863679.9097,
  "lower_raw": 8125325.335167229,
  "upper_raw": 10071051.554540433,
  "lower_physical": 961246009521.8855,
  "upper_physical": 1191430215919.0935
}