{
  "index": 110,
  "background_scenario": "b",
  "T": 3,
  "threshold": 0.001,
  "energy_MeV": 1.3870949720670391,
  "best_fit_raw": 2331680.462986212,
  "best_fit_physical": 275843544482.45734,
  "lower_raw": 1986711.7380234532,
  "upper_raw": 2578312.0798105993,
  "lower_physical": 235032894249.7697,
  "upper_physical": 305020672500.74036
}