{
  "index": 20,
  "background_scenario": "b",
  "T": 3,
  "threshold": 0.001,
  "energy_MeV": 0.5876536312849161,
  "best_fit_raw": 7724833.0540498225,
  "best_fit_physical": 913866785775.3324,
  "lower_raw": 7257723.084068727,
  "upper_raw": 8319091.768669748,
  "lower_physical": 858606525277.3478,
  "upper_physical": 984169056083.1652
}