{
  "index": 16,
  "background_scenario": "b",
  "T": 3,
  "threshold": 0.001,
  "energy_MeV": 0.5521229050279329,
  "best_fit_raw": 7724833.0540498225,
  "best_fit_physical": 913866785775.3324,
  "lower_raw": 7545643.93517467,
  "upper_raw": 8566836.968319945,
  "lower_physical": 892668271455.79,
  "upper_physical": 1013477923693.8248
}