{
  "index": 80,
  "background_scenario": "b",
  "T": 3,
  "threshold": 0.001,
  "energy_MeV": 1.1206145251396646,
  "best_fit_raw": 3797787.6021310394,
  "best_fit_physical": 449287631814.5626,
  "lower_raw": 3375706.47552838,
  "upper_raw": 4110744.7222907944,
  "lower_physical": 399354394448.0175,
  "upper_physical": 486311230316.2753
}