{
  "index": 3,
  "background_scenario": "b",
  "T": 3,
  "threshold": 0.001,
  "energy_MeV": 0.4366480446927374,
  "best_fit_raw": 8831344.898898438,
  "best_fit_physical": 1044769863679.9097,
  "lower_raw": 8128156.418054657,
  "upper_raw": 11718253.429184388,
  "lower_physical": 961580933603.8035,
  "upper_physical": 1386298256713.165
}