{
  "index": 1,
  "background_scenario": "b",
  "T": 3,
  "threshold": 0.001,
  "energy_MeV": 0.4188826815642458,
  "best_fit_raw": 8831344.898898592,
  "best_fit_physical": 1044769863679.928,
  "lower_raw": 8126293.502865864,
  "upper_raw": 17646103.049793493,
  "lower_physical": 961360546146.3862,
  "upper_physical": 2087577474198.0674
}