{
  "index": 90,
  "background_scenario": "b",
  "T": 3,
  "threshold": 0.001,
  "energy_MeV": 1.209441340782123,
  "best_fit_raw": 3241865.6399536585,
  "best_fit_physical": 383520693789.8483,
  "lower_raw": 2860261.5398627864,
  "upper_raw": 3514406.256194872,
  "lower_physical": 338375988402.862,
  "upper_physical": 415762920283.92267
}