{
  "index": 40,
  "background_scenario": "b100",
  "best_fit_raw": 248258.57608937257,
  "best_fit_physical": 962383095676.0372,
  "levels": [
    0.678,
    0.954
  ],
  "band_raw": {
    "0.678000": [
      128869.83934508587,
      367728.7022839976
    ],
    "0.954000": [
      89809.0307815109,
      511212.75025754835
    ]
  },
  "band_physical": {
    "0.678000": [
      499568461568.6735,
      1425513238848.2068
    ],
    "0.954000": [
      348147864314.10175,
      1981734193806.0889
    ]
  },
  "n_evaluations": 24
}