{
  "index": 40,
  "background_scenario": "b100",
  "bkg_penalty": true,
  "best_fit_raw": 248258.57608937257,
  "best_fit_physical": 962383095676.0372,
  "levels": [
    0.678,
    0.954
  ],
  "band_raw": {
    "0.678000": [
      112816.16765390728,
      434935.7077896649
    ],
    "0.954000": [
      74263.81094074048,
      600824.711144547
    ]
  },
  "band_physical": {
    "0.678000": [
      437335839024.50275,
      1686043557794.2734
    ],
    "0.954000": [
      287886273238.4345,
      2329118109747.7607
    ]
  },
  "n_evaluations": 28
}