{
  "index": 100,
  "background_scenario": "a",
  "bkg_penalty": true,
  "best_fit_raw": 99352.22373134956,
  "best_fit_physical": 385142387195.7329,
  "levels": [
    0.678,
    0.954
  ],
  "band_raw": {
    "0.678000": [
      59101.09511051372,
      150940.7712559394
    ],
    "0.954000": [
      47048.328093223434,
      162863.46704301346
    ]
  },
  "band_physical": {
    "0.678000": [
      229107472403.38712,
      585127204841.1543
    ],
    "0.954000": [
      182384497446.0744,
      631345954102.9614
    ]
  },
  "n_evaluations": 17
}