{
  "index": 30,
  "background_scenario": "a",
  "bkg_penalty": true,
  "best_fit_raw": 254259.88126806414,
  "best_fit_physical": 985647366127.2085,
  "levels": [
    0.678,
    0.954
  ],
  "band_raw": {
    "0.678000": [
      210266.4216953088,
      331797.10347647994
    ],
    "0.954000": [
      189997.15993575356,
      358005.5022733473
    ]
  },
  "band_physical": {
    "0.678000": [
      815105173869.2255,
      1286223133194.336
    ],
    "0.954000": [
      736530668260.983,
      1387820912268.6882
    ]
  },
  "n_evaluations": 16
}