{
  "index": 16,
  "background_scenario": "a",
  "best_fit_raw": 321751792.35952705,
  "best_fit_physical": 1247282131590.0981,
  "levels": [
    0.678,
    0.954
  ],
  "band_raw": {
    "0.678000": [
      246601632.85180032,
      409364352.6684965
    ],
    "0.954000": [
      222829729.5383461,
      488821104.0253099
    ]
  },
  "band_physical": {
    "0.678000": [
      955959896979.5289,
      1586915300918.7405
    ],
    "0.954000": [
      863807278281.3632,
      1894932190194.7146
    ]
  },
  "n_evaluations": 18
}