{
  "index": 110,
  "background_scenario": "a",
  "best_fit_raw": 85257.91139076947,
  "best_fit_physical": 330505290039.1401,
  "levels": [
    0.678,
    0.954
  ],
  "band_raw": {
    "0.678000": [
      50554.71432952258,
      120045.68411659493
    ],
    "0.954000": [
      39487.17365528019,
      136262.09736327102
    ]
  },
  "band_physical": {
    "0.678000": [
      195977126928.93512,
      465361313685.63794
    ],
    "0.954000": [
      153073416517.88596,
      528224809589.5207
    ]
  },
  "n_evaluations": 25
}