{
  "index": 50,
  "background_scenario": "a",
  "bkg_penalty": true,
  "best_fit_raw": 222617.07471529188,
  "best_fit_physical": 862982914385.6818,
  "levels": [
    0.678,
    0.954
  ],
  "band_raw": {
    "0.678000": [
      162189.23945284018,
      269237.8483086064
    ],
    "0.954000": [
      146554.52173354328,
      290504.7395073195
    ]
  },
  "band_physical": {
    "0.678000": [
      628732287152.791,
      1043709981785.7368
    ],
    "0.954000": [
      568123754405.4623,
      1126151832978.2407
    ]
  },
  "n_evaluations": 19
}