{
  "index": 120,
  "background_scenario": "a",
  "bkg_penalty": true,
  "best_fit_raw": 66902.6630289001,
  "best_fit_physical": 259350524638.24988,
  "levels": [
    0.678,
    0.954
  ],
  "band_raw": {
    "0.678000": [
      31580.503012161484,
      106926.11436049185
    ],
    "0.954000": [
      21594.019428385316,
      121370.26593571191
    ]
  },
  "band_physical": {
    "0.678000": [
      122422929876.58617,
      414502840416.7393
    ],
    "0.954000": [
      83709975272.30067,
      470496101662.10284
    ]
  },
  "n_evaluations": 22
}