{
  "index": 13,
  "background_scenario": "a",
  "best_fit_raw": 316876.3304253729,
  "best_fit_physical": 1228382232046.0322,
  "levels": [
    0.678,
    0.954
  ],
  "band_raw": {
    "0.678000": [
      249098.13548201526,
      469367.55864534166
    ],
    "0.954000": [
      219453.22040938336,
      636182.1996320882
    ]
  },
  "band_physical": {
    "0.678000": [
      965637677169.3448,
      1819519837801.6665
    ],
    "0.954000": [
      850718121969.8417,
      2466182656568.169
    ]
  },
  "n_evaluations": 18
}