{
  "index": 100,
  "background_scenario": "a",
  "best_fit_raw": 99352.22373134956,
  "best_fit_physical": 385142387195.7329,
  "levels": [
    0.678,
    0.954
  ],
  "band_raw": {
    "0.678000": [
      63769.44529729507,
      143481.2519189139
    ],
    "0.954000": [
      53403.86795739621,
      154814.7259931722
    ]
  },
  "band_physical": {
    "0.678000": [
      247204495979.4712,
      556210115953.8102
    ],
    "0.954000": [
      207021971105.68784,
      600144726536.698
    ]
  },
  "n_evaluations": 20
}