{
  "index": 20,
  "background_scenario": "a",
  "best_fit_raw": 316876.3304251539,
  "best_fit_physical": 1228382232045.1833,
  "levels": [
    0.678,
    0.954
  ],
  "band_raw": {
    "0.678000": [
      242864.91124690633,
      364297.36687035946
    ],
    "0.954000": [
      219453.2204092317,
      403161.3093098618
    ]
  },
  "band_physical": {
    "0.678000": [
      941474364344.7861,
      1412211546517.179
    ],
    "0.954000": [
      850718121969.2538,
      1562868985322.592
    ]
  },
  "n_evaluations": 16
}