{
  "index": 0,
  "background_scenario": "a",
  "bkg_penalty": true,
  "best_fit_raw": 316876.3235168753,
  "best_fit_physical": 1228382205264.9985,
  "levels": [
    0.678,
    0.954
  ],
  "band_raw": {
    "0.678000": [
      290004.4683487072,
      18521051.491328537
    ],
    "0.954000": [
      255491.33231802052,
      27172331.698112905
    ]
  },
  "band_physical": {
    "0.678000": [
      1124212514249.008,
      71797507059668.78
    ],
    "0.954000": [
      990421129403.7847,
      105334498845075.14
    ]
  },
  "n_evaluations": 32
}