{
  "index": 2,
  "background_scenario": "a",
  "best_fit_raw": 316876.33042537415,
  "best_fit_physical": 1228382232046.0374,
  "levels": [
    0.678,
    0.954
  ],
  "band_raw": {
    "0.678000": [
      249098.13548201628,
      4365309.03094936
    ],
    "0.954000": [
      219453.22040938423,
      7065182.1662791595
    ]
  },
  "band_physical": {
    "0.678000": [
      965637677169.3489,
      16922273884609.812
    ],
    "0.954000": [
      850718121969.8451,
      27388426985302.19
    ]
  },
  "n_evaluations": 25
}