{
  "index": 150,
  "background_scenario": "a",
  "best_fit_raw": 30313.928494972628,
  "best_fit_physical": 117513009244.80997,
  "levels": [
    0.678,
    0.954
  ],
  "band_raw": {
    "0.678000": [
      0.0,
      63016.10062076643
    ],
    "0.954000": [
      0.0,
      71983.25321654974
    ]
  },
  "band_physical": {
    "0.678000": [
      0.0,
      244284128863.34106
    ],
    "0.954000": [
      0.0,
      279045611066.56866
    ]
  },
  "n_evaluations": 38
}