{
  "index": 120,
  "background_scenario": "a",
  "best_fit_raw": 66902.6630289001,
  "best_fit_physical": 259350524638.24988,
  "levels": [
    0.678,
    0.954
  ],
  "band_raw": {
    "0.678000": [
      35395.22763721208,
      104250.48434788575
    ],
    "0.954000": [
      28176.910761060317,
      118333.19750656525
    ]
  },
  "band_physical": {
    "0.678000": [
      137210843960.51361,
      404130666633.3507
    ],
    "0.954000": [
      109228784890.21309,
      458722799153.6331
    ]
  },
  "n_evaluations": 21
}