{
  "index": 80,
  "background_scenario": "a",
  "best_fit_raw": 144031.74894432904,
  "best_fit_physical": 558344137020.9767,
  "levels": [
    0.678,
    0.954
  ],
  "band_raw": {
    "0.678000": [
      99749.42307807627,
      187954.61112481222
    ],
    "0.954000": [
      87878.34596233809,
      202801.00174262057
    ]
  },
  "band_physical": {
    "0.678000": [
      386682144423.5587,
      728612656006.5525
    ],
    "0.954000": [
      340663496755.41016,
      786165211037.8778
    ]
  },
  "n_evaluations": 18
}