{
  "index": 5,
  "background_scenario": "a",
  "best_fit_raw": 324365146.7834331,
  "best_fit_physical": 1257412891865.1104,
  "levels": [
    0.678,
    0.954
  ],
  "band_raw": {
    "0.678000": [
      248604597.50797105,
      1671010806.4114857
    ],
    "0.954000": [
      219018417.8863185,
      2443795236.002447
    ]
  },
  "band_physical": {
    "0.678000": [
      963724459866.7394,
      6477732121541.957
    ],
    "0.954000": [
      849032594707.3141,
      9473458123661.031
    ]
  },
  "n_evaluations": 24
}