{
  "index": 0,
  "background_scenario": "a",
  "best_fit_raw": 316876.3235168753,
  "best_fit_physical": 1228382205264.9985,
  "levels": [
    0.678,
    0.954
  ],
  "band_raw": {
    "0.678000": [
      297447.54800591373,
      16682729.629790785
    ],
    "0.954000": [
      262048.6186556996,
      26703026.465238176
    ]
  },
  "band_physical": {
    "0.678000": [
      1153065874139.7336,
      64671187752501.16
    ],
    "0.954000": [
      1015840680358.6647,
      103515220615313.8
    ]
  },
  "n_evaluations": 31
}