{
  "index": 30,
  "background_scenario": "a",
  "best_fit_raw": 254259.88126806414,
  "best_fit_physical": 985647366127.2085,
  "levels": [
    0.678,
    0.954
  ],
  "band_raw": {
    "0.678000": [
      210266.4216953088,
      323494.4891575455
    ],
    "0.954000": [
      194873.51237300085,
      349047.0708154226
    ]
  },
  "band_physical": {
    "0.678000": [
      815105173869.2255,
      1254037756977.6294
    ],
    "0.954000": [
      755434019871.5875,
      1353093237862.8884
    ]
  },
  "n_evaluations": 16
}