{
  "index": 1,
  "background_scenario": "a",
  "bkg_penalty": true,
  "best_fit_raw": 316876.33042537415,
  "best_fit_physical": 1228382232046.0374,
  "levels": [
    0.678,
    0.954
  ],
  "band_raw": {
    "0.678000": [
      242864.91124707516,
      8290984.981068011
    ],
    "0.954000": [
      219453.22040938423,
      12010595.61404666
    ]
  },
  "band_physical": {
    "0.678000": [
      941474364345.4406,
      32140294679734.664
    ],
    "0.954000": [
      850718121969.8451,
      46559496030453.82
    ]
  },
  "n_evaluations": 27
}