{
  "index": 1,
  "background_scenario": "a",
  "best_fit_raw": 320926823.55955106,
  "best_fit_physical": 1244084111042.0737,
  "levels": [
    0.678,
    0.954
  ],
  "band_raw": {
    "0.678000": [
      239814416.33425346,
      1208331267.2219644
    ],
    "0.954000": [
      216696787.09415692,
      1208331267.2219644
    ]
  },
  "band_physical": {
    "0.678000": [
      929649013601.1082,
      4684138626222.481
    ],
    "0.954000": [
      840032711343.8772,
      4684138626222.481
    ]
  },
  "n_evaluations": 24
}