{
  "index": 90,
  "background_scenario": "a",
  "bkg_penalty": true,
  "best_fit_raw": 122363.6799684181,
  "best_fit_physical": 474347106075.0969,
  "levels": [
    0.678,
    0.954
  ],
  "band_raw": {
    "0.678000": [
      76574.0950446828,
      172291.71385053633
    ],
    "0.954000": [
      62522.486791618234,
      181249.0748568625
    ]
  },
  "band_physical": {
    "0.678000": [
      296842170766.191,
      667894884223.9297
    ],
    "0.954000": [
      242370617505.7591,
      702618408986.4849
    ]
  },
  "n_evaluations": 16
}