{
  "index": 1,
  "background_scenario": "a",
  "best_fit_raw": 316876.33042537415,
  "best_fit_physical": 1228382232046.0374,
  "levels": [
    0.678,
    0.954
  ],
  "band_raw": {
    "0.678000": [
      249098.13548201628,
      7397423.145631375
    ],
    "0.954000": [
      219453.22040938423,
      12010595.61404666
    ]
  },
  "band_physical": {
    "0.678000": [
      965637677169.3489,
      28676370818929.58
    ],
    "0.954000": [
      850718121969.8451,
      46559496030453.82
    ]
  },
  "n_evaluations": 28
}