{
  "index": 3,
  "background_scenario": "a",
  "bkg_penalty": true,
  "best_fit_raw": 316876.3304253742,
  "best_fit_physical": 1228382232046.0376,
  "levels": [
    0.678,
    0.954
  ],
  "band_raw": {
    "0.678000": [
      242864.9112470752,
      3287611.66929113
    ],
    "0.954000": [
      219453.2204093843,
      4792811.577879962
    ]
  },
  "band_physical": {
    "0.678000": [
      941474364345.4407,
      12744542184653.672
    ],
    "0.954000": [
      850718121969.8453,
      18579502533082.977
    ]
  },
  "n_evaluations": 26
}