{
  "index": 160,
  "background_scenario": "a",
  "bkg_penalty": true,
  "best_fit_raw": 30313.92849497263,
  "best_fit_physical": 117513009244.80997,
  "levels": [
    0.678,
    0.954
  ],
  "band_raw": {
    "0.678000": [
      0.0,
      50967.579535495504
    ],
    "0.954000": [
      0.0,
      59337.36155776519
    ]
  },
  "band_physical": {
    "0.678000": [
      0.0,
      197577613410.73184
    ],
    "0.954000": [
      0.0,
      230023367590.13947
    ]
  },
  "n_evaluations": 35
}