{
  "index": 160,
  "background_scenario": "a",
  "best_fit_raw": 30313.92849497263,
  "best_fit_physical": 117513009244.80997,
  "levels": [
    0.678,
    0.954
  ],
  "band_raw": {
    "0.678000": [
      0.0,
      48448.75283318756
    ],
    "0.954000": [
      0.0,
      54993.46956341135
    ]
  },
  "band_physical": {
    "0.678000": [
      0.0,
      187813293170.83035
    ],
    "0.954000": [
      0.0,
      213184117600.63
    ]
  },
  "n_evaluations": 34
}