{
  "index": 25,
  "background_scenario": "a",
  "best_fit_raw": 291338.2364630587,
  "best_fit_physical": 1129382913221.8171,
  "levels": [
    0.678,
    0.954
  ],
  "band_raw": {
    "0.678000": [
      229022.50666733747,
      343533.7600010062
    ],
    "0.954000": [
      206945.1958963552,
      370669.22829761816
    ]
  },
  "band_physical": {
    "0.678000": [
      887813796477.4757,
      1331720694716.2134
    ],
    "0.954000": [
      802230325329.5101,
      1436912291289.744
    ]
  },
  "n_evaluations": 16
}