{
  "index": 130,
  "background_scenario": "a",
  "best_fit_raw": 54007.18900840193,
  "best_fit_physical": 209360766364.64554,
  "levels": [
    0.678,
    0.954
  ],
  "band_raw": {
    "0.678000": [
      25493.367796457536,
      88531.46630053982
    ],
    "0.954000": [
      16155.65406496542,
      100490.77040571148
    ]
  },
  "band_physical": {
    "0.678000": [
      98825936270.29535,
      343195340701.46295
    ],
    "0.954000": [
      62627960800.497604,
      389556003395.0364
    ]
  },
  "n_evaluations": 23
}