{
  "index": 50,
  "background_scenario": "a",
  "best_fit_raw": 213291355.96336314,
  "best_fit_physical": 826831437875.7451,
  "levels": [
    0.678,
    0.954
  ],
  "band_raw": {
    "0.678000": [
      167669446.9845146,
      264579747.93322095
    ],
    "0.954000": [
      151506448.23936203,
      278335118.1958709
    ]
  },
  "band_physical": {
    "0.678000": [
      649976504260.446,
      1025652691963.7755
    ],
    "0.954000": [
      587320071549.0619,
      1078975868242.5822
    ]
  },
  "n_evaluations": 14
}