{
  "index": 70,
  "background_scenario": "a",
  "best_fit_raw": 166592.82936646722,
  "best_fit_physical": 645802958224.5469,
  "levels": [
    0.678,
    0.954
  ],
  "band_raw": {
    "0.678000": [
      121372.38047800152,
      211955.8223831533
    ],
    "0.954000": [
      106927.97725325999,
      228698.0502752345
    ]
  },
  "band_physical": {
    "0.678000": [
      470504298759.60767,
      821654195012.4858
    ],
    "0.954000": [
      414510061986.0295,
      886556029869.9224
    ]
  },
  "n_evaluations": 18
}