{
  "index": 8,
  "background_scenario": "a",
  "best_fit_raw": 324282182.3632533,
  "best_fit_physical": 1257091277374.3594,
  "levels": [
    0.678,
    0.954
  ],
  "band_raw": {
    "0.678000": [
      248541010.72470897,
      905084126.7481754
    ],
    "0.954000": [
      218962398.50128648,
      1323654083.2902079
    ]
  },
  "band_physical": {
    "0.678000": [
      963477963466.5594,
      3508590428044.589
    ],
    "0.954000": [
      848815433592.3418,
      5131191575925.536
    ]
  },
  "n_evaluations": 20
}