{
  "index": 20,
  "background_scenario": "a",
  "best_fit_raw": 310059741.75939035,
  "best_fit_physical": 1201957486501.867,
  "levels": [
    0.678,
    0.954
  ],
  "band_raw": {
    "0.678000": [
      243739579.5912528,
      365609369.3868792
    ],
    "0.954000": [
      220243572.4776773,
      404613278.77349544
    ]
  },
  "band_physical": {
    "0.678000": [
      944865046923.3365,
      1417297570385.005
    ],
    "0.954000": [
      853781949540.8369,
      1568497595980.2786
    ]
  },
  "n_evaluations": 16
}