{
  "index": 2,
  "background_scenario": "a",
  "bkg_penalty": true,
  "best_fit_raw": 316876.33042537415,
  "best_fit_physical": 1228382232046.0374,
  "levels": [
    0.678,
    0.954
  ],
  "band_raw": {
    "0.678000": [
      242864.91124707516,
      4831008.578456188
    ],
    "0.954000": [
      219453.22040938423,
      7246512.867684282
    ]
  },
  "band_physical": {
    "0.678000": [
      941474364345.4406,
      18727574548314.6
    ],
    "0.954000": [
      850718121969.8451,
      28091361822471.91
    ]
  },
  "n_evaluations": 25
}