{
  "index": 16,
  "background_scenario": "a",
  "bkg_penalty": true,
  "best_fit_raw": 316876.3304251539,
  "best_fit_physical": 1228382232045.1833,
  "levels": [
    0.678,
    0.954
  ],
  "band_raw": {
    "0.678000": [
      242864.91124690633,
      424121.46642109903
    ],
    "0.954000": [
      219453.2204092317,
      506442.5422129576
    ]
  },
  "band_physical": {
    "0.678000": [
      941474364344.7861,
      1644121771044.3098
    ],
    "0.954000": [
      850718121969.2538,
      1963242314664.2407
    ]
  },
  "n_evaluations": 18
}