{
  "index": 90,
  "background_scenario": "a",
  "best_fit_raw": 122363.6799684181,
  "best_fit_physical": 474347106075.0969,
  "levels": [
    0.678,
    0.954
  ],
  "band_raw": {
    "0.678000": [
      82622.62409877244,
      167980.4295280961
    ],
    "0.954000": [
      69192.50570698606,
      181249.0748568625
    ]
  },
  "band_physical": {
    "0.678000": [
      320289506230.1054,
      651182039020.6449
    ],
    "0.954000": [
      268227180260.22583,
      702618408986.4849
    ]
  },
  "n_evaluations": 17
}