{
  "index": 16,
  "background_scenario": "a",
  "best_fit_raw": 316876.3304251539,
  "best_fit_physical": 1228382232045.1833,
  "levels": [
    0.678,
    0.954
  ],
  "band_raw": {
    "0.678000": [
      242864.91124690633,
      413508.60415322543
    ],
    "0.954000": [
      219453.2204092317,
      493769.7459207714
    ]
  },
  "band_physical": {
    "0.678000": [
      941474364344.7861,
      1602980637455.9873
    ],
    "0.954000": [
      850718121969.2538,
      1914115774430.8213
    ]
  },
  "n_evaluations": 18
}