{
  "index": 140,
  "background_scenario": "a",
  "bkg_penalty": true,
  "best_fit_raw": 30313.928494972635,
  "best_fit_physical": 117513009244.80998,
  "levels": [
    0.678,
    0.954
  ],
  "band_raw": {
    "0.678000": [
      10244.1080533475,
      79159.46660000549
    ],
    "0.954000": [
      4023.8226143427773,
      90423.81030598754
    ]
  },
  "band_physical": {
    "0.678000": [
      39711644915.224434,
      306864454467.63495
    ],
    "0.954000": [
      15598489788.519413,
      350531078748.1968
    ]
  },
  "n_evaluations": 30
}