{
  "index": 3,
  "background_scenario": "a",
  "best_fit_raw": 316876.3304253742,
  "best_fit_physical": 1228382232046.0376,
  "levels": [
    0.678,
    0.954
  ],
  "band_raw": {
    "0.678000": [
      249098.1354820163,
      2942595.4536634525
    ],
    "0.954000": [
      219453.2204093843,
      4687705.987667928
    ]
  },
  "band_physical": {
    "0.678000": [
      965637677169.349,
      11407074698597.27
    ],
    "0.954000": [
      850718121969.8453,
      18172057018513.12
    ]
  },
  "n_evaluations": 26
}