{
  "index": 60,
  "background_scenario": "a",
  "best_fit_raw": 189212328.78053835,
  "best_fit_physical": 733488242703.579,
  "levels": [
    0.678,
    0.954
  ],
  "band_raw": {
    "0.678000": [
      145018832.3452578,
      234710638.07767075
    ],
    "0.954000": [
      127760288.99852207,
      253250251.41411704
    ]
  },
  "band_physical": {
    "0.678000": [
      562170600517.3846,
      909864037808.5865
    ],
    "0.954000": [
      495267250653.2041,
      981733500513.2416
    ]
  },
  "n_evaluations": 14
}