{
  "index": 50,
  "background_scenario": "a",
  "best_fit_raw": 222617.07471529188,
  "best_fit_physical": 862982914385.6818,
  "levels": [
    0.678,
    0.954
  ],
  "band_raw": {
    "0.678000": [
      166351.89058598646,
      262500.66467696993
    ],
    "0.954000": [
      150315.90163778304,
      283235.39090638224
    ]
  },
  "band_physical": {
    "0.678000": [
      644868950573.8142,
      1017593052648.0375
    ],
    "0.954000": [
      582704875804.2765,
      1097971947633.2133
    ]
  },
  "n_evaluations": 16
}