{
  "index": 25,
  "background_scenario": "a",
  "best_fit_raw": 279800108.568437,
  "best_fit_physical": 1084654954911.3876,
  "levels": [
    0.678,
    0.954
  ],
  "band_raw": {
    "0.678000": [
      225597487.77528888,
      347081305.11130923
    ],
    "0.954000": [
      209082241.80939928,
      365125890.535341
    ]
  },
  "band_physical": {
    "0.678000": [
      874536590364.3944,
      1345472878020.748
    ],
    "0.954000": [
      810514658921.5015,
      1415423347624.3389
    ]
  },
  "n_evaluations": 13
}