{
  "index": 60,
  "background_scenario": "a",
  "bkg_penalty": true,
  "best_fit_raw": 196741.84484374413,
  "best_fit_physical": 762676676360.1138,
  "levels": [
    0.678,
    0.954
  ],
  "band_raw": {
    "0.678000": [
      139750.89612846452,
      244050.7140177586
    ],
    "0.954000": [
      123119.284498631,
      263328.0927911723
    ]
  },
  "band_physical": {
    "0.678000": [
      541749260622.4991,
      946071170463.0295
    ],
    "0.954000": [
      477276233593.4604,
      1020800606814.0972
    ]
  },
  "n_evaluations": 17
}