{
  "index": 5,
  "background_scenario": "a",
  "best_fit_raw": 316876.3304253742,
  "best_fit_physical": 1228382232046.0376,
  "levels": [
    0.678,
    0.954
  ],
  "band_raw": {
    "0.678000": [
      249098.1354820163,
      1671701.4332319885
    ],
    "0.954000": [
      219453.2204093843,
      2539526.948182989
    ]
  },
  "band_physical": {
    "0.678000": [
      965637677169.349,
      6480409360684.88
    ],
    "0.954000": [
      850718121969.8453,
      9844565470581.086
    ]
  },
  "n_evaluations": 25
}