{
  "index": 4,
  "background_scenario": "a",
  "best_fit_raw": 324399020.1636478,
  "best_fit_physical": 1257544203214.0496,
  "levels": [
    0.678,
    0.954
  ],
  "band_raw": {
    "0.678000": [
      248630559.23085657,
      2191058935.5767016
    ],
    "0.954000": [
      219041289.93103927,
      3392364018.2418547
    ]
  },
  "band_physical": {
    "0.678000": [
      963825101397.9736,
      8493716972217.885
    ],
    "0.954000": [
      849121258992.5507,
      13150618347058.803
    ]
  },
  "n_evaluations": 24
}