{
  "index": 130,
  "background_scenario": "a",
  "bkg_penalty": true,
  "best_fit_raw": 54007.18900840193,
  "best_fit_physical": 209360766364.64554,
  "levels": [
    0.678,
    0.954
  ],
  "band_raw": {
    "0.678000": [
      20882.021899711035,
      93134.17345546008
    ],
    "0.954000": [
      11366.732989314638,
      105715.23586728712
    ]
  },
  "band_physical": {
    "0.678000": [
      80949891828.04308,
      361037896757.4027
    ],
    "0.954000": [
      44063539936.04429,
      409808827379.4681
    ]
  },
  "n_evaluations": 22
}