{
  "index": 3,
  "background_scenario": "a",
  "best_fit_raw": 324441260.3004787,
  "best_fit_physical": 1257707948589.0754,
  "levels": [
    0.678,
    0.954
  ],
  "band_raw": {
    "0.678000": [
      248662933.5235932,
      468547521.67337894
    ],
    "0.954000": [
      219069811.39221272,
      468547521.67337894
    ]
  },
  "band_physical": {
    "0.678000": [
      963950601481.6161,
      1816340935658.273
    ],
    "0.954000": [
      849231823439.2242,
      1816340935658.273
    ]
  },
  "n_evaluations": 13
}