{
  "index": 150,
  "background_scenario": "a",
  "bkg_penalty": true,
  "best_fit_raw": 30313.928494972628,
  "best_fit_physical": 117513009244.80997,
  "levels": [
    0.678,
    0.954
  ],
  "band_raw": {
    "0.678000": [
      0.0,
      66713.59731736535
    ],
    "0.954000": [
      0.0,
      76206.90143274746
    ]
  },
  "band_physical": {
    "0.678000": [
      0.0,
      258617604762.45267
    ],
    "0.954000": [
      0.0,
      295418731823.8859
    ]
  },
  "n_evaluations": 39
}