{
  "index": 70,
  "background_scenario": "a",
  "bkg_penalty": true,
  "best_fit_raw": 166592.82936646722,
  "best_fit_physical": 645802958224.5469,
  "levels": [
    0.678,
    0.954
  ],
  "band_raw": {
    "0.678000": [
      115374.13618904605,
      217395.75259798567
    ],
    "0.954000": [
      101643.57790010422,
      234567.67640664848
    ]
  },
  "band_physical": {
    "0.678000": [
      447251893955.07855,
      842742275685.7887
    ],
    "0.954000": [
      394024902164.41,
      909309841866.2402
    ]
  },
  "n_evaluations": 18
}