{
  "index": 4,
  "background_scenario": "a",
  "bkg_penalty": true,
  "best_fit_raw": 316876.3304253742,
  "best_fit_physical": 1228382232046.0376,
  "levels": [
    0.678,
    0.954
  ],
  "band_raw": {
    "0.678000": [
      242864.9112470752,
      2398777.6425030455
    ],
    "0.954000": [
      219453.2204093843,
      3508128.9435626655
    ]
  },
  "band_physical": {
    "0.678000": [
      941474364345.4407,
      9298945840241.494
    ],
    "0.954000": [
      850718121969.8453,
      13599385148818.111
    ]
  },
  "n_evaluations": 24
}