{
  "index": 20,
  "background_scenario": "a",
  "bkg_penalty": true,
  "best_fit_raw": 316876.3304251539,
  "best_fit_physical": 1228382232045.1833,
  "levels": [
    0.678,
    0.954
  ],
  "band_raw": {
    "0.678000": [
      236787.66202273325,
      364297.36687035946
    ],
    "0.954000": [
      213961.80583383254,
      413508.60415322543
    ]
  },
  "band_physical": {
    "0.678000": [
      917915694132.1245,
      1412211546517.179
    ],
    "0.954000": [
      829430460362.7092,
      1602980637455.9873
    ]
  },
  "n_evaluations": 16
}