{
  "index": 2,
  "background_scenario": "a",
  "best_fit_raw": 324541234.1659355,
  "best_fit_physical": 1258095500792.2686,
  "levels": [
    0.678,
    0.954
  ],
  "band_raw": {
    "0.678000": [
      248739556.93036073,
      1393582574.9935641
    ],
    "0.954000": [
      219137315.92548168,
      1393582574.9935641
    ]
  },
  "band_physical": {
    "0.678000": [
      964247634811.0092,
      5402271831768.158
    ],
    "0.954000": [
      849493507135.0018,
      5402271831768.158
    ]
  },
  "n_evaluations": 16
}