{
  "index": 13,
  "background_scenario": "a",
  "best_fit_raw": 324156927.9727069,
  "best_fit_physical": 1256605724327.13,
  "levels": [
    0.678,
    0.954
  ],
  "band_raw": {
    "0.678000": [
      248445011.4545757,
      480151817.26031655
    ],
    "0.954000": [
      218877824.00639138,
      650799216.1699951
    ]
  },
  "band_physical": {
    "0.678000": [
      963105818921.8318,
      1861325395353.5403
    ],
    "0.954000": [
      848487577590.3679,
      2522846034917.0176
    ]
  },
  "n_evaluations": 18
}