{
  "index": 40,
  "background_scenario": "a",
  "bkg_penalty": true,
  "best_fit_raw": 248255.324261755,
  "best_fit_physical": 962370489851.9868,
  "levels": [
    0.678,
    0.954
  ],
  "band_raw": {
    "0.678000": [
      185510.22014729248,
      292732.2071393249
    ],
    "0.954000": [
      167627.4066151969,
      315854.899727684
    ]
  },
  "band_physical": {
    "0.678000": [
      719136888469.9613,
      1134786689541.8093
    ],
    "0.954000": [
      649813533291.2065,
      1224422620046.54
    ]
  },
  "n_evaluations": 16
}