{
  "index": 80,
  "background_scenario": "a",
  "bkg_penalty": true,
  "best_fit_raw": 144031.74894432904,
  "best_fit_physical": 558344137020.9767,
  "levels": [
    0.678,
    0.954
  ],
  "band_raw": {
    "0.678000": [
      97253.37660968932,
      192778.54073702465
    ],
    "0.954000": [
      81445.06289276248,
      208005.9698561346
    ]
  },
  "band_physical": {
    "0.678000": [
      377006132561.1016,
      747312788693.4209
    ],
    "0.954000": [
      315724648827.6368,
      806342452867.2814
    ]
  },
  "n_evaluations": 18
}