{
  "index": 4,
  "background_scenario": "a",
  "best_fit_raw": 316876.3304253742,
  "best_fit_physical": 1228382232046.0376,
  "levels": [
    0.678,
    0.954
  ],
  "band_raw": {
    "0.678000": [
      249098.1354820163,
      2181316.0935382424
    ],
    "0.954000": [
      219453.2204093843,
      3377279.40950312
    ]
  },
  "band_physical": {
    "0.678000": [
      965637677169.349,
      8455948502627.214
    ],
    "0.954000": [
      850718121969.8453,
      13092142331109.13
    ]
  },
  "n_evaluations": 24
}