{
  "index": 40,
  "background_scenario": "a",
  "best_fit_raw": 248255.324261755,
  "best_fit_physical": 962370489851.9868,
  "levels": [
    0.678,
    0.954
  ],
  "band_raw": {
    "0.678000": [
      190271.4134959479,
      292732.2071393249
    ],
    "0.954000": [
      176342.27259481742,
      307951.20983495243
    ]
  },
  "band_physical": {
    "0.678000": [
      737593821826.1794,
      1134786689541.8093
    ],
    "0.954000": [
      683597017559.8413,
      1193783688388.8794
    ]
  },
  "n_evaluations": 16
}