{
  "index": 13,
  "background_scenario": "a",
  "bkg_penalty": true,
  "best_fit_raw": 316876.3304253729,
  "best_fit_physical": 1228382232046.0322,
  "levels": [
    0.678,
    0.954
  ],
  "band_raw": {
    "0.678000": [
      242864.91124707414,
      519440.59084668
    ],
    "0.954000": [
      219453.22040938336,
      669256.997604362
    ]
  },
  "band_physical": {
    "0.678000": [
      941474364345.4366,
      2013629707031.1663
    ],
    "0.954000": [
      850718121969.8417,
      2594398273377.1426
    ]
  },
  "n_evaluations": 17
}