{
  "index": 8,
  "background_scenario": "a",
  "bkg_penalty": true,
  "best_fit_raw": 316876.33042537427,
  "best_fit_physical": 1228382232046.0378,
  "levels": [
    0.678,
    0.954
  ],
  "band_raw": {
    "0.678000": [
      242864.91124707524,
      978765.1020158038
    ],
    "0.954000": [
      219453.22040938432,
      1360669.41892173
    ]
  },
  "band_physical": {
    "0.678000": [
      941474364345.4409,
      3794217318311.464
    ],
    "0.954000": [
      850718121969.8455,
      5274682825467.417
    ]
  },
  "n_evaluations": 20
}