{
  "index": 30,
  "background_scenario": "a",
  "best_fit_raw": 260849834.60523903,
  "best_fit_physical": 1011193551853.7706,
  "levels": [
    0.678,
    0.954
  ],
  "band_raw": {
    "0.678000": [
      210318243.5297304,
      323574216.951067
    ],
    "0.954000": [
      194921540.50231382,
      349133096.2462227
    ]
  },
  "band_physical": {
    "0.678000": [
      815306063031.7263,
      1254346824571.3828
    ],
    "0.954000": [
      755620202602.8987,
      1353426718468.8933
    ]
  },
  "n_evaluations": 13
}