{
  "index": 5,
  "background_scenario": "a",
  "bkg_penalty": true,
  "best_fit_raw": 316876.3304253742,
  "best_fit_physical": 1228382232046.0376,
  "levels": [
    0.678,
    0.954
  ],
  "band_raw": {
    "0.678000": [
      242864.9112470752,
      1803747.8476593057
    ],
    "0.954000": [
      219453.2204093843,
      2637918.546155717
    ]
  },
  "band_physical": {
    "0.678000": [
      941474364345.4407,
      6992291927205.901
    ],
    "0.954000": [
      850718121969.8453,
      10225983958260.715
    ]
  },
  "n_evaluations": 25
}