{
  "index": 8,
  "background_scenario": "a",
  "best_fit_raw": 316876.33042537427,
  "best_fit_physical": 1228382232046.0378,
  "levels": [
    0.678,
    0.954
  ],
  "band_raw": {
    "0.678000": [
      249098.13548201637,
      907112.9459478201
    ],
    "0.954000": [
      219453.22040938432,
      1326621.1608673115
    ]
  },
  "band_physical": {
    "0.678000": [
      965637677169.3491,
      3516455216978.2783
    ],
    "0.954000": [
      850718121969.8455,
      5142693556436.116
    ]
  },
  "n_evaluations": 20
}