{
  "index": 60,
  "background_scenario": "a",
  "best_fit_raw": 196741.84484374413,
  "best_fit_physical": 762676676360.1138,
  "levels": [
    0.678,
    0.954
  ],
  "band_raw": {
    "0.678000": [
      143337.6582841408,
      237943.79225286245
    ],
    "0.954000": [
      132844.3823789801,
      256738.7899585734
    ]
  },
  "band_physical": {
    "0.678000": [
      555653470181.7722,
      922397473603.3635
    ],
    "0.954000": [
      514975917331.5704,
      995256942791.3867
    ]
  },
  "n_evaluations": 15
}