{
  "index": 110,
  "background_scenario": "a",
  "bkg_penalty": true,
  "best_fit_raw": 85257.91139076947,
  "best_fit_physical": 330505290039.1401,
  "levels": [
    0.678,
    0.954
  ],
  "band_raw": {
    "0.678000": [
      45106.17432741009,
      126286.7998722636
    ],
    "0.954000": [
      33917.343324208545,
      139759.318115447
    ]
  },
  "band_physical": {
    "0.678000": [
      174855670112.63538,
      489555218267.0073
    ],
    "0.954000": [
      131481773478.4233,
      541781908751.0416
    ]
  },
  "n_evaluations": 24
}