{
  "index": 140,
  "background_scenario": "a",
  "best_fit_raw": 30313.928494972635,
  "best_fit_physical": 117513009244.80998,
  "levels": [
    0.678,
    0.954
  ],
  "band_raw": {
    "0.678000": [
      13645.750218494184,
      74772.17708141339
    ],
    "0.954000": [
      7427.805598396181,
      85412.2121709062
    ]
  },
  "band_physical": {
    "0.678000": [
      52898230324.8559,
      289856972450.13684
    ],
    "0.954000": [
      28794149464.914803,
      331103442436.5008
    ]
  },
  "n_evaluations": 26
}