{
  "index": 40,
  "background_scenario": "a",
  "best_fit_raw": 237400305.38544604,
  "best_fit_physical": 920290627660.0629,
  "levels": [
    0.678,
    0.954
  ],
  "band_raw": {
    "0.678000": [
      191411335.63550207,
      287117003.45325315
    ],
    "0.954000": [
      172959666.39387614,
      309796155.407929
    ]
  },
  "band_physical": {
    "0.678000": [
      742012770064.6437,
      1113019155096.9656
    ],
    "0.954000": [
      670484225734.503,
      1200935684746.241
    ]
  },
  "n_evaluations": 16
}