{
  "index": 25,
  "background_scenario": "a",
  "bkg_penalty": true,
  "best_fit_raw": 291338.2364630587,
  "best_fit_physical": 1129382913221.8171,
  "levels": [
    0.678,
    0.954
  ],
  "band_raw": {
    "0.678000": [
      223291.63824416185,
      352350.6901510363
    ],
    "0.954000": [
      206945.1958963552,
      380182.60099978314
    ]
  },
  "band_physical": {
    "0.678000": [
      865597883614.0171,
      1365899834328.658
    ],
    "0.954000": [
      802230325329.5101,
      1473791214933.1853
    ]
  },
  "n_evaluations": 16
}